"","quad","year","trackID","area.t1","area.t0","age","allEdge","distEdgeMin","Group","Grazing"
"1","q21",37,7,32.74408,23.94982,1,1,-0.053023025393486,"lb1","No"
"2","q21",40,12,16.86189,12.61773,1,0,13.4485931396484,"lb1","No"
"3","q21",40,13,24.69319,12.39471,1,0,15.5029678344727,"lb1","No"
"4","q21",40,17,15.55598,13.67272,1,0,19.1975021362305,"lb1","No"
"5","q21",40,19,13.069055,6.923669,1,0,20.0617904663086,"lb1","No"
"6","q21",40,20,19.92944,2.100275,1,0,21.5356750488281,"lb1","No"
"7","q21",40,21,6.742374,5.454968,1,0,16.4496459960938,"lb1","No"
"8","q21",40,7,18.21828,8.951324,4,0,4.96682024002075,"lb1","No"
"9","q21",40,8,26.21659,10.82159,1,0,1.35154724121094,"lb1","No"
"10","q21",40,9,13.27651,3.890927,1,1,1.80271148681641,"lb1","No"
"11","q21",41,12,148.9904,16.86189,2,0,14.9113693237305,"lb1","No"
"12","q21",41,17,120.1271,15.55598,2,0,20.3862838745117,"lb1","No"
"13","q21",41,19,58.76305,13.069055,2,0,21.5877075195312,"lb1","No"
"14","q21",41,20,45.26533,19.92944,2,0,15.1023979187012,"lb1","No"
"15","q21",41,21,57.17618,6.742374,2,0,16.1682586669922,"lb1","No"
"16","q21",41,23,59.97174,13.6442,1,1,0.00728607177734375,"lb1","No"
"17","q21",41,7,80.06492,18.21828,5,0,4.34869003295898,"lb1","No"
"18","q21",41,9,64.684098,13.27651,2,0,2.19196319580078,"lb1","No"
"19","q21",42,11,33.06819,45.49834,3,0,10.7513122558594,"lb1","No"
"20","q21",42,12,44.66387,148.9904,3,0,12.0570983886719,"lb1","No"
"21","q21",42,16,48.98088,24.89017,3,0,25.9427719116211,"lb1","No"
"22","q21",42,17,66.11322,120.1271,3,0,19.1229934692383,"lb1","No"
"23","q21",42,18,117.36423,84.54996,3,0,29.2023544311523,"lb1","No"
"24","q21",42,19,37.38192,58.76305,3,0,20.1049728393555,"lb1","No"
"25","q21",42,20,61.95958,45.26533,3,0,13.7997913360596,"lb1","No"
"26","q21",42,21,55.68511,57.17618,3,0,14.5900421142578,"lb1","No"
"27","q21",42,23,65.02607,59.97174,2,0,0.435661315917969,"lb1","No"
"28","q21",42,7,35.93612,80.06492,6,0,3.51968479156494,"lb1","No"
"29","q21",42,9,48.735547,64.684098,3,0,1.82112121582031,"lb1","No"
"30","q21",43,11,36.38481,33.06819,4,0,8.60982513427734,"lb1","No"
"31","q21",43,12,91.35139,44.66387,4,0,11.9553756713867,"lb1","No"
"32","q21",43,16,40.25068,48.98088,4,0,22.8761291503906,"lb1","No"
"33","q21",43,18,107.60414,117.36423,4,0,16.8680572509766,"lb1","No"
"34","q21",43,19,50.26379,37.38192,4,0,18.1387176513672,"lb1","No"
"35","q21",43,20,39.45012,61.95958,4,0,8.56161785125732,"lb1","No"
"36","q21",43,21,204.0113,55.68511,4,0,10.0321884155273,"lb1","No"
"37","q21",43,24,13.3649,15.23958,1,0,2.03443932533264,"lb1","No"
"38","q21",43,7,53.67698,35.93612,7,0,2.99789690971375,"lb1","No"
"39","q21",43,8,65.9358,42.08963,4,0,0.00722503662109375,"lb1","No"
"40","q21",43,9,84.63659,48.735547,4,0,0.0512771606445312,"lb1","No"
"41","q21",44,11,51.36433,36.38481,5,0,7.79916381835938,"lb1","No"
"42","q21",44,12,68.79275,91.35139,5,0,11.2067794799805,"lb1","No"
"43","q21",44,18,156.37857,107.60414,5,0,10.9962158203125,"lb1","No"
"44","q21",44,19,28.30066,50.26379,5,0,19.0277786254883,"lb1","No"
"45","q21",44,20,71.308229,39.45012,5,0,8.90280151367188,"lb1","No"
"46","q21",44,21,127.9049,204.0113,5,0,4.85966491699219,"lb1","No"
"47","q21",44,26,16.30665,16.72898,1,1,-0.0793914794921875,"lb1","No"
"48","q21",44,7,65.20275,53.67698,8,0,3.58992528915405,"lb1","No"
"49","q21",44,8,36.19472,65.9358,5,0,0.0167770385742188,"lb1","No"
"50","q21",45,11,92.32926,51.36433,6,0,8.07548522949219,"lb1","No"
"51","q21",45,12,161.11806,68.79275,6,0,11.5021591186523,"lb1","No"
"52","q21",45,18,203.60124,156.37857,6,0,6.83985137939453,"lb1","No"
"53","q21",45,19,40.97149,28.30066,6,0,19.5466079711914,"lb1","No"
"54","q21",45,20,86.60283,71.308229,6,0,8.50992488861084,"lb1","No"
"55","q21",45,21,121.4433,127.9049,6,0,5.32408142089844,"lb1","No"
"56","q21",45,23,32.564871,5.178696,5,0,6.61637878417969,"lb1","No"
"57","q21",45,26,45.17679,16.30665,2,1,0.250617980957031,"lb1","No"
"58","q21",45,7,90.86674,65.20275,9,0,1.81819486618042,"lb1","No"
"59","q21",45,8,44.25374,36.19472,6,0,-0.112060546875,"lb1","No"
"60","q21",46,11,153.6344,92.32926,7,0,5.45452880859375,"lb1","No"
"61","q21",46,12,220.50347,161.11806,7,0,2.69693756103516,"lb1","No"
"62","q21",46,16,80.74516,61.22118,7,0,23.7295837402344,"lb1","No"
"63","q21",46,18,275.0002,203.60124,7,0,7.80423736572266,"lb1","No"
"64","q21",46,19,35.92545,40.97149,7,0,16.6672821044922,"lb1","No"
"65","q21",46,20,85.20576,86.60283,7,0,9.17465591430664,"lb1","No"
"66","q21",46,21,199.96473,121.4433,7,0,4.09275817871094,"lb1","No"
"67","q21",46,24,57.62706,34.31045,4,0,1.64931499958038,"lb1","No"
"68","q21",46,7,83.94311,90.86674,10,0,0.171644762158394,"lb1","No"
"69","q21",46,8,98.5202,44.25374,7,0,-0.083740234375,"lb1","No"
"70","q21",46,9,181.474637,92.855958,7,0,-0.315971374511719,"lb1","No"
"71","q21",47,11,194.311519,153.6344,8,0,6.31867218017578,"lb1","No"
"72","q21",47,12,105.531402,220.50347,8,0,0.692146301269531,"lb1","No"
"73","q21",47,16,84.18064,80.74516,8,0,23.5122680664062,"lb1","No"
"74","q21",47,18,276.6392,275.0002,8,0,13.1694488525391,"lb1","No"
"75","q21",47,20,178.2868,85.20576,8,0,6.75915241241455,"lb1","No"
"76","q21",47,21,222.0582,199.96473,8,0,2.30216979980469,"lb1","No"
"77","q21",47,24,40.17078,57.62706,5,0,2.93003535270691,"lb1","No"
"78","q21",47,7,74.772,83.94311,11,0,0.134583011269569,"lb1","No"
"79","q21",47,8,76.89815,98.5202,8,0,-0.0437164306640625,"lb1","No"
"80","q21",47,9,132.553302,181.474637,8,0,-0.210281372070312,"lb1","No"
"81","q21",48,11,150.0734,194.311519,9,0,5.45894622802734,"lb1","No"
"82","q21",48,12,181.54759,105.531402,9,0,4.09549713134766,"lb1","No"
"83","q21",48,16,71.62491,84.18064,9,0,23.7715759277344,"lb1","No"
"84","q21",48,18,230.9272,276.6392,9,0,13.5218734741211,"lb1","No"
"85","q21",48,20,147.6003,178.2868,9,0,7.2613730430603,"lb1","No"
"86","q21",48,21,205.59396,222.0582,9,0,3.02087664604187,"lb1","No"
"87","q21",48,24,41.09076,40.17078,6,0,1.95638632774353,"lb1","No"
"88","q21",48,26,43.94467,42.63718,5,0,-0.130386352539062,"lb1","No"
"89","q21",48,29,30.65276,17.19372,1,0,46.1606788635254,"lb1","No"
"90","q21",48,30,21.36736,21.01181,1,0,39.0368041992188,"lb1","No"
"91","q21",48,7,83.22653,74.772,12,0,-0.09833974391222,"lb1","No"
"92","q21",48,8,70.36552,76.89815,9,0,0.0186309814453125,"lb1","No"
"93","q21",48,9,156.62004,132.553302,9,0,0.122749328613281,"lb1","No"
"94","q21",49,11,179.883,150.0734,10,0,6.84352874755859,"lb1","No"
"95","q21",49,12,157.07834,181.54759,10,0,2.55843353271484,"lb1","No"
"96","q21",49,16,135.0638,71.62491,10,0,22.4084014892578,"lb1","No"
"97","q21",49,18,304.2322,230.9272,10,0,12.1200180053711,"lb1","No"
"98","q21",49,20,166.47,147.6003,10,0,5.05817413330078,"lb1","No"
"99","q21",49,21,187.96591,205.59396,10,0,3.32101464271545,"lb1","No"
"100","q21",49,24,30.41131,41.09076,7,0,0.895554721355438,"lb1","No"
"101","q21",49,26,44.81048,43.94467,6,0,-0.151878356933594,"lb1","No"
"102","q21",49,29,68.243,30.65276,2,0,44.3651313781738,"lb1","No"
"103","q21",49,30,64.7226,21.36736,2,0,38.1807250976562,"lb1","No"
"104","q21",49,7,59.26305,83.22653,13,0,0.723902225494385,"lb1","No"
"105","q21",49,8,123.7128,70.36552,10,0,0.0183334350585938,"lb1","No"
"106","q21",49,9,179.18671,156.62004,10,0,0.120697021484375,"lb1","No"
"107","q21",50,11,221.98857,179.883,11,0,6.80664825439453,"lb1","No"
"108","q21",50,12,57.16997,157.07834,11,0,0.728080749511719,"lb1","No"
"109","q21",50,16,71.32917,135.0638,11,0,23.5143890380859,"lb1","No"
"110","q21",50,18,197.05357,304.2322,11,0,11.5460662841797,"lb1","No"
"111","q21",50,20,86.7606,166.47,11,0,1.61698257923126,"lb1","No"
"112","q21",50,21,261.1350792,187.96591,11,0,0.76658570766449,"lb1","No"
"113","q21",50,24,39.3545,30.41131,8,0,6.10552930831909,"lb1","No"
"114","q21",50,26,15.74664,44.81048,7,0,0.596611022949219,"lb1","No"
"115","q21",50,29,37.28543,68.243,3,0,40.0037879943848,"lb1","No"
"116","q21",50,30,30.67334,64.7226,3,0,38.2167663574219,"lb1","No"
"117","q21",50,31,30.69226,31.535775,3,0,-0.410605669021606,"lb1","No"
"118","q21",50,7,61.68293,59.26305,14,0,0.380360454320908,"lb1","No"
"119","q21",50,8,75.31445,123.7128,11,0,-0.150230407714844,"lb1","No"
"120","q21",50,9,111.387581,179.18671,11,0,-0.889373779296875,"lb1","No"
"121","q21",51,11,253.2338067,221.98857,12,0,5.33395385742188,"lb1","No"
"122","q21",51,12,117.7523,57.16997,12,0,2.89729309082031,"lb1","No"
"123","q21",51,16,93.36205,71.32917,12,0,21.2618408203125,"lb1","No"
"124","q21",51,18,186.1588,197.05357,12,0,11.5540771484375,"lb1","No"
"125","q21",51,20,106.93252,86.7606,12,0,10.9735021591187,"lb1","No"
"126","q21",51,21,70.41221,261.1350792,12,0,0.584304809570312,"lb1","No"
"127","q21",51,24,25.48101,39.3545,9,0,-0.443454146385193,"lb1","No"
"128","q21",51,26,30.47759,15.74664,8,1,-0.0306396484375,"lb1","No"
"129","q21",51,29,77.9440357,37.28543,4,0,45.6891632080078,"lb1","No"
"130","q21",51,30,38.7887585,30.67334,4,0,39.1596755981445,"lb1","No"
"131","q21",51,31,103.5972,30.69226,4,1,0.255870968103409,"lb1","No"
"132","q21",51,32,33.09109,55.91819,4,0,0.00244166841730475,"lb1","No"
"133","q21",51,36,25.54877,4.142547,1,0,17.6655044555664,"lb1","No"
"134","q21",51,37,16.81026,9.992653,1,0,2.95136308670044,"lb1","No"
"135","q21",51,38,10.44833,4.927645,1,0,31.1108055114746,"lb1","No"
"136","q21",51,7,75.03025,61.68293,15,0,2.2766580581665,"lb1","No"
"137","q21",51,8,102.8812766,75.31445,12,0,0.00606536865234375,"lb1","No"
"138","q21",51,9,330.1849725,111.387581,12,0,-0.0564739443361759,"lb1","No"
"139","q21",52,11,212.328385,253.2338067,13,0,5.50231170654297,"lb1","No"
"140","q21",52,12,90.22225,117.7523,13,0,1.24782562255859,"lb1","No"
"141","q21",52,16,91.73754,93.36205,13,0,21.4395599365234,"lb1","No"
"142","q21",52,18,295.26841,186.1588,13,0,11.9743041992188,"lb1","No"
"143","q21",52,20,76.819587,106.93252,13,0,8.34038543701172,"lb1","No"
"144","q21",52,21,68.78559,70.41221,13,0,5.57501983642578,"lb1","No"
"145","q21",52,29,86.26105,77.9440357,5,0,40.6456527709961,"lb1","No"
"146","q21",52,30,48.78994,38.7887585,5,0,35.5296859741211,"lb1","No"
"147","q21",52,31,77.267789,103.5972,5,0,-0.444525599479675,"lb1","No"
"148","q21",52,32,22.13757,33.09109,5,0,-0.0956302732229233,"lb1","No"
"149","q21",52,34,32.6278,73.13472,3,0,-0.660181879997253,"lb1","No"
"150","q21",52,37,27.40161,16.81026,2,0,1.78848826885223,"lb1","No"
"151","q21",52,7,39.27295,75.03025,16,0,2.58084225654602,"lb1","No"
"152","q21",52,8,83.90455,102.8812766,13,0,-0.178581237792969,"lb1","No"
"153","q21",52,9,325.38392,330.1849725,13,0,-0.611671447753906,"lb1","No"
"154","q21",53,11,121.745007,212.328385,14,0,3.79531097412109,"lb1","No"
"155","q21",53,12,44.922427,90.22225,14,0,0.184524536132812,"lb1","No"
"156","q21",53,18,207.67853,295.26841,14,0,9.08988189697266,"lb1","No"
"157","q21",53,20,105.60328,76.819587,14,0,10.2464942932129,"lb1","No"
"158","q21",53,21,16.21339,68.78559,14,0,3.21236205101013,"lb1","No"
"159","q21",53,29,62.130149,86.26105,6,0,43.1773567199707,"lb1","No"
"160","q21",53,30,62.28639,48.78994,6,0,35.4701499938965,"lb1","No"
"161","q21",53,31,114.65731,77.267789,6,0,0.152835726737976,"lb1","No"
"162","q21",53,32,18.92969,22.13757,6,0,1.09544742107391,"lb1","No"
"163","q21",53,34,38.10244,32.6278,4,0,0.297117620706558,"lb1","No"
"164","q21",53,37,26.65543,27.40161,3,0,1.08627533912659,"lb1","No"
"165","q21",53,7,51.62531,39.27295,17,0,6.11078310012817,"lb1","No"
"166","q21",53,8,107.3143,83.90455,14,0,-0.0666427612304688,"lb1","No"
"167","q21",53,9,317.64629,325.38392,14,0,-0.456194341182709,"lb1","No"
"168","q21",54,11,100.924181,121.745007,15,0,7.0799560546875,"lb1","No"
"169","q21",54,12,22.258597,44.922427,15,0,-0.029693603515625,"lb1","No"
"170","q21",54,18,239.813712,207.67853,15,0,13.8696823120117,"lb1","No"
"171","q21",54,20,76.733762,105.60328,15,0,6.38202953338623,"lb1","No"
"172","q21",54,21,33.39357,16.21339,15,0,20.4812774658203,"lb1","No"
"173","q21",54,26,2.899262,5.306009,11,1,-0.0244064331054688,"lb1","No"
"174","q21",54,29,87.473359,62.130149,7,0,36.5193023681641,"lb1","No"
"175","q21",54,30,48.9266,62.28639,7,0,32.054817199707,"lb1","No"
"176","q21",54,31,175.15199,114.65731,7,0,0.223306924104691,"lb1","No"
"177","q21",54,32,25.10104,18.92969,7,1,0.0019758369307965,"lb1","No"
"178","q21",54,34,15.58248,38.10244,5,0,0.392317801713943,"lb1","No"
"179","q21",54,35,7.051533,6.279575,4,0,6.37178993225098,"lb1","No"
"180","q21",54,36,21.017202,17.86854,4,0,18.1387710571289,"lb1","No"
"181","q21",54,37,55.44404,26.65543,4,0,2.49092745780945,"lb1","No"
"182","q21",54,40,15.396774,8.133623,3,0,34.2080001831055,"lb1","No"
"183","q21",54,43,3.721301,5.323595,1,0,12.4599723815918,"lb1","No"
"184","q21",54,44,4.899311,5.295709,1,0,26.6561660766602,"lb1","No"
"185","q21",54,45,5.467085,4.275749,1,0,14.5849533081055,"lb1","No"
"186","q21",54,7,98.38534,51.62531,18,0,4.61902618408203,"lb1","No"
"187","q21",54,8,25.635768,107.3143,15,0,0.00060272216796875,"lb1","No"
"188","q21",54,9,153.72346,317.64629,15,0,0.016326904296875,"lb1","No"
"189","q21",55,11,106.496611,100.924181,16,0,6.45124816894531,"lb1","No"
"190","q21",55,12,42.44539,22.258597,16,0,3.70585632324219,"lb1","No"
"191","q21",55,18,206.2886627,239.813712,16,0,5.45802307128906,"lb1","No"
"192","q21",55,20,78.042959,76.733762,16,0,8.70250701904297,"lb1","No"
"193","q21",55,21,23.451227,33.39357,16,0,14.1148071289062,"lb1","No"
"194","q21",55,29,66.520343,87.473359,8,0,33.4523696899414,"lb1","No"
"195","q21",55,30,28.62252,48.9266,8,0,35.7444038391113,"lb1","No"
"196","q21",55,31,123.858089,175.15199,8,0,0.036452267318964,"lb1","No"
"197","q21",55,32,25.382869,25.10104,8,1,-0.0689097791910172,"lb1","No"
"198","q21",55,34,2.337263,15.58248,6,0,7.13370752334595,"lb1","No"
"199","q21",55,35,3.603111,7.051533,5,0,4.77152967453003,"lb1","No"
"200","q21",55,36,5.802366,21.017202,5,0,19.6123046875,"lb1","No"
"201","q21",55,37,29.72948,55.44404,5,0,0.0223993454128504,"lb1","No"
"202","q21",55,40,9.217468,15.396774,4,0,34.9436340332031,"lb1","No"
"203","q21",55,43,29.97492,3.721301,2,0,11.6310501098633,"lb1","No"
"204","q21",55,44,2.945834,4.899311,2,0,28.4386901855469,"lb1","No"
"205","q21",55,45,5.285853,5.467085,2,0,14.793098449707,"lb1","No"
"206","q21",55,8,2.681295,25.635768,16,0,0.559715270996094,"lb1","No"
"207","q21",55,9,95.62123,153.72346,16,0,-0.248802185058594,"lb1","No"
"208","q21",56,11,41.260955,106.496611,17,0,3.93057250976562,"lb1","No"
"209","q21",56,18,105.23902,206.2886627,17,0,5.47783660888672,"lb1","No"
"210","q21",56,20,56.67818,78.042959,17,0,10.2122383117676,"lb1","No"
"211","q21",56,21,17.79218,23.451227,17,0,14.7343826293945,"lb1","No"
"212","q21",56,29,108.51449,66.520343,9,0,31.4569396972656,"lb1","No"
"213","q21",56,30,38.23388,28.62252,9,0,37.184944152832,"lb1","No"
"214","q21",56,31,83.14174,123.858089,9,0,-1.69029819965363,"lb1","No"
"215","q21",56,34,23.82931,2.337263,7,0,7.85647630691528,"lb1","No"
"216","q21",56,36,17.7378,5.802366,6,0,24.0937271118164,"lb1","No"
"217","q21",56,37,56.02822,29.72948,6,0,5.01736307144165,"lb1","No"
"218","q21",56,40,19.27253,9.217468,5,0,33.4829635620117,"lb1","No"
"219","q21",56,9,71.86568,95.62123,17,0,0.78765869140625,"lb1","No"
"220","q21",57,11,17.07451,41.260955,18,0,9.92965698242188,"lb1","No"
"221","q21",57,18,161.73338,105.23902,18,0,12.1285858154297,"lb1","No"
"222","q21",57,20,67.19972,56.67818,18,0,7.5390510559082,"lb1","No"
"223","q21",57,21,19.40311,17.79218,18,0,18.3662624359131,"lb1","No"
"224","q21",57,29,97.141043,108.51449,10,0,33.880729675293,"lb1","No"
"225","q21",57,30,84.53556,38.23388,10,0,36.4378051757812,"lb1","No"
"226","q21",57,31,170.94523,83.14174,10,0,0.964111626148224,"lb1","No"
"227","q21",57,34,13.15728,23.82931,8,0,4.7951397895813,"lb1","No"
"228","q21",57,36,63.75379,17.7378,7,0,23.1457595825195,"lb1","No"
"229","q21",57,37,22.95497,56.02822,7,0,0.648061692714691,"lb1","No"
"230","q21",57,40,33.02207,19.27253,6,0,35.0161666870117,"lb1","No"
"231","q21",57,7,54.13836,51.68076,21,0,5.21236085891724,"lb1","No"
"232","q21",57,9,65.32626,71.86568,18,0,0.39007568359375,"lb1","No"
"233","q21",58,11,91.444787,17.07451,19,0,12.4959869384766,"lb1","No"
"234","q21",58,18,357.83314,161.73338,19,0,14.8278350830078,"lb1","No"
"235","q21",58,20,208.13726,67.19972,19,0,6.9240403175354,"lb1","No"
"236","q21",58,21,92.2281,19.40311,19,0,20.1977386474609,"lb1","No"
"237","q21",58,29,382.61131,97.141043,11,0,31.9537734985352,"lb1","No"
"238","q21",58,30,75.88218,84.53556,11,0,29.2793502807617,"lb1","No"
"239","q21",58,31,301.81948,170.94523,11,0,0.0380319580435753,"lb1","No"
"240","q21",58,36,74.02781,63.75379,8,0,20.6571502685547,"lb1","No"
"241","q21",58,37,103.5164,22.95497,8,0,7.03762483596802,"lb1","No"
"242","q21",58,43,43.96749,38.08195,5,0,6.68361520767212,"lb1","No"
"243","q21",58,7,113.0433,54.13836,22,0,3.57904815673828,"lb1","No"
"244","q21",58,9,100.30257,65.32626,19,0,1.67033386230469,"lb1","No"
"245","q21",59,11,47.49235,91.444787,20,0,10.1443786621094,"lb1","No"
"246","q21",59,18,233.19855,357.83314,20,0,10.9656753540039,"lb1","No"
"247","q21",59,20,44.92492,208.13726,20,0,0.0158563181757927,"lb1","No"
"248","q21",59,21,19.854898,92.2281,20,0,8.40994739532471,"lb1","No"
"249","q21",59,29,335.1683,382.61131,12,0,29.7490406036377,"lb1","No"
"250","q21",59,30,77.94797,75.88218,12,0,26.0659351348877,"lb1","No"
"251","q21",59,31,309.69895,301.81948,12,0,-0.563060760498047,"lb1","No"
"252","q21",59,36,33.50441,74.02781,9,0,21.1614532470703,"lb1","No"
"253","q21",59,37,49.82487,103.5164,9,0,-0.229595482349396,"lb1","No"
"254","q21",59,43,6.710787,43.96749,6,0,6.51132583618164,"lb1","No"
"255","q21",59,7,48.91325,113.0433,23,0,4.06235504150391,"lb1","No"
"256","q21",59,9,67.992676,100.30257,20,0,0.051971435546875,"lb1","No"
"257","q21",60,11,125.26926,47.49235,21,0,15.0420989990234,"lb1","No"
"258","q21",60,18,210.4402,233.19855,21,0,13.4039993286133,"lb1","No"
"259","q21",60,20,83.80798,44.92492,21,0,-0.281929671764374,"lb1","No"
"260","q21",60,21,57.18504,19.854898,21,0,10.8705272674561,"lb1","No"
"261","q21",60,29,612.14752,335.1683,13,0,30.1507873535156,"lb1","No"
"262","q21",60,30,147.88596,77.94797,13,0,20.8163757324219,"lb1","No"
"263","q21",60,31,284.71917,309.69895,13,0,-0.35659322142601,"lb1","No"
"264","q21",60,37,146.008,49.82487,10,0,4.51230144500732,"lb1","No"
"265","q21",60,46,63.91283,11.3097,1,0,18.41676902771,"lb1","No"
"266","q21",60,47,93.48107,28.48748,1,0,9.80887222290039,"lb1","No"
"267","q21",60,7,67.19009,48.91325,24,0,5.44755554199219,"lb1","No"
"268","q21",60,9,143.2547,67.992676,21,0,1.80274200439453,"lb1","No"
"269","q21",61,11,35.47802,125.26926,22,0,-0.281578063964844,"lb1","No"
"270","q21",61,18,378.73061,210.4402,22,0,8.19472503662109,"lb1","No"
"271","q21",61,20,24.72118,83.80798,22,0,1.10030090808868,"lb1","No"
"272","q21",61,29,823.25524,612.14752,14,0,18.3647918701172,"lb1","No"
"273","q21",61,30,169.6053,147.88596,14,0,23.670015335083,"lb1","No"
"274","q21",61,31,81.93637,284.71917,14,0,0.205363735556602,"lb1","No"
"275","q21",61,37,222.5166,146.008,11,0,0.00123094115406275,"lb1","No"
"276","q21",61,46,119.5489,63.91283,2,0,12.0773124694824,"lb1","No"
"277","q21",61,7,148.4338,67.19009,25,0,2.05599212646484,"lb1","No"
"278","q21",61,9,72.01628,143.2547,22,0,-0.658126831054688,"lb1","No"
"279","q21",62,11,21.23965,35.47802,23,0,10.7343215942383,"lb1","No"
"280","q21",62,18,199.95673,378.73061,23,0,11.9675445556641,"lb1","No"
"281","q21",62,20,22.1792,24.72118,23,1,-0.539216756820679,"lb1","No"
"282","q21",62,29,386.35878,823.25524,15,0,0.0418472290039062,"lb1","No"
"283","q21",62,30,75.03793,169.6053,15,0,20.380880355835,"lb1","No"
"284","q21",62,31,32.5016,81.93637,15,0,1.47245872020721,"lb1","No"
"285","q21",62,37,148.73653,222.5166,12,0,-0.0326306223869324,"lb1","No"
"286","q21",62,46,35.58012,119.5489,3,0,8.88055419921875,"lb1","No"
"287","q21",62,7,4.604605,148.4338,26,0,2.64345550537109,"lb1","No"
"288","q21",62,9,103.82772,72.01628,23,0,-1.56375885009766,"lb1","No"
"289","q21",63,11,60.63536,21.23965,24,0,14.9848937988281,"lb1","No"
"290","q21",63,18,340.8932,199.95673,24,0,14.5802841186523,"lb1","No"
"291","q21",63,20,4.940216,22.1792,24,0,5.1479115486145,"lb1","No"
"292","q21",63,21,12.71731,16.23372,24,0,16.5795574188232,"lb1","No"
"293","q21",63,29,570.27034,386.35878,16,0,4.24687957763672,"lb1","No"
"294","q21",63,30,42.42765,75.03793,16,0,17.8145179748535,"lb1","No"
"295","q21",63,31,57.58559,32.5016,16,0,0.058417122811079,"lb1","No"
"296","q21",63,37,101.3877,148.73653,13,0,0.00473478157073259,"lb1","No"
"297","q21",63,46,81.51427,35.58012,4,0,17.5196838378906,"lb1","No"
"298","q21",63,9,259.14935,103.82772,24,0,0.157600402832031,"lb1","No"
"299","q21",64,11,63.57661,60.63536,25,0,14.2804794311523,"lb1","No"
"300","q21",64,18,229.11284,340.8932,25,0,14.123664855957,"lb1","No"
"301","q21",64,20,34.46844,4.940216,25,0,3.42142486572266,"lb1","No"
"302","q21",64,21,62.1448,12.71731,25,0,18.2998046875,"lb1","No"
"303","q21",64,29,713.413289,570.27034,17,0,-0.665390014648438,"lb1","No"
"304","q21",64,30,60.54789,42.42765,17,0,24.4334564208984,"lb1","No"
"305","q21",64,37,152.02248,101.3877,14,0,0.121785677969456,"lb1","No"
"306","q21",64,46,135.48147,81.51427,5,0,9.9534797668457,"lb1","No"
"307","q21",64,47,21.992257,3.57868,5,0,17.4402008056641,"lb1","No"
"308","q21",64,9,110.68915,259.14935,25,0,-1.01016759872437,"lb1","No"
"309","q21",65,18,140.8797,229.11284,26,0,11.9334869384766,"lb1","No"
"310","q21",65,20,9.547928,34.46844,26,0,-0.285179138183594,"lb1","No"
"311","q21",65,29,179.036424,713.413289,18,0,0.0707473754882812,"lb1","No"
"312","q21",65,30,33.70079,60.54789,18,0,26.0645294189453,"lb1","No"
"313","q21",65,46,106.53741,135.48147,6,0,7.24615049362183,"lb1","No"
"314","q21",65,47,3.91143,21.992257,6,0,11.2329254150391,"lb1","No"
"315","q21",65,49,13.32168,19.2389,1,1,-0.032257080078125,"lb1","No"
"316","q21",65,9,37.9927,110.68915,26,0,-1.05650329589844,"lb1","No"
"317","q21",66,18,140.5719,140.8797,27,0,14.4822158813477,"lb1","No"
"318","q21",66,20,51.49289,9.547928,27,0,4.88224029541016,"lb1","No"
"319","q21",66,29,328.07433,179.036424,19,0,5.8565673828125,"lb1","No"
"320","q21",66,46,49.44142,106.53741,7,0,3.50280332565308,"lb1","No"
"321","q21",66,51,76.145,9.723453,1,0,14.2682342529297,"lb1","No"
"322","q21",67,18,257.2624,140.5719,28,0,9.66132354736328,"lb1","No"
"323","q21",67,20,13.94164,51.49289,28,0,0.991401672363281,"lb1","No"
"324","q21",67,29,290.47836,328.07433,20,0,30.3533630371094,"lb1","No"
"325","q21",67,46,92.12586,49.44142,8,0,10.4402418136597,"lb1","No"
"326","q21",67,52,68.64439,31.79623,1,0,15.2969818115234,"lb1","No"
"327","q22",39,18,2.838392,1.922688,1,0,9.14553833007812,"lb1","No"
"328","q22",42,20,3.056413,13.52216,1,0,5.44504261016846,"lb1","No"
"329","q22",43,18,47.64743,19.68661,5,0,6.34721994400024,"lb1","No"
"330","q22",43,20,17.3509,3.056413,2,0,3.9913477897644,"lb1","No"
"331","q22",43,21,6.896407,6.753936,1,1,-0.273666381835938,"lb1","No"
"332","q22",43,26,2.120425,1.552024,1,0,40.6265296936035,"lb1","No"
"333","q22",43,28,14.02261,17.89949,1,0,13.1541290283203,"lb1","No"
"334","q22",43,29,37.1334,50.27905,1,0,8.13204956054688,"lb1","No"
"335","q22",44,18,45.19132,47.64743,6,0,7.0655951499939,"lb1","No"
"336","q22",44,20,30.7702,17.3509,3,0,3.65780353546143,"lb1","No"
"337","q22",44,21,16.3868,6.896407,2,1,0.667732238769531,"lb1","No"
"338","q22",44,29,18.86455,37.1334,2,0,6.36051273345947,"lb1","No"
"339","q22",45,18,51.24812,45.19132,7,0,4.34927368164062,"lb1","No"
"340","q22",45,20,24.62729,30.7702,4,0,0.0755136162042618,"lb1","No"
"341","q22",45,21,25.95494,16.3868,3,0,1.29103851318359,"lb1","No"
"342","q22",45,29,14.12346,18.86455,3,0,7.0494179725647,"lb1","No"
"343","q22",46,18,11.98205,51.24812,8,0,1.11734771728516,"lb1","No"
"344","q22",46,20,96.49933,24.62729,5,0,1.6429603099823,"lb1","No"
"345","q22",46,21,45.15392,25.95494,4,0,0.635261535644531,"lb1","No"
"346","q22",46,28,66.58698,34.43282,4,0,12.8726654052734,"lb1","No"
"347","q22",46,29,57.88321,14.12346,4,0,6.32923126220703,"lb1","No"
"348","q22",46,30,20.46832,2.920945,4,0,4.05174160003662,"lb1","No"
"349","q22",47,18,22.96852,11.98205,9,0,1.51383972167969,"lb1","No"
"350","q22",47,20,27.20705,96.49933,6,0,-0.0933847054839134,"lb1","No"
"351","q22",47,21,37.28865,45.15392,5,0,-0.23626708984375,"lb1","No"
"352","q22",47,28,59.93331,66.58698,5,0,12.9771575927734,"lb1","No"
"353","q22",47,29,50.60712,57.88321,5,0,4.05972576141357,"lb1","No"
"354","q22",47,30,15.58545,20.46832,5,0,3.08641529083252,"lb1","No"
"355","q22",48,18,47.65184,22.96852,10,1,-0.324790954589844,"lb1","No"
"356","q22",48,20,65.03165,27.20705,7,0,2.97249388694763,"lb1","No"
"357","q22",48,21,79.437845,37.28865,6,0,0.215499877929688,"lb1","No"
"358","q22",48,28,48.30802,59.93331,6,0,11.310676574707,"lb1","No"
"359","q22",48,29,50.02885,50.60712,6,0,6.41038656234741,"lb1","No"
"360","q22",48,30,28.86782,15.58545,6,0,1.98452663421631,"lb1","No"
"361","q22",49,18,52.76298,47.65184,11,0,2.16558074951172,"lb1","No"
"362","q22",49,21,36.46833,79.437845,7,0,-0.204879760742188,"lb1","No"
"363","q22",49,28,42.20732,48.30802,7,0,14.1477966308594,"lb1","No"
"364","q22",49,29,47.12584,50.02885,7,0,4.38212776184082,"lb1","No"
"365","q22",50,18,64.56974,52.76298,12,0,0.43976429104805,"lb1","No"
"366","q22",50,21,29.81131,36.46833,8,0,-0.259803771972656,"lb1","No"
"367","q22",50,29,36.33015,47.12584,8,0,6.42431926727295,"lb1","No"
"368","q22",50,34,10.76732,5.367623,3,0,34.1884880065918,"lb1","No"
"369","q22",51,18,89.26296,64.56974,13,0,1.470458984375,"lb1","No"
"370","q22",51,20,79.93549,42.09133,10,0,0.354419022798538,"lb1","No"
"371","q22",51,21,62.62596,29.81131,9,1,-0.341026306152344,"lb1","No"
"372","q22",51,29,87.33225,36.33015,9,0,7.58926868438721,"lb1","No"
"373","q22",51,30,54.538243,21.24496,9,0,2.28035831451416,"lb1","No"
"374","q22",51,36,9.029487,8.780038,3,1,0.420257568359375,"lb1","No"
"375","q22",52,18,59.53765,89.26296,14,0,0.325057983398438,"lb1","No"
"376","q22",52,20,35.76275,79.93549,11,0,-0.108961559832096,"lb1","No"
"377","q22",52,21,66.67055,62.62596,10,0,-0.274551391601562,"lb1","No"
"378","q22",52,29,34.93873,87.33225,10,0,4.31802845001221,"lb1","No"
"379","q22",52,30,50.316569,54.538243,10,0,1.98831987380981,"lb1","No"
"380","q22",53,18,55.75921,59.53765,15,0,-0.149596199393272,"lb1","No"
"381","q22",53,21,63.67932,66.67055,11,0,-0.472862243652344,"lb1","No"
"382","q22",53,29,23.679576,34.93873,11,0,7.23372554779053,"lb1","No"
"383","q22",53,30,14.644252,50.316569,11,0,1.82660686969757,"lb1","No"
"384","q22",53,39,21.21509,23.63888,1,1,-0.0362167358398438,"lb1","No"
"385","q22",53,41,10.493682,12.57174,1,0,13.9605922698975,"lb1","No"
"386","q22",53,42,9.34479,11.19274,1,0,5.91680526733398,"lb1","No"
"387","q22",54,18,90.21988,55.75921,16,0,-0.0473934598267078,"lb1","No"
"388","q22",54,21,82.95045,63.67932,12,0,0.233940124511719,"lb1","No"
"389","q22",54,29,9.104124,23.679576,12,0,4.77365016937256,"lb1","No"
"390","q22",54,30,22.448925,14.644252,12,0,1.35038805007935,"lb1","No"
"391","q22",54,39,16.82842,21.21509,2,1,-0.0130462646484375,"lb1","No"
"392","q22",54,41,42.017823,10.493682,2,0,11.8422012329102,"lb1","No"
"393","q22",54,42,5.669785,9.34479,2,0,0.555453062057495,"lb1","No"
"394","q22",54,44,8.424939,4.321361,1,0,21.4430522918701,"lb1","No"
"395","q22",55,18,15.693811,90.21988,17,0,-0.100333832204342,"lb1","No"
"396","q22",55,21,7.113967,82.95045,13,0,0.103996276855469,"lb1","No"
"397","q22",55,41,21.720926,42.017823,3,0,11.1165075302124,"lb1","No"
"398","q22",55,42,10.588047,5.669785,3,0,5.46061897277832,"lb1","No"
"399","q22",56,18,7.400807,15.693811,18,0,0.20447301864624,"lb1","No"
"400","q22",56,41,44.57766,21.720926,4,0,10.3068866729736,"lb1","No"
"401","q22",56,42,5.939641,10.588047,4,0,0.239604741334915,"lb1","No"
"402","q22",57,41,59.052061,44.57766,5,0,21.3620471954346,"lb1","No"
"403","q22",57,43,9.74227,24.4918,4,0,8.57564544677734,"lb1","No"
"404","q22",58,41,57.71169,59.052061,6,0,19.0262699127197,"lb1","No"
"405","q22",58,43,38.64028,9.74227,5,0,10.38818359375,"lb1","No"
"406","q22",59,41,19.01375,57.71169,7,0,18.8674945831299,"lb1","No"
"407","q22",59,42,11.227307,44.43938,7,0,-0.243572130799294,"lb1","No"
"408","q22",59,43,13.03012,38.64028,6,0,4.89492034912109,"lb1","No"
"409","q22",60,34,24.25228,8.657925,13,0,30.4501304626465,"lb1","No"
"410","q22",60,41,84.6723,19.01375,8,0,17.9182300567627,"lb1","No"
"411","q22",60,42,132.3797,11.227307,8,0,2.08428645133972,"lb1","No"
"412","q22",60,43,80.32858,13.03012,7,0,10.588134765625,"lb1","No"
"413","q22",60,48,15.39578,2.890023,1,0,8.33638000488281,"lb1","No"
"414","q22",61,41,35.32123,84.6723,9,0,20.8156070709229,"lb1","No"
"415","q22",61,42,34.935068,132.3797,9,0,0.282690346240997,"lb1","No"
"416","q22",61,43,26.83706,80.32858,8,0,6.53026580810547,"lb1","No"
"417","q22",61,48,1.403093,15.39578,2,0,5.69945859909058,"lb1","No"
"418","q22",61,49,4.85818,52.86245,1,0,0.0969399362802505,"lb1","No"
"419","q22",64,42,54.18008,77.95168,12,0,0.0945759788155556,"lb1","No"
"420","q22",64,43,30.31329,28.32273,11,0,8.20794677734375,"lb1","No"
"421","q22",64,50,14.569514,9.605636,3,0,11.8981895446777,"lb1","No"
"422","q22",65,43,17.305731,30.31329,12,0,10.720588684082,"lb1","No"
"423","q22",66,41,13.16193,29.48886,14,0,12.9980487823486,"lb1","No"
"424","q23",36,30,26.70376,12.79278,1,0,8.00251770019531,"lb1","No"
"425","q23",37,30,75.92633,26.70376,2,0,5.40569305419922,"lb1","No"
"426","q23",38,30,56.57442,75.92633,3,0,6.19158172607422,"lb1","No"
"427","q23",40,31,7.473118,1.399361,1,1,1.60438537597656,"lb1","No"
"428","q23",41,30,58.31213,21.310309,6,0,2.30397796630859,"lb1","No"
"429","q23",41,31,59.37778,7.473118,2,1,0.115715026855469,"lb1","No"
"430","q23",41,33,24.24108,16.4508,1,0,8.33954620361328,"lb1","No"
"431","q23",42,30,57.79819,58.31213,7,0,-0.00052642822265625,"lb1","No"
"432","q23",42,31,43.1447,59.37778,3,0,0.160972595214844,"lb1","No"
"433","q23",42,33,34.650359,24.24108,2,0,1.12003326416016,"lb1","No"
"434","q23",42,34,17.53731,18.07902,1,0,11.6447601318359,"lb1","No"
"435","q23",42,35,44.43868,29.56692,1,0,18.8154067993164,"lb1","No"
"436","q23",43,30,60.55614,57.79819,8,0,-0.00238037109375,"lb1","No"
"437","q23",43,31,75.94086,43.1447,4,0,0.187156677246094,"lb1","No"
"438","q23",43,33,47.5186,34.650359,3,0,0.00653839111328125,"lb1","No"
"439","q23",43,35,17.041433,44.43868,2,0,18.4785919189453,"lb1","No"
"440","q23",43,36,9.462708,10.86709,1,0,3.32096862792969,"lb1","No"
"441","q23",43,38,13.98046,9.217746,1,0,29.0414733886719,"lb1","No"
"442","q23",43,40,5.413201,7.27738,1,1,-0.483481794595718,"lb1","No"
"443","q23",44,30,53.64396,60.55614,9,0,-0.0005035400390625,"lb1","No"
"444","q23",44,31,7.861298,75.94086,5,0,-0.116912841796875,"lb1","No"
"445","q23",44,33,34.470976,47.5186,4,0,-0.0861282348632812,"lb1","No"
"446","q23",44,38,16.7494,13.98046,2,0,28.3634948730469,"lb1","No"
"447","q23",45,30,74.76176,53.64396,10,0,2.72513580322266,"lb1","No"
"448","q23",45,31,7.494887,7.861298,6,0,3.62307739257812,"lb1","No"
"449","q23",45,33,54.728219,34.470976,5,0,1.27240753173828,"lb1","No"
"450","q23",45,34,14.49648,13.99854,4,0,12.9901962280273,"lb1","No"
"451","q23",45,37,24.87287,38.44601,3,0,25.3222579956055,"lb1","No"
"452","q23",45,38,26.84111,16.7494,3,0,30.8254470825195,"lb1","No"
"453","q23",45,42,21.76328,8.975023,1,0,28.3175354003906,"lb1","No"
"454","q23",46,30,103.204,74.76176,11,0,-0.0686721801757812,"lb1","No"
"455","q23",46,31,24.59749,7.494887,7,1,0.303985595703125,"lb1","No"
"456","q23",46,33,180.0286,54.728219,6,0,0.2896728515625,"lb1","No"
"457","q23",46,34,38.31833,14.49648,5,0,11.5307312011719,"lb1","No"
"458","q23",46,37,67.02702,24.87287,4,0,26.1387710571289,"lb1","No"
"459","q23",46,38,54.54139,26.84111,4,0,28.6089782714844,"lb1","No"
"460","q23",46,42,75.72057,21.76328,2,0,26.8299026489258,"lb1","No"
"461","q23",46,43,36.54878,9.81759,1,0,6.08179473876953,"lb1","No"
"462","q23",47,30,124.3001,103.204,12,0,-0.0123672485351562,"lb1","No"
"463","q23",47,33,161.9679,180.0286,7,0,0.103981018066406,"lb1","No"
"464","q23",47,34,21.46036,38.31833,6,0,13.5693206787109,"lb1","No"
"465","q23",47,37,115.22005,67.02702,5,0,26.2933959960938,"lb1","No"
"466","q23",47,38,50.60197,54.54139,5,0,21.955078125,"lb1","No"
"467","q23",47,42,60.37817,75.72057,3,0,24.8772811889648,"lb1","No"
"468","q23",47,43,48.27031,36.54878,2,0,5.71249389648438,"lb1","No"
"469","q23",47,44,8.226944,14.17615,1,0,6.14379215240479,"lb1","No"
"470","q23",48,30,69.68828,124.3001,13,0,-0.051177978515625,"lb1","No"
"471","q23",48,33,64.03714,161.9679,8,0,0.17376708984375,"lb1","No"
"472","q23",48,34,10.56793,21.46036,7,0,13.9881210327148,"lb1","No"
"473","q23",48,37,86.42046,115.22005,6,0,25.2467803955078,"lb1","No"
"474","q23",48,38,34.75811,50.60197,6,0,19.3324584960938,"lb1","No"
"475","q23",48,41,13.93907,26.80873,5,0,-0.114303588867188,"lb1","No"
"476","q23",48,42,32.10966,60.37817,4,0,25.2170028686523,"lb1","No"
"477","q23",48,44,11.09558,8.226944,2,0,4.82155561447144,"lb1","No"
"478","q23",48,46,28.82514,23.96669,1,0,26.2164192199707,"lb1","No"
"479","q23",49,30,82.09801,69.68828,14,0,-0.190643310546875,"lb1","No"
"480","q23",49,33,120.7396,64.03714,9,0,3.03295135498047,"lb1","No"
"481","q23",49,37,82.82438,86.42046,7,0,23.5508804321289,"lb1","No"
"482","q23",49,38,90.67907,34.75811,7,0,17.6733016967773,"lb1","No"
"483","q23",49,42,61.48222,32.10966,5,0,27.565803527832,"lb1","No"
"484","q23",49,44,47.77357,11.09558,3,0,5.53634405136108,"lb1","No"
"485","q23",49,46,54.32269,28.82514,2,0,24.3942584991455,"lb1","No"
"486","q23",50,30,98.86736,82.09801,15,0,-0.0608596801757812,"lb1","No"
"487","q23",50,33,103.2953,120.7396,10,0,3.39669036865234,"lb1","No"
"488","q23",50,37,158.165254,82.82438,8,0,24.3942642211914,"lb1","No"
"489","q23",50,38,71.44731,90.67907,8,0,17.6465148925781,"lb1","No"
"490","q23",50,42,30.73935,61.48222,6,0,25.5806427001953,"lb1","No"
"491","q23",50,43,24.61823,36.79572,5,0,9.35881805419922,"lb1","No"
"492","q23",50,44,56.40002,47.77357,4,0,4.05497932434082,"lb1","No"
"493","q23",50,46,36.39385,54.32269,3,0,23.7274990081787,"lb1","No"
"494","q23",50,47,25.658385,7.105022,1,0,24.7912425994873,"lb1","No"
"495","q23",50,48,15.99141,7.118168,1,0,4.79558992385864,"lb1","No"
"496","q23",51,30,64.91138,98.86736,16,0,-0.0307769775390625,"lb1","No"
"497","q23",51,33,97.59845,103.2953,11,0,0.116546630859375,"lb1","No"
"498","q23",51,37,193.02946,158.165254,9,0,16.9143295288086,"lb1","No"
"499","q23",51,38,103.46148,71.44731,9,0,17.6666488647461,"lb1","No"
"500","q23",51,41,16.65658,4.829828,8,0,3.10414886474609,"lb1","No"
"501","q23",51,42,35.02249,30.73935,7,0,24.8490219116211,"lb1","No"
"502","q23",51,43,49.40484,24.61823,6,0,6.98487091064453,"lb1","No"
"503","q23",51,44,62.28687,56.40002,5,0,2.9289391040802,"lb1","No"
"504","q23",51,45,18.866702,6.92651,4,0,8.93659973144531,"lb1","No"
"505","q23",51,46,66.066435,36.39385,4,0,26.8067741394043,"lb1","No"
"506","q23",51,47,35.620033,25.658385,2,0,24.0316886901855,"lb1","No"
"507","q23",51,48,16.17262,15.99141,2,0,4.73317766189575,"lb1","No"
"508","q23",51,50,15.219969,22.03437,1,0,28.8126831054688,"lb1","No"
"509","q23",51,51,65.19066,5.414777,1,0,12.0135498046875,"lb1","No"
"510","q23",51,55,39.41981,4.029105,1,0,25.3918266296387,"lb1","No"
"511","q23",51,56,25.28455,9.713375,1,0,22.554235458374,"lb1","No"
"512","q23",51,57,18.47673,7.780057,1,0,15.963828086853,"lb1","No"
"513","q23",52,33,38.212766,97.59845,12,0,0.0446014404296875,"lb1","No"
"514","q23",52,37,83.15371,193.02946,10,0,15.3818664550781,"lb1","No"
"515","q23",52,38,28.55569,103.46148,10,0,10.8227005004883,"lb1","No"
"516","q23",52,42,34.13902,35.02249,8,0,26.8078765869141,"lb1","No"
"517","q23",52,43,60.82076,49.40484,7,0,6.67041778564453,"lb1","No"
"518","q23",52,45,11.69172,18.866702,5,0,9.04264831542969,"lb1","No"
"519","q23",52,46,101.241118,66.066435,5,0,24.9937973022461,"lb1","No"
"520","q23",52,47,47.603514,35.620033,3,0,21.8737049102783,"lb1","No"
"521","q23",52,48,32.42171,16.17262,3,0,4.5479040145874,"lb1","No"
"522","q23",52,51,34.60544,65.19066,2,0,6.44789123535156,"lb1","No"
"523","q23",52,56,25.17866,25.28455,2,0,21.0381202697754,"lb1","No"
"524","q23",52,57,14.24663,18.47673,2,0,16.0321598052979,"lb1","No"
"525","q23",53,33,17.323732,38.212766,13,0,-0.128936767578125,"lb1","No"
"526","q23",53,37,26.88057,83.15371,11,0,18.4465198516846,"lb1","No"
"527","q23",53,42,15.22378,34.13902,9,0,27.9576187133789,"lb1","No"
"528","q23",53,43,55.58319,60.82076,8,0,3.53937530517578,"lb1","No"
"529","q23",53,45,4.864062,11.69172,6,0,11.0651588439941,"lb1","No"
"530","q23",53,46,64.124146,101.241118,6,0,25.5571174621582,"lb1","No"
"531","q23",53,47,67.8441134,47.603514,4,0,22.5496120452881,"lb1","No"
"532","q23",53,48,1.691071,32.42171,4,0,2.14867234230042,"lb1","No"
"533","q23",53,51,50.68066,34.60544,3,0,8.01064300537109,"lb1","No"
"534","q23",53,56,18.95323,25.17866,3,0,20.7122898101807,"lb1","No"
"535","q23",53,57,21.02404,14.24663,3,0,16.796781539917,"lb1","No"
"536","q23",54,37,13.64233,26.88057,12,0,19.8213043212891,"lb1","No"
"537","q23",54,43,24.15058,55.58319,9,0,7.80254364013672,"lb1","No"
"538","q23",54,44,38.80417,61.22886,8,0,5.07350206375122,"lb1","No"
"539","q23",54,46,38.54473,64.124146,7,0,24.259859085083,"lb1","No"
"540","q23",54,47,47.20976,67.8441134,5,0,18.8213939666748,"lb1","No"
"541","q23",54,56,11.95545,18.95323,4,0,22.4105129241943,"lb1","No"
"542","q23",55,37,13.023971,13.64233,13,0,21.9597110748291,"lb1","No"
"543","q23",55,44,39.65953,38.80417,9,0,5.09916353225708,"lb1","No"
"544","q23",55,46,3.925643,38.54473,8,0,24.3491191864014,"lb1","No"
"545","q23",55,47,25.21276,47.20976,6,0,20.0009937286377,"lb1","No"
"546","q23",55,56,15.72166,11.95545,5,0,21.7698574066162,"lb1","No"
"547","q23",56,37,67.69374,13.023971,14,0,20.7819290161133,"lb1","No"
"548","q23",56,56,10.56672,15.72166,6,0,20.8483428955078,"lb1","No"
"549","q23",56,57,34.42232,25.63578,6,0,15.5953035354614,"lb1","No"
"550","q23",57,57,45.80711,34.42232,7,0,14.8342380523682,"lb1","No"
"551","q23",58,43,51.4409,2.948585,13,0,12.4305267333984,"lb1","No"
"552","q23",58,47,51.75624,29.74353,9,0,22.2393665313721,"lb1","No"
"553","q23",58,57,12.66175,45.80711,8,0,15.8719072341919,"lb1","No"
"554","q23",58,60,23.28437,4.105569,3,0,3.85467529296875,"lb1","No"
"555","q23",58,61,161.08178,13.94345,1,0,13.6105575561523,"lb1","No"
"556","q23",59,57,42.19834,12.66175,9,0,18.0830097198486,"lb1","No"
"557","q23",59,60,27.4558,23.28437,4,0,4.05762481689453,"lb1","No"
"558","q23",59,61,40.78145,161.08178,2,0,13.4536743164062,"lb1","No"
"559","q23",61,47,208.0238,198.3645,12,0,12.187762260437,"lb1","No"
"560","q23",65,47,70.3872,217.7883,16,0,16.2567081451416,"lb1","No"
"561","q23",65,60,9.482597,18.55644,10,0,3.99940490722656,"lb1","No"
"562","q23",66,47,140.6118,70.3872,17,0,21.2480239868164,"lb1","No"
"563","q23",66,60,14.61212,9.482597,11,0,3.71410369873047,"lb1","No"
"564","q23",67,47,76.46626,140.6118,18,0,20.2433681488037,"lb1","No"
"565","q23",67,60,37.38929,14.61212,12,0,5.42341613769531,"lb1","No"
"566","q23",70,47,113.3483,95.04211,21,0,18.817756652832,"lb1","No"
"567","q23",71,47,99.6598444,113.3483,22,0,13.1480588912964,"lb1","No"
"568","q24",48,10,9.263676,4.510783,1,1,1.59954833984375,"lb1","No"
"569","q24",50,11,5.952754,2.885414,1,0,26.672534942627,"lb1","No"
"570","q24",51,10,57.84603,25.77164,4,0,0.50628662109375,"lb1","No"
"571","q24",51,12,18.83042,22.30284,1,1,-0.696052551269531,"lb1","No"
"572","q24",51,13,23.267301,11.14571,1,0,16.8510818481445,"lb1","No"
"573","q24",51,14,1.920946,5.884423,1,0,40.9631729125977,"lb1","No"
"574","q24",51,15,16.85091,7.497427,1,0,4.32124137878418,"lb1","No"
"575","q24",51,16,6.548365,3.592865,1,0,35.1658325195312,"lb1","No"
"576","q24",51,17,15.356835,13.79098,1,0,25.5408325195312,"lb1","No"
"577","q24",52,10,26.91742,57.84603,5,0,-1.41667175292969,"lb1","No"
"578","q24",52,12,12.04951,18.83042,2,0,1.52915954589844,"lb1","No"
"579","q24",52,13,29.31784,23.267301,2,0,14.8892440795898,"lb1","No"
"580","q24",52,15,18.15863,16.85091,2,0,1.76979446411133,"lb1","No"
"581","q24",52,16,13.914088,6.548365,2,0,32.3504028320312,"lb1","No"
"582","q24",52,17,22.22724,15.356835,2,0,21.494607925415,"lb1","No"
"583","q24",52,20,9.444759,8.904053,1,0,8.18355560302734,"lb1","No"
"584","q24",52,22,13.01322,10.19774,1,0,33.2521438598633,"lb1","No"
"585","q24",53,10,77.11176,26.91742,6,1,-0.630538940429688,"lb1","No"
"586","q24",53,12,34.75892,12.04951,3,1,0.58074951171875,"lb1","No"
"587","q24",53,13,36.11808,29.31784,3,0,14.1735382080078,"lb1","No"
"588","q24",53,15,20.22379,18.15863,3,0,3.77862668037415,"lb1","No"
"589","q24",53,16,18.44837,13.914088,3,0,25.6173515319824,"lb1","No"
"590","q24",53,17,35.072682,22.22724,3,0,25.5778617858887,"lb1","No"
"591","q24",53,22,13.918135,13.01322,2,0,36.398853302002,"lb1","No"
"592","q24",53,27,27.2299,8.566562,1,0,24.1655426025391,"lb1","No"
"593","q24",54,10,46.6808,77.11176,7,0,0.019195556640625,"lb1","No"
"594","q24",54,13,59.227246,36.11808,4,0,16.9339218139648,"lb1","No"
"595","q24",54,15,36.00373,20.22379,4,0,1.72002565860748,"lb1","No"
"596","q24",54,16,33.980062,18.44837,4,0,18.3902454376221,"lb1","No"
"597","q24",54,17,51.329818,35.072682,4,0,14.3026313781738,"lb1","No"
"598","q24",54,22,21.235907,13.918135,3,0,33.0310134887695,"lb1","No"
"599","q24",54,27,8.408563,27.2299,2,0,21.5962352752686,"lb1","No"
"600","q24",54,29,2.307945,10.20786,1,0,18.0559539794922,"lb1","No"
"601","q24",55,10,57.79313,46.6808,8,0,-0.122306823730469,"lb1","No"
"602","q24",55,13,57.651321,59.227246,5,0,13.9383010864258,"lb1","No"
"603","q24",55,15,49.36864,36.00373,5,0,2.30855441093445,"lb1","No"
"604","q24",55,16,48.604288,33.980062,5,0,18.5441703796387,"lb1","No"
"605","q24",55,17,54.523483,51.329818,5,0,13.0884866714478,"lb1","No"
"606","q24",55,22,6.633935,21.235907,4,0,32.2797317504883,"lb1","No"
"607","q24",55,26,4.311807,17.668048,3,0,26.6750106811523,"lb1","No"
"608","q24",55,27,11.215795,8.408563,3,0,23.8918075561523,"lb1","No"
"609","q24",56,10,75.21635,57.79313,9,0,0.405220031738281,"lb1","No"
"610","q24",56,13,82.81568,57.651321,6,0,19.6613845825195,"lb1","No"
"611","q24",56,15,20.63607,49.36864,6,0,3.59180951118469,"lb1","No"
"612","q24",56,16,93.3941,48.604288,6,0,16.7918243408203,"lb1","No"
"613","q24",56,17,98.6948,54.523483,6,0,12.6976232528687,"lb1","No"
"614","q24",56,26,36.649,4.311807,4,0,28.1442184448242,"lb1","No"
"615","q24",56,34,4.114276,7.440761,1,1,-1.08300113677979,"lb1","No"
"616","q24",57,10,86.43745,75.21635,10,0,0.180595397949219,"lb1","No"
"617","q24",57,12,33.50198,54.11135,7,0,-0.272613525390625,"lb1","No"
"618","q24",57,13,79.41409,82.81568,7,0,13.6853866577148,"lb1","No"
"619","q24",57,16,93.797299,93.3941,7,0,17.0931930541992,"lb1","No"
"620","q24",57,17,69.453788,98.6948,7,0,13.4530668258667,"lb1","No"
"621","q24",58,10,79.13838,86.43745,11,0,-0.203742980957031,"lb1","No"
"622","q24",58,12,77.96603,33.50198,8,0,0.234535217285156,"lb1","No"
"623","q24",58,13,153.6566,79.41409,8,0,13.8161239624023,"lb1","No"
"624","q24",58,15,16.06288,17.96388,8,0,4.50928258895874,"lb1","No"
"625","q24",58,16,151.460802,93.797299,8,0,17.0699977874756,"lb1","No"
"626","q24",58,17,98.7535154,69.453788,8,0,12.4771060943604,"lb1","No"
"627","q24",58,22,57.440997,20.36452,7,0,35.3824996948242,"lb1","No"
"628","q24",58,32,3.682662,16.72068,4,0,16.1008148193359,"lb1","No"
"629","q24",59,10,15.68269,79.13838,12,0,0.134323120117188,"lb1","No"
"630","q24",59,12,44.58007,77.96603,9,0,-0.245758056640625,"lb1","No"
"631","q24",59,13,63.68214,153.6566,9,0,10.7556533813477,"lb1","No"
"632","q24",59,15,15.84846,16.06288,9,0,6.41270399093628,"lb1","No"
"633","q24",59,16,78.73368,151.460802,9,0,15.070219039917,"lb1","No"
"634","q24",59,17,58.83565,98.7535154,9,0,11.487832069397,"lb1","No"
"635","q24",59,26,135.16335,75.91061,7,0,23.5964279174805,"lb1","No"
"636","q24",59,32,10.85934,3.682662,5,0,18.455114364624,"lb1","No"
"637","q24",59,33,8.404138,14.54652,5,0,2.5445556640625,"lb1","No"
"638","q24",59,36,20.34617,15.98116,1,1,-0.3653564453125,"lb1","No"
"639","q24",60,10,117.13492,15.68269,13,0,8.73352813720703,"lb1","No"
"640","q24",60,12,93.04682,44.58007,10,0,4.39872741699219,"lb1","No"
"641","q24",60,13,214.1729,63.68214,10,0,15.7667007446289,"lb1","No"
"642","q24",60,15,24.989,15.84846,10,0,4.36081314086914,"lb1","No"
"643","q24",60,16,120.1931,78.73368,10,0,15.3184747695923,"lb1","No"
"644","q24",60,17,162.46397,58.83565,10,0,9.13113021850586,"lb1","No"
"645","q24",60,26,104.3165,135.16335,8,0,23.3799743652344,"lb1","No"
"646","q24",60,32,15.27937,10.85934,6,0,15.373384475708,"lb1","No"
"647","q24",60,33,37.21889,8.404138,6,0,6.12088966369629,"lb1","No"
"648","q24",60,36,29.21216,20.34617,2,1,0.00196075439453125,"lb1","No"
"649","q24",61,10,59.41073,117.13492,14,0,-0.0149765014648438,"lb1","No"
"650","q24",61,12,85.01799,93.04682,11,0,0.0159835815429688,"lb1","No"
"651","q24",61,13,189.0772,214.1729,11,0,7.82093811035156,"lb1","No"
"652","q24",61,15,33.690339,24.989,11,0,3.02946710586548,"lb1","No"
"653","q24",61,16,114.003,120.1931,11,0,17.1404647827148,"lb1","No"
"654","q24",61,17,73.56909,162.46397,11,0,10.1930341720581,"lb1","No"
"655","q24",61,32,2.476534,15.27937,7,0,15.5124101638794,"lb1","No"
"656","q24",61,33,39.98223,37.21889,7,0,2.93828582763672,"lb1","No"
"657","q24",61,36,20.73557,29.21216,3,1,0.135475158691406,"lb1","No"
"658","q24",65,16,10.26168,20.00465,15,0,22.3125629425049,"lb1","No"
"659","q24",65,17,0.6769158,19.86178,15,0,3.60222196578979,"lb1","No"
"660","q24",65,22,27.30263,76.0993,14,0,36.1559181213379,"lb1","No"
"661","q24",66,17,15.30917,0.6769158,16,0,7.8555793762207,"lb1","No"
"662","q25",43,16,48.05289,21.02899,1,0,6.99937343597412,"bb1","No"
"663","q25",43,17,22.52239,2.37078,1,0,3.33419108390808,"bb1","No"
"664","q25",44,16,36.29083,48.05289,2,0,3.83174228668213,"bb1","No"
"665","q25",45,16,54.64282,36.29083,3,0,1.9721223115921,"bb1","No"
"666","q25",46,16,29.971,54.64282,4,0,5.7229905128479,"bb1","No"
"667","q25",47,16,69.1845,29.971,5,0,6.7928261756897,"bb1","No"
"668","q25",47,17,53.71419,74.01372,5,0,0.99903678894043,"bb1","No"
"669","q25",48,16,54.72442,69.1845,6,0,6.57106018066406,"bb1","No"
"670","q25",49,16,30.13538,54.72442,7,0,5.55788850784302,"bb1","No"
"671","q42",42,61,58.22351,31.382,1,0,11.8878936767578,"sg3","Yes"
"672","q42",42,62,9.419152,24.02108,1,0,12.4063186645508,"sg3","Yes"
"673","q42",42,63,105.840072,79.62888,1,0,13.3199234008789,"sg3","Yes"
"674","q42",42,64,71.25503,61.9292,1,0,15.8557739257812,"sg3","Yes"
"675","q42",42,65,7.512407,1.858708,1,0,25.395149230957,"sg3","Yes"
"676","q42",42,66,47.874142,19.70773,1,0,35.043083190918,"sg3","Yes"
"677","q42",42,67,4.594121,1.858713,1,0,24.4191284179688,"sg3","Yes"
"678","q42",42,68,33.05034,77.64613,1,0,6.23374509811401,"sg3","Yes"
"679","q42",42,72,23.60683,13.8534,1,0,21.9401874542236,"sg3","Yes"
