"","quad","year","trackID","area","survives","age","distEdgeMin","allEdge","Group","Grazing"
"1","q21",36,6,21.31911,0,1,31.140022277832,0,"lb1","No"
"2","q21",37,7,23.94982,1,1,-0.053023025393486,1,"lb1","No"
"3","q21",38,7,32.74408,1,2,-0.00246053584851325,1,"lb1","No"
"4","q21",40,20,2.100275,1,1,21.5356750488281,0,"lb1","No"
"5","q21",40,12,12.61773,1,1,13.4485931396484,0,"lb1","No"
"6","q21",40,13,12.39471,1,1,15.5029678344727,0,"lb1","No"
"7","q21",40,15,3.383582,0,1,16.0047073364258,0,"lb1","No"
"8","q21",40,11,6.073464,1,1,6.43527984619141,0,"lb1","No"
"9","q21",40,8,10.82159,1,1,1.35154724121094,0,"lb1","No"
"10","q21",40,21,5.454968,1,1,16.4496459960938,0,"lb1","No"
"11","q21",40,19,6.923669,1,1,20.0617904663086,0,"lb1","No"
"12","q21",40,18,18.29435,1,1,31.5701675415039,0,"lb1","No"
"13","q21",40,7,8.951324,1,4,4.96682024002075,0,"lb1","No"
"14","q21",40,9,3.890927,1,1,1.80271148681641,1,"lb1","No"
"15","q21",40,10,4.566133,0,1,4.99559783935547,0,"lb1","No"
"16","q21",40,22,1.679919,0,1,9.76850318908691,0,"lb1","No"
"17","q21",40,16,6.358289,1,1,23.251823425293,0,"lb1","No"
"18","q21",40,14,6.226099,0,1,10.532356262207,0,"lb1","No"
"19","q21",40,17,13.67272,1,1,19.1975021362305,0,"lb1","No"
"20","q21",41,7,18.21828,1,5,4.34869003295898,0,"lb1","No"
"21","q21",41,13,24.69319,0,2,14.3740768432617,0,"lb1","No"
"22","q21",41,9,13.27651,1,2,2.19196319580078,0,"lb1","No"
"23","q21",41,8,26.21659,1,2,0.00099945068359375,1,"lb1","No"
"24","q21",41,21,6.742374,1,2,16.1682586669922,0,"lb1","No"
"25","q21",41,23,13.6442,1,1,0.00728607177734375,1,"lb1","No"
"26","q21",41,20,19.92944,1,2,15.1023979187012,0,"lb1","No"
"27","q21",41,17,15.55598,1,2,20.3862838745117,0,"lb1","No"
"28","q21",41,12,16.86189,1,2,14.9113693237305,0,"lb1","No"
"29","q21",41,19,13.069055,1,2,21.5877075195312,0,"lb1","No"
"30","q21",42,19,58.76305,1,3,20.1049728393555,0,"lb1","No"
"31","q21",42,11,45.49834,1,3,10.7513122558594,0,"lb1","No"
"32","q21",42,12,148.9904,1,3,12.0570983886719,0,"lb1","No"
"33","q21",42,7,80.06492,1,6,3.51968479156494,0,"lb1","No"
"34","q21",42,23,59.97174,1,2,0.435661315917969,0,"lb1","No"
"35","q21",42,17,120.1271,1,3,19.1229934692383,0,"lb1","No"
"36","q21",42,9,64.684098,1,3,1.82112121582031,0,"lb1","No"
"37","q21",42,18,84.54996,1,3,29.2023544311523,0,"lb1","No"
"38","q21",42,16,24.89017,1,3,25.9427719116211,0,"lb1","No"
"39","q21",42,21,57.17618,1,3,14.5900421142578,0,"lb1","No"
"40","q21",42,20,45.26533,1,3,13.7997913360596,0,"lb1","No"
"41","q21",43,11,33.06819,1,4,8.60982513427734,0,"lb1","No"
"42","q21",43,8,42.08963,1,4,0.00722503662109375,0,"lb1","No"
"43","q21",43,19,37.38192,1,4,18.1387176513672,0,"lb1","No"
"44","q21",43,20,61.95958,1,4,8.56161785125732,0,"lb1","No"
"45","q21",43,21,55.68511,1,4,10.0321884155273,0,"lb1","No"
"46","q21",43,16,48.98088,1,4,22.8761291503906,0,"lb1","No"
"47","q21",43,9,48.735547,1,4,0.0512771606445312,0,"lb1","No"
"48","q21",43,17,66.11322,0,4,16.4731597900391,0,"lb1","No"
"49","q21",43,18,117.36423,1,4,16.8680572509766,0,"lb1","No"
"50","q21",43,23,65.02607,1,3,0.380195617675781,0,"lb1","No"
"51","q21",43,24,15.23958,1,1,2.03443932533264,0,"lb1","No"
"52","q21",43,12,44.66387,1,4,11.9553756713867,0,"lb1","No"
"53","q21",43,7,35.93612,1,7,2.99789690971375,0,"lb1","No"
"54","q21",43,25,4.737876,0,1,34.7867317199707,0,"lb1","No"
"55","q21",44,19,50.26379,1,5,19.0277786254883,0,"lb1","No"
"56","q21",44,21,204.0113,1,5,4.85966491699219,0,"lb1","No"
"57","q21",44,11,36.38481,1,5,7.79916381835938,0,"lb1","No"
"58","q21",44,20,39.45012,1,5,8.90280151367188,0,"lb1","No"
"59","q21",44,18,107.60414,1,5,10.9962158203125,0,"lb1","No"
"60","q21",44,12,91.35139,1,5,11.2067794799805,0,"lb1","No"
"61","q21",44,7,53.67698,1,8,3.58992528915405,0,"lb1","No"
"62","q21",44,16,40.25068,1,5,23.0998764038086,0,"lb1","No"
"63","q21",44,8,65.9358,1,5,0.0167770385742188,0,"lb1","No"
"64","q21",44,9,84.63659,1,5,0.880821228027344,0,"lb1","No"
"65","q21",44,26,16.72898,1,1,-0.0793914794921875,1,"lb1","No"
"66","q21",44,24,13.3649,1,2,1.85617339611053,0,"lb1","No"
"67","q21",45,20,71.308229,1,6,8.50992488861084,0,"lb1","No"
"68","q21",45,8,36.19472,1,6,-0.112060546875,0,"lb1","No"
"69","q21",45,18,156.37857,1,6,6.83985137939453,0,"lb1","No"
"70","q21",45,12,68.79275,1,6,11.5021591186523,0,"lb1","No"
"71","q21",45,19,28.30066,1,6,19.5466079711914,0,"lb1","No"
"72","q21",45,21,127.9049,1,6,5.32408142089844,0,"lb1","No"
"73","q21",45,11,51.36433,1,6,8.07548522949219,0,"lb1","No"
"74","q21",45,7,65.20275,1,9,1.81819486618042,0,"lb1","No"
"75","q21",45,26,16.30665,1,2,0.250617980957031,1,"lb1","No"
"76","q21",45,23,5.178696,1,5,6.61637878417969,0,"lb1","No"
"77","q21",46,27,4.207047,0,1,-0.180152893066406,1,"lb1","No"
"78","q21",46,18,203.60124,1,7,7.80423736572266,0,"lb1","No"
"79","q21",46,20,86.60283,1,7,9.17465591430664,0,"lb1","No"
"80","q21",46,9,92.855958,1,7,-0.315971374511719,0,"lb1","No"
"81","q21",46,21,121.4433,1,7,4.09275817871094,0,"lb1","No"
"82","q21",46,19,40.97149,1,7,16.6672821044922,0,"lb1","No"
"83","q21",46,12,161.11806,1,7,2.69693756103516,0,"lb1","No"
"84","q21",46,23,32.564871,0,6,0.291366577148438,0,"lb1","No"
"85","q21",46,28,27.92072,0,1,0.872592985630035,0,"lb1","No"
"86","q21",46,7,90.86674,1,10,0.171644762158394,0,"lb1","No"
"87","q21",46,16,61.22118,1,7,23.7295837402344,0,"lb1","No"
"88","q21",46,8,44.25374,1,7,-0.083740234375,0,"lb1","No"
"89","q21",46,24,34.31045,1,4,1.64931499958038,0,"lb1","No"
"90","q21",46,26,45.17679,1,3,0.200996398925781,0,"lb1","No"
"91","q21",46,11,92.32926,1,7,5.45452880859375,0,"lb1","No"
"92","q21",47,20,85.20576,1,8,6.75915241241455,0,"lb1","No"
"93","q21",47,9,181.474637,1,8,-0.210281372070312,0,"lb1","No"
"94","q21",47,24,57.62706,1,5,2.93003535270691,0,"lb1","No"
"95","q21",47,8,98.5202,1,8,-0.0437164306640625,0,"lb1","No"
"96","q21",47,19,35.92545,0,8,15.2268524169922,0,"lb1","No"
"97","q21",47,16,80.74516,1,8,23.5122680664062,0,"lb1","No"
"98","q21",47,11,153.6344,1,8,6.31867218017578,0,"lb1","No"
"99","q21",47,18,275.0002,1,8,13.1694488525391,0,"lb1","No"
"100","q21",47,21,199.96473,1,8,2.30216979980469,0,"lb1","No"
"101","q21",47,7,83.94311,1,11,0.134583011269569,0,"lb1","No"
"102","q21",47,12,220.50347,1,8,0.692146301269531,0,"lb1","No"
"103","q21",48,24,40.17078,1,6,1.95638632774353,0,"lb1","No"
"104","q21",48,8,76.89815,1,9,0.0186309814453125,0,"lb1","No"
"105","q21",48,26,42.63718,1,5,-0.130386352539062,0,"lb1","No"
"106","q21",48,7,74.772,1,12,-0.09833974391222,0,"lb1","No"
"107","q21",48,11,194.311519,1,9,5.45894622802734,0,"lb1","No"
"108","q21",48,31,4.982909,1,1,1.90850675106049,1,"lb1","No"
"109","q21",48,20,178.2868,1,9,7.2613730430603,0,"lb1","No"
"110","q21",48,21,222.0582,1,9,3.02087664604187,0,"lb1","No"
"111","q21",48,29,17.19372,1,1,46.1606788635254,0,"lb1","No"
"112","q21",48,9,132.553302,1,9,0.122749328613281,0,"lb1","No"
"113","q21",48,32,4.978076,1,1,0.0290832947939634,1,"lb1","No"
"114","q21",48,16,84.18064,1,9,23.7715759277344,0,"lb1","No"
"115","q21",48,33,1.368204,0,1,0.0132346693426371,1,"lb1","No"
"116","q21",48,30,21.01181,1,1,39.0368041992188,0,"lb1","No"
"117","q21",48,12,105.531402,1,9,4.09549713134766,0,"lb1","No"
"118","q21",48,18,276.6392,1,9,13.5218734741211,0,"lb1","No"
"119","q21",49,16,71.62491,1,10,22.4084014892578,0,"lb1","No"
"120","q21",49,8,70.36552,1,10,0.0183334350585938,0,"lb1","No"
"121","q21",49,20,147.6003,1,10,5.05817413330078,0,"lb1","No"
"122","q21",49,21,205.59396,1,10,3.32101464271545,0,"lb1","No"
"123","q21",49,18,230.9272,1,10,12.1200180053711,0,"lb1","No"
"124","q21",49,24,41.09076,1,7,0.895554721355438,0,"lb1","No"
"125","q21",49,29,30.65276,1,2,44.3651313781738,0,"lb1","No"
"126","q21",49,30,21.36736,1,2,38.1807250976562,0,"lb1","No"
"127","q21",49,12,181.54759,1,10,2.55843353271484,0,"lb1","No"
"128","q21",49,7,83.22653,1,13,0.723902225494385,0,"lb1","No"
"129","q21",49,26,43.94467,1,6,-0.151878356933594,0,"lb1","No"
"130","q21",49,9,156.62004,1,10,0.120697021484375,0,"lb1","No"
"131","q21",49,11,150.0734,1,10,6.84352874755859,0,"lb1","No"
"132","q21",50,26,44.81048,1,7,0.596611022949219,0,"lb1","No"
"133","q21",50,9,179.18671,1,11,-0.889373779296875,0,"lb1","No"
"134","q21",50,31,31.535775,1,3,-0.410605669021606,0,"lb1","No"
"135","q21",50,20,166.47,1,11,1.61698257923126,0,"lb1","No"
"136","q21",50,18,304.2322,1,11,11.5460662841797,0,"lb1","No"
"137","q21",50,30,64.7226,1,3,38.2167663574219,0,"lb1","No"
"138","q21",50,24,30.41131,1,8,6.10552930831909,0,"lb1","No"
"139","q21",50,29,68.243,1,3,40.0037879943848,0,"lb1","No"
"140","q21",50,16,135.0638,1,11,23.5143890380859,0,"lb1","No"
"141","q21",50,12,157.07834,1,11,0.728080749511719,0,"lb1","No"
"142","q21",50,8,123.7128,1,11,-0.150230407714844,0,"lb1","No"
"143","q21",50,34,9.268274,1,1,-0.646854043006897,1,"lb1","No"
"144","q21",50,21,187.96591,1,11,0.76658570766449,0,"lb1","No"
"145","q21",50,7,59.26305,1,14,0.380360454320908,0,"lb1","No"
"146","q21",50,11,179.883,1,11,6.80664825439453,0,"lb1","No"
"147","q21",51,9,111.387581,1,12,-0.0564739443361759,0,"lb1","No"
"148","q21",51,30,30.67334,1,4,39.1596755981445,0,"lb1","No"
"149","q21",51,16,71.32917,1,12,21.2618408203125,0,"lb1","No"
"150","q21",51,12,57.16997,1,12,2.89729309082031,0,"lb1","No"
"151","q21",51,35,7.214721,1,1,13.2342729568481,0,"lb1","No"
"152","q21",51,20,86.7606,1,12,10.9735021591187,0,"lb1","No"
"153","q21",51,21,261.1350792,1,12,0.584304809570312,0,"lb1","No"
"154","q21",51,36,4.142547,1,1,17.6655044555664,0,"lb1","No"
"155","q21",51,8,75.31445,1,12,0.00606536865234375,0,"lb1","No"
"156","q21",51,18,197.05357,1,12,11.5540771484375,0,"lb1","No"
"157","q21",51,37,9.992653,1,1,2.95136308670044,0,"lb1","No"
"158","q21",51,29,37.28543,1,4,45.6891632080078,0,"lb1","No"
"159","q21",51,24,39.3545,1,9,-0.443454146385193,0,"lb1","No"
"160","q21",51,26,15.74664,1,8,-0.0306396484375,1,"lb1","No"
"161","q21",51,31,30.69226,1,4,0.255870968103409,1,"lb1","No"
"162","q21",51,38,4.927645,1,1,31.1108055114746,0,"lb1","No"
"163","q21",51,11,221.98857,1,12,5.33395385742188,0,"lb1","No"
"164","q21",51,32,55.91819,1,4,0.00244166841730475,0,"lb1","No"
"165","q21",51,7,61.68293,1,15,2.2766580581665,0,"lb1","No"
"166","q21",52,18,186.1588,1,13,11.9743041992188,0,"lb1","No"
"167","q21",52,31,103.5972,1,5,-0.444525599479675,0,"lb1","No"
"168","q21",52,29,77.9440357,1,5,40.6456527709961,0,"lb1","No"
"169","q21",52,16,93.36205,1,13,21.4395599365234,0,"lb1","No"
"170","q21",52,7,75.03025,1,16,2.58084225654602,0,"lb1","No"
"171","q21",52,37,16.81026,1,2,1.78848826885223,0,"lb1","No"
"172","q21",52,30,38.7887585,1,5,35.5296859741211,0,"lb1","No"
"173","q21",52,8,102.8812766,1,13,-0.178581237792969,0,"lb1","No"
"174","q21",52,11,253.2338067,1,13,5.50231170654297,0,"lb1","No"
"175","q21",52,39,0.7334725,0,1,22.7614841461182,0,"lb1","No"
"176","q21",52,32,33.09109,1,5,-0.0956302732229233,0,"lb1","No"
"177","q21",52,21,70.41221,1,13,5.57501983642578,0,"lb1","No"
"178","q21",52,38,10.44833,0,2,29.5332546234131,0,"lb1","No"
"179","q21",52,36,25.54877,1,2,18.3070068359375,0,"lb1","No"
"180","q21",52,20,106.93252,1,13,8.34038543701172,0,"lb1","No"
"181","q21",52,9,330.1849725,1,13,-0.611671447753906,0,"lb1","No"
"182","q21",52,42,0.7334734,0,1,21.8164386749268,0,"lb1","No"
"183","q21",52,34,73.13472,1,3,-0.660181879997253,0,"lb1","No"
"184","q21",52,24,25.48101,0,10,9.90816116333008,0,"lb1","No"
"185","q21",52,12,117.7523,1,13,1.24782562255859,0,"lb1","No"
"186","q21",52,41,11.29833,0,1,-0.183723449707031,1,"lb1","No"
"187","q21",52,26,30.47759,1,9,0.251449584960938,1,"lb1","No"
"188","q21",52,40,0.7334602,1,1,35.7147903442383,0,"lb1","No"
"189","q21",53,9,325.38392,1,14,-0.456194341182709,0,"lb1","No"
"190","q21",53,18,295.26841,1,14,9.08988189697266,0,"lb1","No"
"191","q21",53,12,90.22225,1,14,0.184524536132812,0,"lb1","No"
"192","q21",53,11,212.328385,1,14,3.79531097412109,0,"lb1","No"
"193","q21",53,31,77.267789,1,6,0.152835726737976,0,"lb1","No"
"194","q21",53,20,76.819587,1,14,10.2464942932129,0,"lb1","No"
"195","q21",53,7,39.27295,1,17,6.11078310012817,0,"lb1","No"
"196","q21",53,34,32.6278,1,4,0.297117620706558,0,"lb1","No"
"197","q21",53,32,22.13757,1,6,1.09544742107391,0,"lb1","No"
"198","q21",53,21,68.78559,1,14,3.21236205101013,0,"lb1","No"
"199","q21",53,30,48.78994,1,6,35.4701499938965,0,"lb1","No"
"200","q21",53,16,91.73754,1,14,20.0453872680664,0,"lb1","No"
"201","q21",53,8,83.90455,1,14,-0.0666427612304688,0,"lb1","No"
"202","q21",53,29,86.26105,1,6,43.1773567199707,0,"lb1","No"
"203","q21",53,37,27.40161,1,3,1.08627533912659,0,"lb1","No"
"204","q21",54,37,26.65543,1,4,2.49092745780945,0,"lb1","No"
"205","q21",54,11,121.745007,1,15,7.0799560546875,0,"lb1","No"
"206","q21",54,21,16.21339,1,15,20.4812774658203,0,"lb1","No"
"207","q21",54,26,5.306009,1,11,-0.0244064331054688,1,"lb1","No"
"208","q21",54,29,62.130149,1,7,36.5193023681641,0,"lb1","No"
"209","q21",54,31,114.65731,1,7,0.223306924104691,0,"lb1","No"
"210","q21",54,18,207.67853,1,15,13.8696823120117,0,"lb1","No"
"211","q21",54,20,105.60328,1,15,6.38202953338623,0,"lb1","No"
"212","q21",54,40,8.133623,1,3,34.2080001831055,0,"lb1","No"
"213","q21",54,36,17.86854,1,4,18.1387710571289,0,"lb1","No"
"214","q21",54,8,107.3143,1,15,0.00060272216796875,0,"lb1","No"
"215","q21",54,9,317.64629,1,15,0.016326904296875,0,"lb1","No"
"216","q21",54,7,51.62531,1,18,4.61902618408203,0,"lb1","No"
"217","q21",54,12,44.922427,1,15,-0.029693603515625,0,"lb1","No"
"218","q21",54,35,6.279575,1,4,6.37178993225098,0,"lb1","No"
"219","q21",54,44,5.295709,1,1,26.6561660766602,0,"lb1","No"
"220","q21",54,32,18.92969,1,7,0.0019758369307965,1,"lb1","No"
"221","q21",54,30,62.28639,1,7,32.054817199707,0,"lb1","No"
"222","q21",54,43,5.323595,1,1,12.4599723815918,0,"lb1","No"
"223","q21",54,45,4.275749,1,1,14.5849533081055,0,"lb1","No"
"224","q21",54,34,38.10244,1,5,0.392317801713943,0,"lb1","No"
"225","q21",55,21,33.39357,1,16,14.1148071289062,0,"lb1","No"
"226","q21",55,26,2.899262,0,12,2.80746459960938,1,"lb1","No"
"227","q21",55,18,239.813712,1,16,5.45802307128906,0,"lb1","No"
"228","q21",55,45,5.467085,1,2,14.793098449707,0,"lb1","No"
"229","q21",55,31,175.15199,1,8,0.036452267318964,0,"lb1","No"
"230","q21",55,44,4.899311,1,2,28.4386901855469,0,"lb1","No"
"231","q21",55,35,7.051533,1,5,4.77152967453003,0,"lb1","No"
"232","q21",55,36,21.017202,1,5,19.6123046875,0,"lb1","No"
"233","q21",55,37,55.44404,1,5,0.0223993454128504,0,"lb1","No"
"234","q21",55,32,25.10104,1,8,-0.0689097791910172,1,"lb1","No"
"235","q21",55,20,76.733762,1,16,8.70250701904297,0,"lb1","No"
"236","q21",55,43,3.721301,1,2,11.6310501098633,0,"lb1","No"
"237","q21",55,30,48.9266,1,8,35.7444038391113,0,"lb1","No"
"238","q21",55,7,98.38534,1,19,2.00072717666626,0,"lb1","No"
"239","q21",55,8,25.635768,1,16,0.559715270996094,0,"lb1","No"
"240","q21",55,9,153.72346,1,16,-0.248802185058594,0,"lb1","No"
"241","q21",55,29,87.473359,1,8,33.4523696899414,0,"lb1","No"
"242","q21",55,11,100.924181,1,16,6.45124816894531,0,"lb1","No"
"243","q21",55,12,22.258597,1,16,3.70585632324219,0,"lb1","No"
"244","q21",55,34,15.58248,1,6,7.13370752334595,0,"lb1","No"
"245","q21",55,40,15.396774,1,4,34.9436340332031,0,"lb1","No"
"246","q21",55,16,10.5062586,0,16,23.1156234741211,0,"lb1","No"
"247","q21",56,12,42.44539,0,17,3.12348937988281,0,"lb1","No"
"248","q21",56,18,206.2886627,1,17,5.47783660888672,0,"lb1","No"
"249","q21",56,34,2.337263,1,7,7.85647630691528,0,"lb1","No"
"250","q21",56,11,106.496611,1,17,3.93057250976562,0,"lb1","No"
"251","q21",56,40,9.217468,1,5,33.4829635620117,0,"lb1","No"
"252","q21",56,35,3.603111,0,6,7.25642967224121,0,"lb1","No"
"253","q21",56,21,23.451227,1,17,14.7343826293945,0,"lb1","No"
"254","q21",56,44,2.945834,0,3,27.5054779052734,0,"lb1","No"
"255","q21",56,45,5.285853,0,3,14.8925018310547,0,"lb1","No"
"256","q21",56,43,29.97492,1,3,12.1790866851807,0,"lb1","No"
"257","q21",56,32,25.382869,0,9,-0.00251477584242821,1,"lb1","No"
"258","q21",56,31,123.858089,1,9,-1.69029819965363,0,"lb1","No"
"259","q21",56,37,29.72948,1,6,5.01736307144165,0,"lb1","No"
"260","q21",56,29,66.520343,1,9,31.4569396972656,0,"lb1","No"
"261","q21",56,20,78.042959,1,17,10.2122383117676,0,"lb1","No"
"262","q21",56,36,5.802366,1,6,24.0937271118164,0,"lb1","No"
"263","q21",56,9,95.62123,1,17,0.78765869140625,0,"lb1","No"
"264","q21",56,8,2.681295,0,17,3.87682342529297,0,"lb1","No"
"265","q21",56,30,28.62252,1,9,37.184944152832,0,"lb1","No"
"266","q21",57,30,38.23388,1,10,36.4378051757812,0,"lb1","No"
"267","q21",57,21,17.79218,1,18,18.3662624359131,0,"lb1","No"
"268","q21",57,7,51.68076,1,21,5.21236085891724,0,"lb1","No"
"269","q21",57,29,108.51449,1,10,33.880729675293,0,"lb1","No"
"270","q21",57,18,105.23902,1,18,12.1285858154297,0,"lb1","No"
"271","q21",57,40,19.27253,1,6,35.0161666870117,0,"lb1","No"
"272","q21",57,36,17.7378,1,7,23.1457595825195,0,"lb1","No"
"273","q21",57,31,83.14174,1,10,0.964111626148224,0,"lb1","No"
"274","q21",57,34,23.82931,1,8,4.7951397895813,0,"lb1","No"
"275","q21",57,20,56.67818,1,18,7.5390510559082,0,"lb1","No"
"276","q21",57,11,41.260955,1,18,9.92965698242188,0,"lb1","No"
"277","q21",57,37,56.02822,1,7,0.648061692714691,0,"lb1","No"
"278","q21",57,9,71.86568,1,18,0.39007568359375,0,"lb1","No"
"279","q21",58,20,67.19972,1,19,6.9240403175354,0,"lb1","No"
"280","q21",58,18,161.73338,1,19,14.8278350830078,0,"lb1","No"
"281","q21",58,37,22.95497,1,8,7.03762483596802,0,"lb1","No"
"282","q21",58,21,19.40311,1,19,20.1977386474609,0,"lb1","No"
"283","q21",58,29,97.141043,1,11,31.9537734985352,0,"lb1","No"
"284","q21",58,31,170.94523,1,11,0.0380319580435753,0,"lb1","No"
"285","q21",58,7,54.13836,1,22,3.57904815673828,0,"lb1","No"
"286","q21",58,40,33.02207,0,7,33.9779891967773,0,"lb1","No"
"287","q21",58,43,38.08195,1,5,6.68361520767212,0,"lb1","No"
"288","q21",58,11,17.07451,1,19,12.4959869384766,0,"lb1","No"
"289","q21",58,34,13.15728,0,9,3.74432015419006,0,"lb1","No"
"290","q21",58,36,63.75379,1,8,20.6571502685547,0,"lb1","No"
"291","q21",58,9,65.32626,1,19,1.67033386230469,0,"lb1","No"
"292","q21",58,30,84.53556,1,11,29.2793502807617,0,"lb1","No"
"293","q21",59,29,382.61131,1,12,29.7490406036377,0,"lb1","No"
"294","q21",59,37,103.5164,1,9,-0.229595482349396,0,"lb1","No"
"295","q21",59,20,208.13726,1,20,0.0158563181757927,0,"lb1","No"
"296","q21",59,7,113.0433,1,23,4.06235504150391,0,"lb1","No"
"297","q21",59,21,92.2281,1,20,8.40994739532471,0,"lb1","No"
"298","q21",59,18,357.83314,1,20,10.9656753540039,0,"lb1","No"
"299","q21",59,43,43.96749,1,6,6.51132583618164,0,"lb1","No"
"300","q21",59,36,74.02781,1,9,21.1614532470703,0,"lb1","No"
"301","q21",59,30,75.88218,1,12,26.0659351348877,0,"lb1","No"
"302","q21",59,11,91.444787,1,20,10.1443786621094,0,"lb1","No"
"303","q21",59,9,100.30257,1,20,0.051971435546875,0,"lb1","No"
"304","q21",59,31,301.81948,1,12,-0.563060760498047,0,"lb1","No"
"305","q21",60,37,49.82487,1,10,4.51230144500732,0,"lb1","No"
"306","q21",60,21,19.854898,1,21,10.8705272674561,0,"lb1","No"
"307","q21",60,20,44.92492,1,21,-0.281929671764374,0,"lb1","No"
"308","q21",60,30,77.94797,1,13,20.8163757324219,0,"lb1","No"
"309","q21",60,9,67.992676,1,21,1.80274200439453,0,"lb1","No"
"310","q21",60,31,309.69895,1,13,-0.35659322142601,0,"lb1","No"
"311","q21",60,18,233.19855,1,21,13.4039993286133,0,"lb1","No"
"312","q21",60,7,48.91325,1,24,5.44755554199219,0,"lb1","No"
"313","q21",60,36,33.50441,0,10,21.5032196044922,0,"lb1","No"
"314","q21",60,43,6.710787,0,7,12.2951164245605,0,"lb1","No"
"315","q21",60,46,11.3097,1,1,18.41676902771,0,"lb1","No"
"316","q21",60,11,47.49235,1,21,15.0420989990234,0,"lb1","No"
"317","q21",60,47,28.48748,1,1,9.80887222290039,0,"lb1","No"
"318","q21",60,29,335.1683,1,13,30.1507873535156,0,"lb1","No"
"319","q21",61,48,38.07064,0,1,10.1330642700195,0,"lb1","No"
"320","q21",61,21,57.18504,1,22,14.4505310058594,0,"lb1","No"
"321","q21",61,30,147.88596,1,14,23.670015335083,0,"lb1","No"
"322","q21",61,37,146.008,1,11,0.00123094115406275,0,"lb1","No"
"323","q21",61,31,284.71917,1,14,0.205363735556602,0,"lb1","No"
"324","q21",61,29,612.14752,1,14,18.3647918701172,0,"lb1","No"
"325","q21",61,18,210.4402,1,22,8.19472503662109,0,"lb1","No"
"326","q21",61,11,125.26926,1,22,-0.281578063964844,0,"lb1","No"
"327","q21",61,7,67.19009,1,25,2.05599212646484,0,"lb1","No"
"328","q21",61,9,143.2547,1,22,-0.658126831054688,0,"lb1","No"
"329","q21",61,20,83.80798,1,22,1.10030090808868,0,"lb1","No"
"330","q21",61,46,63.91283,1,2,12.0773124694824,0,"lb1","No"
"331","q21",61,47,93.48107,1,2,11.6166191101074,0,"lb1","No"
"332","q21",62,37,222.5166,1,12,-0.0326306223869324,0,"lb1","No"
"333","q21",62,46,119.5489,1,3,8.88055419921875,0,"lb1","No"
"334","q21",62,18,378.73061,1,23,11.9675445556641,0,"lb1","No"
"335","q21",62,30,169.6053,1,15,20.380880355835,0,"lb1","No"
"336","q21",62,9,72.01628,1,23,-1.56375885009766,0,"lb1","No"
"337","q21",62,20,24.72118,1,23,-0.539216756820679,1,"lb1","No"
"338","q21",62,31,81.93637,1,15,1.47245872020721,0,"lb1","No"
"339","q21",62,7,148.4338,1,26,2.64345550537109,0,"lb1","No"
"340","q21",62,11,35.47802,1,23,10.7343215942383,0,"lb1","No"
"341","q21",62,29,823.25524,1,15,0.0418472290039062,0,"lb1","No"
"342","q21",63,7,4.604605,0,27,7.23308134078979,0,"lb1","No"
"343","q21",63,18,199.95673,1,24,14.5802841186523,0,"lb1","No"
"344","q21",63,21,16.23372,1,24,16.5795574188232,0,"lb1","No"
"345","q21",63,11,21.23965,1,24,14.9848937988281,0,"lb1","No"
"346","q21",63,9,103.82772,1,24,0.157600402832031,0,"lb1","No"
"347","q21",63,37,148.73653,1,13,0.00473478157073259,0,"lb1","No"
"348","q21",63,46,35.58012,1,4,17.5196838378906,0,"lb1","No"
"349","q21",63,31,32.5016,1,16,0.058417122811079,0,"lb1","No"
"350","q21",63,29,386.35878,1,16,4.24687957763672,0,"lb1","No"
"351","q21",63,20,22.1792,1,24,5.1479115486145,0,"lb1","No"
"352","q21",63,30,75.03793,1,16,17.8145179748535,0,"lb1","No"
"353","q21",64,31,57.58559,0,17,0.930958032608032,0,"lb1","No"
"354","q21",64,20,4.940216,1,25,3.42142486572266,0,"lb1","No"
"355","q21",64,21,12.71731,1,25,18.2998046875,0,"lb1","No"
"356","q21",64,9,259.14935,1,25,-1.01016759872437,0,"lb1","No"
"357","q21",64,47,3.57868,1,5,17.4402008056641,0,"lb1","No"
"358","q21",64,18,340.8932,1,25,14.123664855957,0,"lb1","No"
"359","q21",64,37,101.3877,1,14,0.121785677969456,0,"lb1","No"
"360","q21",64,30,42.42765,1,17,24.4334564208984,0,"lb1","No"
"361","q21",64,11,60.63536,1,25,14.2804794311523,0,"lb1","No"
"362","q21",64,46,81.51427,1,5,9.9534797668457,0,"lb1","No"
"363","q21",64,29,570.27034,1,17,-0.665390014648438,0,"lb1","No"
"364","q21",65,18,229.11284,1,26,11.9334869384766,0,"lb1","No"
"365","q21",65,20,34.46844,1,26,-0.285179138183594,0,"lb1","No"
"366","q21",65,47,21.992257,1,6,11.2329254150391,0,"lb1","No"
"367","q21",65,30,60.54789,1,18,26.0645294189453,0,"lb1","No"
"368","q21",65,37,152.02248,1,15,-0.100406788289547,0,"lb1","No"
"369","q21",65,11,63.57661,0,26,11.4919967651367,0,"lb1","No"
"370","q21",65,9,110.68915,1,26,-1.05650329589844,0,"lb1","No"
"371","q21",65,29,713.413289,1,18,0.0707473754882812,0,"lb1","No"
"372","q21",65,49,19.2389,1,1,-0.032257080078125,1,"lb1","No"
"373","q21",65,21,62.1448,0,26,20.8386688232422,0,"lb1","No"
"374","q21",65,50,2.581343,0,1,3.26659393310547,0,"lb1","No"
"375","q21",65,46,135.48147,1,6,7.24615049362183,0,"lb1","No"
"376","q21",66,47,3.91143,0,7,17.2404479980469,0,"lb1","No"
"377","q21",66,9,37.9927,0,27,-1.35654556751251,0,"lb1","No"
"378","q21",66,29,179.036424,1,19,5.8565673828125,0,"lb1","No"
"379","q21",66,51,9.723453,1,1,14.2682342529297,0,"lb1","No"
"380","q21",66,46,106.53741,1,7,3.50280332565308,0,"lb1","No"
"381","q21",66,49,13.32168,1,2,3.6712646484375,0,"lb1","No"
"382","q21",66,20,9.547928,1,27,4.88224029541016,0,"lb1","No"
"383","q21",66,18,140.8797,1,27,14.4822158813477,0,"lb1","No"
"384","q21",66,30,33.70079,0,19,24.7706146240234,0,"lb1","No"
"385","q21",67,51,76.145,1,2,10.6224670410156,0,"lb1","No"
"386","q21",67,29,328.07433,1,20,30.3533630371094,0,"lb1","No"
"387","q21",67,52,31.79623,1,1,15.2969818115234,0,"lb1","No"
"388","q21",67,46,49.44142,1,8,10.4402418136597,0,"lb1","No"
"389","q21",67,18,140.5719,1,28,9.66132354736328,0,"lb1","No"
"390","q21",67,37,48.38406,0,17,-0.251358717679977,0,"lb1","No"
"391","q21",67,20,51.49289,1,28,0.991401672363281,0,"lb1","No"
"392","q22",38,17,28.83867,0,1,8.9084997177124,0,"lb1","No"
"393","q22",39,18,1.922688,1,1,9.14553833007812,0,"lb1","No"
"394","q22",39,19,1.228655,0,1,40.2820625305176,0,"lb1","No"
"395","q22",40,18,2.838392,1,2,9.34115409851074,0,"lb1","No"
"396","q22",42,20,13.52216,1,1,5.44504261016846,0,"lb1","No"
"397","q22",43,23,2.606849,1,1,0.996991693973541,1,"lb1","No"
"398","q22",43,21,6.753936,1,1,-0.273666381835938,1,"lb1","No"
"399","q22",43,26,1.552024,1,1,40.6265296936035,0,"lb1","No"
"400","q22",43,22,0.8596437,0,1,1.43074035644531,1,"lb1","No"
"401","q22",43,20,3.056413,1,2,3.9913477897644,0,"lb1","No"
"402","q22",43,25,2.7019,0,1,31.8681755065918,0,"lb1","No"
"403","q22",43,28,17.89949,1,1,13.1541290283203,0,"lb1","No"
"404","q22",43,27,2.308652,0,1,35.4940528869629,0,"lb1","No"
"405","q22",43,24,3.213211,0,1,4.35256290435791,0,"lb1","No"
"406","q22",43,31,1.50495,0,1,0.355890482664108,1,"lb1","No"
"407","q22",43,30,3.813313,1,1,3.98101162910461,0,"lb1","No"
"408","q22",43,29,50.27905,1,1,8.13204956054688,0,"lb1","No"
"409","q22",43,18,19.68661,1,5,6.34721994400024,0,"lb1","No"
"410","q22",44,28,14.02261,1,2,14.5362548828125,0,"lb1","No"
"411","q22",44,20,17.3509,1,3,3.65780353546143,0,"lb1","No"
"412","q22",44,18,47.64743,1,6,7.0655951499939,0,"lb1","No"
"413","q22",44,29,37.1334,1,2,6.36051273345947,0,"lb1","No"
"414","q22",44,21,6.896407,1,2,0.667732238769531,1,"lb1","No"
"415","q22",44,32,5.119005,0,1,16.8057079315186,0,"lb1","No"
"416","q22",44,26,2.120425,0,2,42.0437698364258,0,"lb1","No"
"417","q22",45,23,6.024424,0,3,-0.536430358886719,1,"lb1","No"
"418","q22",45,18,45.19132,1,7,4.34927368164062,0,"lb1","No"
"419","q22",45,20,30.7702,1,4,0.0755136162042618,0,"lb1","No"
"420","q22",45,29,18.86455,1,3,7.0494179725647,0,"lb1","No"
"421","q22",45,21,16.3868,1,3,1.29103851318359,0,"lb1","No"
"422","q22",46,29,14.12346,1,4,6.32923126220703,0,"lb1","No"
"423","q22",46,30,2.920945,1,4,4.05174160003662,0,"lb1","No"
"424","q22",46,18,51.24812,1,8,1.11734771728516,0,"lb1","No"
"425","q22",46,20,24.62729,1,5,1.6429603099823,0,"lb1","No"
"426","q22",46,21,25.95494,1,4,0.635261535644531,0,"lb1","No"
"427","q22",46,28,34.43282,1,4,12.8726654052734,0,"lb1","No"
"428","q22",47,29,57.88321,1,5,4.05972576141357,0,"lb1","No"
"429","q22",47,20,96.49933,1,6,-0.0933847054839134,0,"lb1","No"
"430","q22",47,30,20.46832,1,5,3.08641529083252,0,"lb1","No"
"431","q22",47,21,45.15392,1,5,-0.23626708984375,0,"lb1","No"
"432","q22",47,18,11.98205,1,9,1.51383972167969,0,"lb1","No"
"433","q22",47,28,66.58698,1,5,12.9771575927734,0,"lb1","No"
"434","q22",48,20,27.20705,1,7,2.97249388694763,0,"lb1","No"
"435","q22",48,28,59.93331,1,6,11.310676574707,0,"lb1","No"
"436","q22",48,33,5.232495,0,1,28.6051635742188,0,"lb1","No"
"437","q22",48,18,22.96852,1,10,-0.324790954589844,1,"lb1","No"
"438","q22",48,34,8.781969,1,1,37.4392738342285,0,"lb1","No"
"439","q22",48,30,15.58545,1,6,1.98452663421631,0,"lb1","No"
"440","q22",48,21,37.28865,1,6,0.215499877929688,0,"lb1","No"
"441","q22",48,29,50.60712,1,6,6.41038656234741,0,"lb1","No"
"442","q22",49,30,28.86782,1,7,0.0237249601632357,1,"lb1","No"
"443","q22",49,28,48.30802,1,7,14.1477966308594,0,"lb1","No"
"444","q22",49,36,3.717366,1,1,4.32144927978516,0,"lb1","No"
"445","q22",49,20,65.03165,1,8,-0.0538977459073067,0,"lb1","No"
"446","q22",49,18,47.65184,1,11,2.16558074951172,0,"lb1","No"
"447","q22",49,35,2.84084,0,1,4.43710327148438,0,"lb1","No"
"448","q22",49,38,1.296116,0,1,3.12558746337891,1,"lb1","No"
"449","q22",49,29,50.02885,1,7,4.38212776184082,0,"lb1","No"
"450","q22",49,21,79.437845,1,7,-0.204879760742188,0,"lb1","No"
"451","q22",49,37,5.429768,0,1,5.61374664306641,0,"lb1","No"
"452","q22",50,28,42.20732,0,8,12.4781341552734,0,"lb1","No"
"453","q22",50,18,52.76298,1,12,0.43976429104805,0,"lb1","No"
"454","q22",50,34,5.367623,1,3,34.1884880065918,0,"lb1","No"
"455","q22",50,29,47.12584,1,8,6.42431926727295,0,"lb1","No"
"456","q22",50,21,36.46833,1,8,-0.259803771972656,0,"lb1","No"
"457","q22",51,20,42.09133,1,10,0.354419022798538,0,"lb1","No"
"458","q22",51,30,21.24496,1,9,2.28035831451416,0,"lb1","No"
"459","q22",51,34,10.76732,1,4,31.9324016571045,0,"lb1","No"
"460","q22",51,36,8.780038,1,3,0.420257568359375,1,"lb1","No"
"461","q22",51,29,36.33015,1,9,7.58926868438721,0,"lb1","No"
"462","q22",51,18,64.56974,1,13,1.470458984375,0,"lb1","No"
"463","q22",51,21,29.81131,1,9,-0.341026306152344,1,"lb1","No"
"464","q22",52,18,89.26296,1,14,0.325057983398438,0,"lb1","No"
"465","q22",52,36,9.029487,0,4,2.45108032226562,0,"lb1","No"
"466","q22",52,29,87.33225,1,10,4.31802845001221,0,"lb1","No"
"467","q22",52,30,54.538243,1,10,1.98831987380981,0,"lb1","No"
"468","q22",52,20,79.93549,1,11,-0.108961559832096,0,"lb1","No"
"469","q22",52,21,62.62596,1,10,-0.274551391601562,0,"lb1","No"
"470","q22",53,30,50.316569,1,11,1.82660686969757,0,"lb1","No"
"471","q22",53,29,34.93873,1,11,7.23372554779053,0,"lb1","No"
"472","q22",53,20,35.76275,0,12,3.19327092170715,0,"lb1","No"
"473","q22",53,18,59.53765,1,15,-0.149596199393272,0,"lb1","No"
"474","q22",53,40,6.236289,1,1,23.8950595855713,0,"lb1","No"
"475","q22",53,42,11.19274,1,1,5.91680526733398,0,"lb1","No"
"476","q22",53,21,66.67055,1,11,-0.472862243652344,0,"lb1","No"
"477","q22",53,41,12.57174,1,1,13.9605922698975,0,"lb1","No"
"478","q22",53,39,23.63888,1,1,-0.0362167358398438,1,"lb1","No"
"479","q22",54,42,9.34479,1,2,0.555453062057495,0,"lb1","No"
"480","q22",54,39,21.21509,1,2,-0.0130462646484375,1,"lb1","No"
"481","q22",54,41,10.493682,1,2,11.8422012329102,0,"lb1","No"
"482","q22",54,29,23.679576,1,12,4.77365016937256,0,"lb1","No"
"483","q22",54,43,7.139627,1,1,8.23173522949219,0,"lb1","No"
"484","q22",54,44,4.321361,1,1,21.4430522918701,0,"lb1","No"
"485","q22",54,30,14.644252,1,12,1.35038805007935,0,"lb1","No"
"486","q22",54,21,63.67932,1,12,0.233940124511719,0,"lb1","No"
"487","q22",54,18,55.75921,1,16,-0.0473934598267078,0,"lb1","No"
"488","q22",54,34,13.84263,1,7,33.7821846008301,0,"lb1","No"
"489","q22",54,45,2.879808,0,1,6.49806785583496,0,"lb1","No"
"490","q22",55,42,5.669785,1,3,5.46061897277832,0,"lb1","No"
"491","q22",55,46,5.944239,0,1,20.1022338867188,0,"lb1","No"
"492","q22",55,30,22.448925,0,13,1.08413338661194,0,"lb1","No"
"493","q22",55,44,8.424939,0,2,22.5265483856201,0,"lb1","No"
"494","q22",55,40,4.178487,0,3,23.0437316894531,0,"lb1","No"
"495","q22",55,39,16.82842,0,3,-0.0265579223632812,0,"lb1","No"
"496","q22",55,18,90.21988,1,17,-0.100333832204342,0,"lb1","No"
"497","q22",55,21,82.95045,1,13,0.103996276855469,0,"lb1","No"
"498","q22",55,29,9.104124,0,13,8.69319343566895,0,"lb1","No"
"499","q22",55,41,42.017823,1,3,11.1165075302124,0,"lb1","No"
"500","q22",56,41,21.720926,1,4,10.3068866729736,0,"lb1","No"
"501","q22",56,42,10.588047,1,4,0.239604741334915,0,"lb1","No"
"502","q22",56,21,7.113967,0,14,5.35749053955078,0,"lb1","No"
"503","q22",56,18,15.693811,1,18,0.20447301864624,0,"lb1","No"
"504","q22",57,18,7.400807,1,19,4.67551040649414,0,"lb1","No"
"505","q22",57,43,24.4918,1,4,8.57564544677734,0,"lb1","No"
"506","q22",57,34,18.16725,1,10,35.1354942321777,0,"lb1","No"
"507","q22",57,41,44.57766,1,5,21.3620471954346,0,"lb1","No"
"508","q22",57,42,5.939641,1,5,5.73925113677979,0,"lb1","No"
"509","q22",58,43,9.74227,1,5,10.38818359375,0,"lb1","No"
"510","q22",58,41,59.052061,1,6,19.0262699127197,0,"lb1","No"
"511","q22",59,43,38.64028,1,6,4.89492034912109,0,"lb1","No"
"512","q22",59,41,57.71169,1,7,18.8674945831299,0,"lb1","No"
"513","q22",59,42,44.43938,1,7,-0.243572130799294,0,"lb1","No"
"514","q22",60,42,11.227307,1,8,2.08428645133972,0,"lb1","No"
"515","q22",60,18,1.654119,0,22,3.88663506507874,0,"lb1","No"
"516","q22",60,34,8.657925,1,13,30.4501304626465,0,"lb1","No"
"517","q22",60,48,2.890023,1,1,8.33638000488281,0,"lb1","No"
"518","q22",60,47,38.47812,0,1,1.14485931396484,0,"lb1","No"
"519","q22",60,43,13.03012,1,7,10.588134765625,0,"lb1","No"
"520","q22",60,41,19.01375,1,8,17.9182300567627,0,"lb1","No"
"521","q22",61,48,15.39578,1,2,5.69945859909058,0,"lb1","No"
"522","q22",61,41,84.6723,1,9,20.8156070709229,0,"lb1","No"
"523","q22",61,34,24.25228,0,14,34.1610832214355,0,"lb1","No"
"524","q22",61,49,52.86245,1,1,0.0969399362802505,0,"lb1","No"
"525","q22",61,42,132.3797,1,9,0.282690346240997,0,"lb1","No"
"526","q22",61,43,80.32858,1,8,6.53026580810547,0,"lb1","No"
"527","q22",64,41,33.369722,1,12,17.8413143157959,0,"lb1","No"
"528","q22",64,50,9.605636,1,3,11.8981895446777,0,"lb1","No"
"529","q22",64,43,28.32273,1,11,8.20794677734375,0,"lb1","No"
"530","q22",64,42,77.95168,1,12,0.0945759788155556,0,"lb1","No"
"531","q22",64,49,33.93333,0,4,0.223975986242294,0,"lb1","No"
"532","q22",65,50,14.569514,1,4,12.5739593505859,0,"lb1","No"
"533","q22",65,42,54.18008,0,13,-0.63479745388031,0,"lb1","No"
"534","q22",65,43,30.31329,1,12,10.720588684082,0,"lb1","No"
"535","q22",66,43,17.305731,1,13,13.3301315307617,0,"lb1","No"
"536","q22",66,41,29.48886,1,14,12.9980487823486,0,"lb1","No"
"537","q22",67,41,13.16193,1,15,17.129711151123,0,"lb1","No"
"538","q22",70,43,20.023286,1,17,5.85219573974609,0,"lb1","No"
"539","q22",70,41,23.80941,1,18,15.0279035568237,0,"lb1","No"
"540","q22",70,50,12.52998,1,9,12.5323524475098,0,"lb1","No"
"541","q23",35,29,10.46873,0,1,22.7546844482422,0,"lb1","No"
"542","q23",35,28,8.50361,0,1,18.2736129760742,0,"lb1","No"
"543","q23",35,27,3.658055,0,1,-0.107772827148438,1,"lb1","No"
"544","q23",36,30,12.79278,1,1,8.00251770019531,0,"lb1","No"
"545","q23",37,30,26.70376,1,2,5.40569305419922,0,"lb1","No"
"546","q23",38,30,75.92633,1,3,6.19158172607422,0,"lb1","No"
"547","q23",39,30,56.57442,1,4,2.1473388671875,0,"lb1","No"
"548","q23",40,32,2.484576,1,1,25.5940971374512,0,"lb1","No"
"549","q23",40,31,1.399361,1,1,1.60438537597656,1,"lb1","No"
"550","q23",41,31,7.473118,1,2,0.115715026855469,1,"lb1","No"
"551","q23",41,30,21.310309,1,6,2.30397796630859,0,"lb1","No"
"552","q23",41,33,16.4508,1,1,8.33954620361328,0,"lb1","No"
"553","q23",42,30,58.31213,1,7,-0.00052642822265625,0,"lb1","No"
"554","q23",42,33,24.24108,1,2,1.12003326416016,0,"lb1","No"
"555","q23",42,35,29.56692,1,1,18.8154067993164,0,"lb1","No"
"556","q23",42,31,59.37778,1,3,0.160972595214844,0,"lb1","No"
"557","q23",42,34,18.07902,1,1,11.6447601318359,0,"lb1","No"
"558","q23",43,35,44.43868,1,2,18.4785919189453,0,"lb1","No"
"559","q23",43,34,17.53731,1,2,11.0532913208008,0,"lb1","No"
"560","q23",43,30,57.79819,1,8,-0.00238037109375,0,"lb1","No"
"561","q23",43,31,43.1447,1,4,0.187156677246094,0,"lb1","No"
"562","q23",43,36,10.86709,1,1,3.32096862792969,0,"lb1","No"
"563","q23",43,37,18.93769,1,1,25.6297912597656,0,"lb1","No"
"564","q23",43,33,34.650359,1,3,0.00653839111328125,0,"lb1","No"
"565","q23",43,38,9.217746,1,1,29.0414733886719,0,"lb1","No"
"566","q23",43,40,7.27738,1,1,-0.483481794595718,1,"lb1","No"
"567","q23",43,32,17.41458,0,4,24.4438667297363,0,"lb1","No"
"568","q23",43,39,2.231796,0,1,7.15585327148438,0,"lb1","No"
"569","q23",44,41,12.05006,1,1,0.0464935302734375,1,"lb1","No"
"570","q23",44,35,17.041433,0,3,17.4144134521484,0,"lb1","No"
"571","q23",44,31,75.94086,1,5,-0.116912841796875,0,"lb1","No"
"572","q23",44,33,47.5186,1,4,-0.0861282348632812,0,"lb1","No"
"573","q23",44,40,5.413201,0,2,0.10866467654705,1,"lb1","No"
"574","q23",44,38,13.98046,1,2,28.3634948730469,0,"lb1","No"
"575","q23",44,30,60.55614,1,9,-0.0005035400390625,0,"lb1","No"
"576","q23",44,36,9.462708,0,2,2.82380676269531,0,"lb1","No"
"577","q23",45,34,13.99854,1,4,12.9901962280273,0,"lb1","No"
"578","q23",45,31,7.861298,1,6,3.62307739257812,0,"lb1","No"
"579","q23",45,30,53.64396,1,10,2.72513580322266,0,"lb1","No"
"580","q23",45,38,16.7494,1,3,30.8254470825195,0,"lb1","No"
"581","q23",45,42,8.975023,1,1,28.3175354003906,0,"lb1","No"
"582","q23",45,33,34.470976,1,5,1.27240753173828,0,"lb1","No"
"583","q23",45,37,38.44601,1,3,25.3222579956055,0,"lb1","No"
"584","q23",46,30,74.76176,1,11,-0.0686721801757812,0,"lb1","No"
"585","q23",46,37,24.87287,1,4,26.1387710571289,0,"lb1","No"
"586","q23",46,34,14.49648,1,5,11.5307312011719,0,"lb1","No"
"587","q23",46,38,26.84111,1,4,28.6089782714844,0,"lb1","No"
"588","q23",46,31,7.494887,1,7,0.303985595703125,1,"lb1","No"
"589","q23",46,41,24.42182,1,3,-0.21636962890625,1,"lb1","No"
"590","q23",46,42,21.76328,1,2,26.8299026489258,0,"lb1","No"
"591","q23",46,43,9.81759,1,1,6.08179473876953,0,"lb1","No"
"592","q23",46,33,54.728219,1,6,0.2896728515625,0,"lb1","No"
"593","q23",47,37,67.02702,1,5,26.2933959960938,0,"lb1","No"
"594","q23",47,31,24.59749,0,8,0.080902099609375,1,"lb1","No"
"595","q23",47,34,38.31833,1,6,13.5693206787109,0,"lb1","No"
"596","q23",47,43,36.54878,1,2,5.71249389648438,0,"lb1","No"
"597","q23",47,38,54.54139,1,5,21.955078125,0,"lb1","No"
"598","q23",47,33,180.0286,1,7,0.103981018066406,0,"lb1","No"
"599","q23",47,44,14.17615,1,1,6.14379215240479,0,"lb1","No"
"600","q23",47,30,103.204,1,12,-0.0123672485351562,0,"lb1","No"
"601","q23",47,42,75.72057,1,3,24.8772811889648,0,"lb1","No"
"602","q23",48,30,124.3001,1,13,-0.051177978515625,0,"lb1","No"
"603","q23",48,33,161.9679,1,8,0.17376708984375,0,"lb1","No"
"604","q23",48,37,115.22005,1,6,25.2467803955078,0,"lb1","No"
"605","q23",48,46,23.96669,1,1,26.2164192199707,0,"lb1","No"
"606","q23",48,43,48.27031,1,3,8.41337585449219,0,"lb1","No"
"607","q23",48,34,21.46036,1,7,13.9881210327148,0,"lb1","No"
"608","q23",48,45,3.983161,1,1,8.46075439453125,0,"lb1","No"
"609","q23",48,38,50.60197,1,6,19.3324584960938,0,"lb1","No"
"610","q23",48,44,8.226944,1,2,4.82155561447144,0,"lb1","No"
"611","q23",48,42,60.37817,1,4,25.2170028686523,0,"lb1","No"
"612","q23",48,41,26.80873,1,5,-0.114303588867188,0,"lb1","No"
"613","q23",49,41,13.93907,1,6,-0.526992797851562,1,"lb1","No"
"614","q23",49,46,28.82514,1,2,24.3942584991455,0,"lb1","No"
"615","q23",49,33,64.03714,1,9,3.03295135498047,0,"lb1","No"
"616","q23",49,34,10.56793,0,8,13.2273330688477,0,"lb1","No"
"617","q23",49,37,86.42046,1,7,23.5508804321289,0,"lb1","No"
"618","q23",49,42,32.10966,1,5,27.565803527832,0,"lb1","No"
"619","q23",49,44,11.09558,1,3,5.53634405136108,0,"lb1","No"
"620","q23",49,30,69.68828,1,14,-0.190643310546875,0,"lb1","No"
"621","q23",49,38,34.75811,1,7,17.6733016967773,0,"lb1","No"
"622","q23",50,46,54.32269,1,3,23.7274990081787,0,"lb1","No"
"623","q23",50,37,82.82438,1,8,24.3942642211914,0,"lb1","No"
"624","q23",50,38,90.67907,1,8,17.6465148925781,0,"lb1","No"
"625","q23",50,42,61.48222,1,6,25.5806427001953,0,"lb1","No"
"626","q23",50,43,36.79572,1,5,9.35881805419922,0,"lb1","No"
"627","q23",50,47,7.105022,1,1,24.7912425994873,0,"lb1","No"
"628","q23",50,30,82.09801,1,15,-0.0608596801757812,0,"lb1","No"
"629","q23",50,33,120.7396,1,10,3.39669036865234,0,"lb1","No"
"630","q23",50,48,7.118168,1,1,4.79558992385864,0,"lb1","No"
"631","q23",50,44,47.77357,1,4,4.05497932434082,0,"lb1","No"
"632","q23",51,30,98.86736,1,16,-0.0307769775390625,0,"lb1","No"
"633","q23",51,48,15.99141,1,2,4.73317766189575,0,"lb1","No"
"634","q23",51,54,1.042228,0,1,37.386402130127,0,"lb1","No"
"635","q23",51,55,4.029105,1,1,25.3918266296387,0,"lb1","No"
"636","q23",51,57,7.780057,1,1,15.963828086853,0,"lb1","No"
"637","q23",51,43,24.61823,1,6,6.98487091064453,0,"lb1","No"
"638","q23",51,44,56.40002,1,5,2.9289391040802,0,"lb1","No"
"639","q23",51,47,25.658385,1,2,24.0316886901855,0,"lb1","No"
"640","q23",51,56,9.713375,1,1,22.554235458374,0,"lb1","No"
"641","q23",51,33,103.2953,1,11,0.116546630859375,0,"lb1","No"
"642","q23",51,37,158.165254,1,9,16.9143295288086,0,"lb1","No"
"643","q23",51,49,6.41142,0,1,14.7844533920288,0,"lb1","No"
"644","q23",51,50,22.03437,1,1,28.8126831054688,0,"lb1","No"
"645","q23",51,42,30.73935,1,7,24.8490219116211,0,"lb1","No"
"646","q23",51,51,5.414777,1,1,12.0135498046875,0,"lb1","No"
"647","q23",51,38,71.44731,1,9,17.6666488647461,0,"lb1","No"
"648","q23",51,41,4.829828,1,8,3.10414886474609,0,"lb1","No"
"649","q23",51,46,36.39385,1,4,26.8067741394043,0,"lb1","No"
"650","q23",51,52,0.7196977,1,1,47.7910957336426,0,"lb1","No"
"651","q23",51,45,6.92651,1,4,8.93659973144531,0,"lb1","No"
"652","q23",51,53,2.97098,0,1,38.3433952331543,0,"lb1","No"
"653","q23",52,43,49.40484,1,7,6.67041778564453,0,"lb1","No"
"654","q23",52,41,16.65658,0,9,2.04340362548828,0,"lb1","No"
"655","q23",52,33,97.59845,1,12,0.0446014404296875,0,"lb1","No"
"656","q23",52,37,193.02946,1,10,15.3818664550781,0,"lb1","No"
"657","q23",52,45,18.866702,1,5,9.04264831542969,0,"lb1","No"
"658","q23",52,58,12.6481,0,1,0.118873596191406,1,"lb1","No"
"659","q23",52,42,35.02249,1,8,26.8078765869141,0,"lb1","No"
"660","q23",52,44,62.28687,1,6,4.34050416946411,0,"lb1","No"
"661","q23",52,48,16.17262,1,3,4.5479040145874,0,"lb1","No"
"662","q23",52,50,15.219969,0,2,22.078857421875,0,"lb1","No"
"663","q23",52,51,65.19066,1,2,6.44789123535156,0,"lb1","No"
"664","q23",52,30,64.91138,1,17,-0.0148468017578125,0,"lb1","No"
"665","q23",52,55,39.41981,0,2,15.0504684448242,0,"lb1","No"
"666","q23",52,38,103.46148,1,10,10.8227005004883,0,"lb1","No"
"667","q23",52,57,18.47673,1,2,16.0321598052979,0,"lb1","No"
"668","q23",52,46,66.066435,1,5,24.9937973022461,0,"lb1","No"
"669","q23",52,47,35.620033,1,3,21.8737049102783,0,"lb1","No"
"670","q23",52,56,25.28455,1,2,21.0381202697754,0,"lb1","No"
"671","q23",53,37,83.15371,1,11,18.4465198516846,0,"lb1","No"
"672","q23",53,33,38.212766,1,13,-0.128936767578125,0,"lb1","No"
"673","q23",53,48,32.42171,1,4,2.14867234230042,0,"lb1","No"
"674","q23",53,45,11.69172,1,6,11.0651588439941,0,"lb1","No"
"675","q23",53,38,28.55569,0,11,18.4079818725586,0,"lb1","No"
"676","q23",53,47,47.603514,1,4,22.5496120452881,0,"lb1","No"
"677","q23",53,42,34.13902,1,9,27.9576187133789,0,"lb1","No"
"678","q23",53,51,34.60544,1,3,8.01064300537109,0,"lb1","No"
"679","q23",53,46,101.241118,1,6,25.5571174621582,0,"lb1","No"
"680","q23",53,59,3.217081,0,1,7.92560720443726,0,"lb1","No"
"681","q23",53,57,14.24663,1,3,16.796781539917,0,"lb1","No"
"682","q23",53,43,60.82076,1,8,3.53937530517578,0,"lb1","No"
"683","q23",53,56,25.17866,1,3,20.7122898101807,0,"lb1","No"
"684","q23",54,33,17.323732,1,14,-0.147377014160156,1,"lb1","No"
"685","q23",54,57,21.02404,1,4,17.6585960388184,0,"lb1","No"
"686","q23",54,30,3.522917,0,19,0.041717529296875,1,"lb1","No"
"687","q23",54,44,61.22886,1,8,5.07350206375122,0,"lb1","No"
"688","q23",54,37,26.88057,1,12,19.8213043212891,0,"lb1","No"
"689","q23",54,56,18.95323,1,4,22.4105129241943,0,"lb1","No"
"690","q23",54,47,67.8441134,1,5,18.8213939666748,0,"lb1","No"
"691","q23",54,51,50.68066,0,4,10.6611175537109,0,"lb1","No"
"692","q23",54,45,4.864062,0,7,11.8993015289307,0,"lb1","No"
"693","q23",54,46,64.124146,1,7,24.259859085083,0,"lb1","No"
"694","q23",54,38,7.536143,0,12,6.84375,0,"lb1","No"
"695","q23",54,42,15.22378,0,10,26.6124496459961,0,"lb1","No"
"696","q23",54,43,55.58319,1,9,7.80254364013672,0,"lb1","No"
"697","q23",54,52,9.001217,0,4,46.2397575378418,0,"lb1","No"
"698","q23",54,48,1.691071,0,5,12.8372392654419,0,"lb1","No"
"699","q23",55,44,38.80417,1,9,5.09916353225708,0,"lb1","No"
"700","q23",55,37,13.64233,1,13,21.9597110748291,0,"lb1","No"
"701","q23",55,47,47.20976,1,6,20.0009937286377,0,"lb1","No"
"702","q23",55,56,11.95545,1,5,21.7698574066162,0,"lb1","No"
"703","q23",55,43,24.15058,1,10,7.97909545898438,0,"lb1","No"
"704","q23",55,46,38.54473,1,8,24.3491191864014,0,"lb1","No"
"705","q23",56,33,3.487601,0,16,2.81188201904297,1,"lb1","No"
"706","q23",56,47,25.21276,1,7,20.0515766143799,0,"lb1","No"
"707","q23",56,46,3.925643,1,9,25.591064453125,0,"lb1","No"
"708","q23",56,56,15.72166,1,6,20.8483428955078,0,"lb1","No"
"709","q23",56,37,13.023971,1,14,20.7819290161133,0,"lb1","No"
"710","q23",56,57,25.63578,1,6,15.5953035354614,0,"lb1","No"
"711","q23",56,60,9.594375,1,1,3.78731536865234,0,"lb1","No"
"712","q23",56,44,39.65953,0,10,5.32567548751831,0,"lb1","No"
"713","q23",57,37,67.69374,1,15,20.9206161499023,0,"lb1","No"
"714","q23",57,57,34.42232,1,7,14.8342380523682,0,"lb1","No"
"715","q23",57,56,10.56672,0,7,18.3600997924805,0,"lb1","No"
"716","q23",58,47,29.74353,1,9,22.2393665313721,0,"lb1","No"
"717","q23",58,46,5.601085,0,11,27.509880065918,0,"lb1","No"
"718","q23",58,43,2.948585,1,13,12.4305267333984,0,"lb1","No"
"719","q23",58,61,13.94345,1,1,13.6105575561523,0,"lb1","No"
"720","q23",58,57,45.80711,1,8,15.8719072341919,0,"lb1","No"
"721","q23",58,60,4.105569,1,3,3.85467529296875,0,"lb1","No"
"722","q23",59,43,51.4409,1,14,7.7127685546875,0,"lb1","No"
"723","q23",59,60,23.28437,1,4,4.05762481689453,0,"lb1","No"
"724","q23",59,47,51.75624,1,10,18.7846736907959,0,"lb1","No"
"725","q23",59,37,7.84357,0,17,22.3413105010986,0,"lb1","No"
"726","q23",59,63,45.49763,0,1,16.5828399658203,0,"lb1","No"
"727","q23",59,57,12.66175,1,9,18.0830097198486,0,"lb1","No"
"728","q23",59,61,161.08178,1,2,13.4536743164062,0,"lb1","No"
"729","q23",59,62,10.66933,0,1,4.60625457763672,0,"lb1","No"
"730","q23",60,61,40.78145,0,3,16.4384002685547,0,"lb1","No"
"731","q23",60,57,42.19834,0,10,13.661075592041,0,"lb1","No"
"732","q23",60,60,27.4558,1,5,3.37195587158203,0,"lb1","No"
"733","q23",61,43,69.00324,0,16,9.48017883300781,0,"lb1","No"
"734","q23",61,64,71.6078,0,1,34.346607208252,0,"lb1","No"
"735","q23",61,47,198.3645,1,12,12.187762260437,0,"lb1","No"
"736","q23",65,47,217.7883,1,16,16.2567081451416,0,"lb1","No"
"737","q23",65,71,7.207119,0,1,14.8290529251099,0,"lb1","No"
"738","q23",65,70,2.049731,0,1,5.8509373664856,0,"lb1","No"
"739","q23",65,60,18.55644,1,10,3.99940490722656,0,"lb1","No"
"740","q23",66,60,9.482597,1,11,3.71410369873047,0,"lb1","No"
"741","q23",66,47,70.3872,1,17,21.2480239868164,0,"lb1","No"
"742","q23",67,60,14.61212,1,12,5.42341613769531,0,"lb1","No"
"743","q23",67,47,140.6118,1,18,20.2433681488037,0,"lb1","No"
"744","q23",70,47,95.04211,1,21,18.817756652832,0,"lb1","No"
"745","q23",71,47,113.3483,1,22,13.1480588912964,0,"lb1","No"
"746","q24",48,10,4.510783,1,1,1.59954833984375,1,"lb1","No"
"747","q24",49,10,9.263676,1,2,0.367820739746094,1,"lb1","No"
"748","q24",50,11,2.885414,1,1,26.672534942627,0,"lb1","No"
"749","q24",51,10,25.77164,1,4,0.50628662109375,0,"lb1","No"
"750","q24",51,19,0.7234604,0,1,20.6010589599609,0,"lb1","No"
"751","q24",51,14,5.884423,1,1,40.9631729125977,0,"lb1","No"
"752","q24",51,15,7.497427,1,1,4.32124137878418,0,"lb1","No"
"753","q24",51,16,3.592865,1,1,35.1658325195312,0,"lb1","No"
"754","q24",51,18,0.7234613,0,1,20.5190601348877,0,"lb1","No"
"755","q24",51,12,22.30284,1,1,-0.696052551269531,1,"lb1","No"
"756","q24",51,13,11.14571,1,1,16.8510818481445,0,"lb1","No"
"757","q24",51,17,13.79098,1,1,25.5408325195312,0,"lb1","No"
"758","q24",51,11,5.952754,0,2,23.3428249359131,0,"lb1","No"
"759","q24",52,14,1.920946,0,2,43.5706748962402,0,"lb1","No"
"760","q24",52,12,18.83042,1,2,1.52915954589844,0,"lb1","No"
"761","q24",52,13,23.267301,1,2,14.8892440795898,0,"lb1","No"
"762","q24",52,17,15.356835,1,2,21.494607925415,0,"lb1","No"
"763","q24",52,10,57.84603,1,5,-1.41667175292969,0,"lb1","No"
"764","q24",52,16,6.548365,1,2,32.3504028320312,0,"lb1","No"
"765","q24",52,22,10.19774,1,1,33.2521438598633,0,"lb1","No"
"766","q24",52,23,2.093788,0,1,43.5412788391113,0,"lb1","No"
"767","q24",52,15,16.85091,1,2,1.76979446411133,0,"lb1","No"
"768","q24",52,25,21.39089,1,1,3.38097524642944,0,"lb1","No"
"769","q24",52,21,3.725707,1,1,14.6888275146484,0,"lb1","No"
"770","q24",52,24,1.74015,0,1,44.2113761901855,0,"lb1","No"
"771","q24",52,20,8.904053,1,1,8.18355560302734,0,"lb1","No"
"772","q24",53,13,29.31784,1,3,14.1735382080078,0,"lb1","No"
"773","q24",53,12,12.04951,1,3,0.58074951171875,1,"lb1","No"
"774","q24",53,17,22.22724,1,3,25.5778617858887,0,"lb1","No"
"775","q24",53,20,9.444759,0,2,5.4027533531189,0,"lb1","No"
"776","q24",53,10,26.91742,1,6,-0.630538940429688,1,"lb1","No"
"777","q24",53,16,13.914088,1,3,25.6173515319824,0,"lb1","No"
"778","q24",53,27,8.566562,1,1,24.1655426025391,0,"lb1","No"
"779","q24",53,15,18.15863,1,3,3.77862668037415,0,"lb1","No"
"780","q24",53,22,13.01322,1,2,36.398853302002,0,"lb1","No"
"781","q24",53,26,1.634578,1,1,28.0426788330078,0,"lb1","No"
"782","q24",54,17,35.072682,1,4,14.3026313781738,0,"lb1","No"
"783","q24",54,10,77.11176,1,7,0.019195556640625,0,"lb1","No"
"784","q24",54,12,34.75892,1,4,-0.028411865234375,0,"lb1","No"
"785","q24",54,15,20.22379,1,4,1.72002565860748,0,"lb1","No"
"786","q24",54,16,18.44837,1,4,18.3902454376221,0,"lb1","No"
"787","q24",54,22,13.918135,1,3,33.0310134887695,0,"lb1","No"
"788","q24",54,25,19.61631,0,3,1.88129031658173,0,"lb1","No"
"789","q24",54,13,36.11808,1,4,16.9339218139648,0,"lb1","No"
"790","q24",54,21,4.181622,0,3,16.6562652587891,0,"lb1","No"
"791","q24",54,30,9.747556,0,1,29.9561462402344,0,"lb1","No"
"792","q24",54,31,11.59849,0,1,0.028228759765625,1,"lb1","No"
"793","q24",54,27,27.2299,1,2,21.5962352752686,0,"lb1","No"
"794","q24",54,28,5.382249,0,1,-0.00202178955078125,1,"lb1","No"
"795","q24",54,29,10.20786,1,1,18.0559539794922,0,"lb1","No"
"796","q24",55,26,17.668048,1,3,26.6750106811523,0,"lb1","No"
"797","q24",55,10,46.6808,1,8,-0.122306823730469,0,"lb1","No"
"798","q24",55,16,33.980062,1,5,18.5441703796387,0,"lb1","No"
"799","q24",55,17,51.329818,1,5,13.0884866714478,0,"lb1","No"
"800","q24",55,22,21.235907,1,4,32.2797317504883,0,"lb1","No"
"801","q24",55,32,3.912047,1,1,15.6758260726929,0,"lb1","No"
"802","q24",55,13,59.227246,1,5,13.9383010864258,0,"lb1","No"
"803","q24",55,15,36.00373,1,5,2.30855441093445,0,"lb1","No"
"804","q24",55,29,2.307945,0,2,25.6647033691406,0,"lb1","No"
"805","q24",55,33,9.678957,1,1,3.12576293945312,0,"lb1","No"
"806","q24",55,27,8.408563,1,3,23.8918075561523,0,"lb1","No"
"807","q24",56,26,4.311807,1,4,28.1442184448242,0,"lb1","No"
"808","q24",56,17,54.523483,1,6,12.6976232528687,0,"lb1","No"
"809","q24",56,22,6.633935,1,5,37.3413696289062,0,"lb1","No"
"810","q24",56,13,57.651321,1,6,19.6613845825195,0,"lb1","No"
"811","q24",56,15,49.36864,1,6,3.59180951118469,0,"lb1","No"
"812","q24",56,16,48.604288,1,6,16.7918243408203,0,"lb1","No"
"813","q24",56,10,57.79313,1,9,0.405220031738281,0,"lb1","No"
"814","q24",56,27,11.215795,0,4,22.6853656768799,0,"lb1","No"
"815","q24",56,34,7.440761,1,1,-1.08300113677979,1,"lb1","No"
"816","q24",57,10,75.21635,1,10,0.180595397949219,0,"lb1","No"
"817","q24",57,12,54.11135,1,7,-0.272613525390625,0,"lb1","No"
"818","q24",57,16,93.3941,1,7,17.0931930541992,0,"lb1","No"
"819","q24",57,17,98.6948,1,7,13.4530668258667,0,"lb1","No"
"820","q24",57,13,82.81568,1,7,13.6853866577148,0,"lb1","No"
"821","q24",57,34,4.114276,1,2,1.22728312015533,1,"lb1","No"
"822","q24",57,15,20.63607,0,7,3.28395009040833,0,"lb1","No"
"823","q24",57,26,36.649,1,5,28.3344116210938,0,"lb1","No"
"824","q24",57,33,11.01576,1,3,4.84514617919922,0,"lb1","No"
"825","q24",58,12,33.50198,1,8,0.234535217285156,0,"lb1","No"
"826","q24",58,10,86.43745,1,11,-0.203742980957031,0,"lb1","No"
"827","q24",58,15,17.96388,1,8,4.50928258895874,0,"lb1","No"
"828","q24",58,16,93.797299,1,8,17.0699977874756,0,"lb1","No"
"829","q24",58,17,69.453788,1,8,12.4771060943604,0,"lb1","No"
"830","q24",58,13,79.41409,1,8,13.8161239624023,0,"lb1","No"
"831","q24",58,32,16.72068,1,4,16.1008148193359,0,"lb1","No"
"832","q24",58,22,20.36452,1,7,35.3824996948242,0,"lb1","No"
"833","q24",59,32,3.682662,1,5,18.455114364624,0,"lb1","No"
"834","q24",59,33,14.54652,1,5,2.5445556640625,0,"lb1","No"
"835","q24",59,22,57.440997,1,8,34.6306762695312,0,"lb1","No"
"836","q24",59,13,153.6566,1,9,10.7556533813477,0,"lb1","No"
"837","q24",59,15,16.06288,1,9,6.41270399093628,0,"lb1","No"
"838","q24",59,16,151.460802,1,9,15.070219039917,0,"lb1","No"
"839","q24",59,26,75.91061,1,7,23.5964279174805,0,"lb1","No"
"840","q24",59,35,2.894382,0,1,9.58173370361328,0,"lb1","No"
"841","q24",59,36,15.98116,1,1,-0.3653564453125,1,"lb1","No"
"842","q24",59,17,98.7535154,1,9,11.487832069397,0,"lb1","No"
"843","q24",59,12,77.96603,1,9,-0.245758056640625,0,"lb1","No"
"844","q24",59,10,79.13838,1,12,0.134323120117188,0,"lb1","No"
"845","q24",59,34,24.56526,1,4,-1.08319866657257,1,"lb1","No"
"846","q24",60,33,8.404138,1,6,6.12088966369629,0,"lb1","No"
"847","q24",60,10,15.68269,1,13,8.73352813720703,0,"lb1","No"
"848","q24",60,26,135.16335,1,8,23.3799743652344,0,"lb1","No"
"849","q24",60,32,10.85934,1,6,15.373384475708,0,"lb1","No"
"850","q24",60,15,15.84846,1,10,4.36081314086914,0,"lb1","No"
"851","q24",60,16,78.73368,1,10,15.3184747695923,0,"lb1","No"
"852","q24",60,17,58.83565,1,10,9.13113021850586,0,"lb1","No"
"853","q24",60,12,44.58007,1,10,4.39872741699219,0,"lb1","No"
"854","q24",60,13,63.68214,1,10,15.7667007446289,0,"lb1","No"
"855","q24",60,36,20.34617,1,2,0.00196075439453125,1,"lb1","No"
"856","q24",61,37,13.22548,0,1,0.001708984375,1,"lb1","No"
"857","q24",61,34,29.66627,0,6,0.447668641805649,0,"lb1","No"
"858","q24",61,36,29.21216,1,3,0.135475158691406,1,"lb1","No"
"859","q24",61,13,214.1729,1,11,7.82093811035156,0,"lb1","No"
"860","q24",61,15,24.989,1,11,3.02946710586548,0,"lb1","No"
"861","q24",61,10,117.13492,1,14,-0.0149765014648438,0,"lb1","No"
"862","q24",61,12,93.04682,1,11,0.0159835815429688,0,"lb1","No"
"863","q24",61,26,104.3165,0,9,21.0471649169922,0,"lb1","No"
"864","q24",61,32,15.27937,1,7,15.5124101638794,0,"lb1","No"
"865","q24",61,33,37.21889,1,7,2.93828582763672,0,"lb1","No"
"866","q24",61,16,120.1931,1,11,17.1404647827148,0,"lb1","No"
"867","q24",61,17,162.46397,1,11,10.1930341720581,0,"lb1","No"
"868","q24",64,10,33.88029,0,17,0.151763916015625,1,"lb1","No"
"869","q24",65,16,20.00465,1,15,22.3125629425049,0,"lb1","No"
"870","q24",65,17,19.86178,1,15,3.60222196578979,0,"lb1","No"
"871","q24",65,12,20.8596,0,15,-0.32623291015625,1,"lb1","No"
"872","q24",65,38,18.42778,0,4,10.0204162597656,0,"lb1","No"
"873","q24",65,39,7.784727,0,1,-0.0881576538085938,1,"lb1","No"
"874","q24",65,22,76.0993,1,14,36.1559181213379,0,"lb1","No"
"875","q24",65,36,13.59358,0,7,-0.308090209960938,1,"lb1","No"
"876","q24",65,41,5.798759,0,1,1.61093139648438,1,"lb1","No"
"877","q24",65,42,3.562827,0,1,0.511466979980469,1,"lb1","No"
"878","q24",65,43,3.743381,0,1,5.80246734619141,0,"lb1","No"
"879","q24",65,44,67.31187,1,1,21.3503036499023,0,"lb1","No"
"880","q24",65,40,7.780042,0,1,0.799331665039062,0,"lb1","No"
"881","q24",66,17,0.6769158,1,16,7.8555793762207,0,"lb1","No"
"882","q24",66,22,27.30263,0,15,37.9140129089355,0,"lb1","No"
"883","q24",66,45,1.815201,0,1,2.82475185394287,1,"lb1","No"
"884","q24",66,16,10.26168,0,16,23.2550659179688,0,"lb1","No"
"885","q24",66,47,0.6769284,0,1,11.4471225738525,0,"lb1","No"
"886","q24",66,48,0.676928,0,1,10.7783918380737,0,"lb1","No"
"887","q24",66,46,0.6837952,0,1,14.4792137145996,0,"lb1","No"
"888","q24",67,17,15.30917,0,17,3.78888535499573,0,"lb1","No"
"889","q24",67,44,3.139115,1,3,30.0826416015625,0,"lb1","No"
"890","q24",70,44,11.43203,0,6,27.8863830566406,0,"lb1","No"
"891","q25",43,15,0.7105801,0,1,28.153636932373,0,"bb1","No"
"892","q25",43,16,21.02899,1,1,6.99937343597412,0,"bb1","No"
"893","q25",43,17,2.37078,1,1,3.33419108390808,0,"bb1","No"
"894","q25",44,17,22.52239,1,2,1.89968478679657,0,"bb1","No"
"895","q25",44,16,48.05289,1,2,3.83174228668213,0,"bb1","No"
"896","q25",45,16,36.29083,1,3,1.9721223115921,0,"bb1","No"
"897","q25",46,16,54.64282,1,4,5.7229905128479,0,"bb1","No"
"898","q25",47,17,74.01372,1,5,0.99903678894043,0,"bb1","No"
"899","q25",47,16,29.971,1,5,6.7928261756897,0,"bb1","No"
"900","q25",48,16,69.1845,1,6,6.57106018066406,0,"bb1","No"
"901","q25",48,17,53.71419,0,6,0.248583048582077,0,"bb1","No"
"902","q25",49,16,54.72442,1,7,5.55788850784302,0,"bb1","No"
"903","q25",50,16,30.13538,0,8,3.49456310272217,0,"bb1","No"
"904","q42",42,62,24.02108,1,1,12.4063186645508,0,"sg3","Yes"
"905","q42",42,63,79.62888,1,1,13.3199234008789,0,"sg3","Yes"
"906","q42",42,64,61.9292,1,1,15.8557739257812,0,"sg3","Yes"
"907","q42",42,66,19.70773,1,1,35.043083190918,0,"sg3","Yes"
"908","q42",42,67,1.858713,1,1,24.4191284179688,0,"sg3","Yes"
"909","q42",42,68,77.64613,1,1,6.23374509811401,0,"sg3","Yes"
"910","q42",42,65,1.858708,1,1,25.395149230957,0,"sg3","Yes"
"911","q42",42,70,2.614667,0,1,26.5163269042969,0,"sg3","Yes"
"912","q42",42,71,19.11191,0,1,20.7910537719727,0,"sg3","Yes"
"913","q42",42,72,13.8534,1,1,21.9401874542236,0,"sg3","Yes"
"914","q42",42,69,1.755689,0,1,23.85888671875,0,"sg3","Yes"
"915","q42",42,61,31.382,1,1,11.8878936767578,0,"sg3","Yes"
