"","X","quad","year","trackID","area.t1","area.t0","age","allEdge","distEdgeMin","Group"
"1",1,"A5P",18,25,1.26979475007546,1.32807970395771,1,1,0.302027496845625,"A"
"2",2,"A5P",19,25,6.04770886301314,1.26979475007546,2,1,-0.0398478889363787,"A"
"3",3,"A5P",19,35,4.10218804543515,4.9172261862757,1,0,35.3936880963579,"A"
"4",4,"A5P",20,35,5.21964839336714,4.10218804543515,2,0,34.5807969135649,"A"
"5",5,"A5P",21,35,12.8315012444289,5.21964839336714,3,0,36.2519958978297,"A"
"6",6,"A5P",22,35,10.7201616093037,12.8315012444289,4,0,33.8481704482194,"A"
"7",7,"A5P",22,46,0.68371665294616,0.24743378162384,1,0,5.09033203125,"A"
"8",8,"A5P",23,35,11.8635306880699,10.7201616093037,5,0,35.8501021475295,"A"
"9",9,"A5P",24,35,4.06933306718597,11.8635306880699,6,0,35.1214532335454,"A"
"10",10,"A5P",27,35,14.9485367145855,34.5057806382738,9,0,34.4643187002503,"A"
"11",11,"A5P",28,35,9.77192609837927,14.9485367145855,10,0,37.7280889691547,"A"
"12",12,"A5P",29,35,16.8160999147457,9.77192609837927,11,0,36.6415014833934,"A"
"13",13,"A5P",30,35,28.6483097783639,16.8160999147457,12,0,37.0103747661612,"A"
"14",14,"A5P",31,35,45.1413916181846,28.6483097783639,13,0,36.9382667037971,"A"
"15",15,"A5P",31,48,9.69712621677741,9.26106979900358,1,0,2.20459715052632,"A"
"16",16,"B5P",18,30,1.27445651463029,1.68111806100404,1,0,9.86532120522369,"B"
"17",17,"B5P",19,30,2.57954348388548,1.27445651463029,2,0,9.91770820692182,"B"
"18",18,"BW1",28,73,3.2929898117199,3.52961701376277,1,0,10.2360312692986,"B"
"19",19,"BW1",29,73,4.22116625938003,3.2929898117199,2,0,11.7482050158792,"B"
"20",20,"BW1",29,74,0.25048851966858,0.25048851966858,1,0,7.470703125,"B"
"21",21,"BW1",30,73,15.9294022456207,4.22116625938003,3,0,10.6837438213255,"B"
"22",22,"BW1",30,74,11.4249708997196,0.25048851966858,2,0,9.38720703125,"B"
"23",23,"BW1",31,73,5.08678721445391,15.9294022456207,4,0,9.17293261128019,"B"
"24",24,"BW1",31,74,7.19094872124546,11.4249708997196,3,0,5.00424969897961,"B"
"25",25,"BW1",32,73,4.40998829458632,5.08678721445391,5,0,10.7415942461544,"B"
"26",26,"BW1",32,74,3.64882596557205,7.19094872124546,4,0,6.59493645588211,"B"
"27",27,"BW3",27,95,7.01886176642561,3.26214163043814,4,1,-1.68055988569726e-07,"B"
"28",28,"BW3",28,95,19.5215605724401,7.01886176642561,5,1,-0.118364975641727,"B"
"29",29,"BW3",29,95,9.06386920351082,19.5215605724401,6,1,-0.00885518107922589,"B"
"30",30,"BW3",30,101,4.21521414164344,3.54180644622945,1,0,11.0199737591834,"B"
"31",31,"BW3",30,95,20.3060106653855,9.06386920351082,7,1,-0.124324420156288,"B"
"32",32,"BW3",31,95,31.6566070502152,20.3060106653855,8,1,6.61197180340523e-08,"B"
"33",33,"BW3",32,95,17.068867206733,31.6566070502152,9,0,-0.0436913703256353,"B"
"34",34,"C2RP",24,60,3.38039244574316,1.87726095644774,3,0,24.8260284834031,"C"
"35",35,"C2RP",25,60,4.61279818005262,3.38039244574316,4,0,21.8820845150222,"C"
"36",36,"E3P",16,36,2.54260909127269,0.79780382434278,1,1,-0.00998003778377166,"E"
"37",37,"FH22",26,21,24.4900464589665,3.98464188511852,1,1,-8.03110253855266e-08,"F"
"38",38,"FH22",26,22,14.6755381202377,3.62196064692213,1,1,-8.03110253855266e-08,"F"
"39",39,"FH22",27,21,10.5513415984935,24.4900464589665,2,0,-9.42887510291257e-08,"F"
"40",40,"FH22",27,22,15.9655176075283,14.6755381202377,2,1,0.0402599534490662,"F"
"41",41,"FH22",28,22,7.3018923561603,15.9655176075283,3,0,0.452924554495482,"F"
"42",42,"FH22",29,22,5.72059892855231,7.3018923561603,4,1,-0.139139044777295,"F"
"43",43,"FH24",31,21,7.10561748622183,0.2596527338028,1,0,20.928955078125,"F"
"44",44,"FH24",31,22,0.48570334911346,0.25048851966858,1,1,1.171875,"F"
"45",45,"FH24",31,23,0.25048851966858,0.24743378162384,1,1,3.887939453125,"F"
"46",46,"FH24",32,21,19.1072238291706,7.10561748622183,2,0,19.8673026911275,"F"
"47",47,"FH24",32,22,2.42923040258027,0.48570334911346,2,1,0.9521484375,"F"
"48",48,"FH24",32,23,5.81353219821613,0.25048851966858,2,0,5.6884765625,"F"
"49",49,"FH24",32,25,6.91878727918697,5.49447787896605,1,0,25.7700433353092,"F"
"50",50,"FH24",33,21,8.84895448822477,19.1072238291706,3,0,18.416201100132,"F"
"51",51,"FH24",33,25,0.25048851966858,6.91878727918697,2,0,26.7440192966249,"F"
"52",52,"FH24",33,30,0.24743378162384,6.73943929552404,1,0,24.1254055327721,"F"
"53",53,"FH24",34,21,36.0389759071874,8.84895448822477,4,0,19.0745210518641,"F"
"54",54,"FH26",26,49,3.78168744376511,2.89830876788123,1,1,-3.80233039498634e-08,"F"
"55",55,"FH26",32,51,11.5852878938211,6.43657454971289,1,0,7.21605622449096,"F"
"56",56,"FH26",32,52,9.58543413680814,4.7006434725178,1,0,11.8551431531095,"F"
"57",57,"FH26",32,53,13.0682526228803,5.996844833316,1,0,15.1300632562816,"F"
"58",58,"FH26",33,51,2.37676355369473,11.5852878938211,2,0,6.00713630423193,"F"
"59",59,"FH26",33,52,1.54751633498537,9.58543413680814,2,0,8.09665597467981,"F"
"60",60,"FH28",29,24,0.72350456916092,3.78397826541051,1,1,-0.0724106459166052,"F"
"61",61,"FH28",30,24,3.71004021564037,0.72350456916092,2,1,-0.109585636672648,"F"
"62",62,"FH28",32,26,7.45130525096977,9.78375261946443,1,1,-0.0944084390176272,"F"
"63",63,"FH28",32,28,10.4543761036647,5.5137891359109,1,0,13.4081231657738,"F"
"64",64,"FH28",33,26,2.22322868231769,7.45130525096977,2,1,0.387693112596992,"F"
"65",65,"FH28",33,28,2.90517683309452,10.4543761036647,2,0,14.800037031962,"F"
"66",66,"M1",33,103,0.84118401115949,0.85216299559546,1,1,2.25435033496834,"M"
"67",67,"M1",33,104,2.6586316943017,3.0206454921893,1,1,1.18983297428564,"M"
"68",68,"M1",34,104,12.191473630229,2.6586316943017,2,1,0.606030024929083,"M"
"69",69,"M1",34,107,0.25048851966858,1.56570757399341,1,0,12.5739274411032,"M"
"70",70,"M1P",22,52,3.95439369358966,1.51467252591258,1,1,1.22152137281779,"M"
"71",71,"M4",26,96,13.2721772151373,4.65856612589025,1,0,18.919827226753,"M"
"72",72,"M4",27,96,11.5058244870633,13.2721772151373,2,0,19.8853709217843,"M"
"73",73,"M4",28,96,17.800681063706,11.5058244870633,3,0,18.700904499099,"M"
"74",74,"M4",29,96,17.3653206393611,17.800681063706,4,0,18.9216205458836,"M"
"75",75,"M4",30,96,21.2727166353779,17.3653206393611,5,0,20.0010812975091,"M"
"76",76,"M4",31,96,21.6663543309529,21.2727166353779,6,0,19.1820672314284,"M"
"77",77,"M4",34,96,7.66381998389424,1.1273483630978,9,0,23.4837169268073,"M"
"78",78,"M4P",21,60,1.63151781707798,2.76530591807477,1,1,2.48276467798848,"M"
"79",79,"M4P",21,61,1.48957281827986,6.43831043247729,1,1,0.0289622197597055,"M"
"80",80,"M4P",22,61,0.935951305553321,1.48957281827986,2,1,-2.21349978346552e-08,"M"
"81",81,"M4P",23,61,10.1501820577781,0.935951305553321,3,1,1.19902665574045e-07,"M"
"82",82,"M4P",24,61,7.72470467174133,10.1501820577781,4,1,0.630510497096878,"M"
"83",83,"M4P",27,61,36.4562911928444,46.8377217022671,7,0,-0.0471172594920688,"M"
"84",84,"M4P",28,61,17.9950899162167,36.4562911928444,8,0,1.17001491162227e-07,"M"
"85",85,"M4P",28,62,8.40692185608716,8.040483310951,1,0,1.72185394477277,"M"
"86",86,"M4P",29,61,15.8627120188764,17.9950899162167,9,0,0.823917026830003,"M"
"87",87,"M4P",29,62,6.98497274626399,8.40692185608716,2,1,1.48819176730083,"M"
"88",88,"M5",27,100,7.50307491847502,4.09026103293074,1,1,5.7631727168328e-08,"M"
"89",89,"M5",27,101,8.110928038598,11.353934154853,1,0,30.7231629555549,"M"
"90",90,"M5",28,100,9.38332502835868,7.50307491847502,2,1,-0.123327188145089,"M"
"91",91,"M5",28,101,21.9566752502292,8.110928038598,2,0,31.3085552823267,"M"
"92",92,"M5",29,100,10.2302055017646,9.38332502835868,3,1,-0.0581958889263268,"M"
"93",93,"M5",29,101,29.9385030130597,21.9566752502292,3,0,30.956651359632,"M"
"94",94,"M5",30,100,2.72148301619797,10.2302055017646,4,1,-0.0752855668718855,"M"
"95",95,"M5",30,101,52.1965266718649,29.9385030130597,4,0,26.8521268210285,"M"
"96",96,"M5",31,100,7.68770739941653,2.72148301619797,5,1,1.85741561020691e-08,"M"
"97",97,"M5",31,101,37.4563711153467,52.1965266718649,5,0,25.8394327462642,"M"
"98",98,"M5",31,103,3.2519575203787,2.90570595692609,1,0,8.21545980990888,"M"
"99",99,"M5",32,100,2.51229133567675,7.68770739941653,6,1,-1.74474765191057e-07,"M"
"100",100,"M5",32,101,18.1823505000304,37.4563711153467,6,0,26.4855856970726,"M"
"101",101,"M5",32,103,2.81236563393923,3.2519575203787,2,0,7.44673479715033,"M"
"102",102,"M5",33,101,1.85655348938426,18.1823505000304,7,0,32.3005596013184,"M"
"103",103,"M5",33,103,3.56761698115379,2.81236563393923,3,0,7.31819194374636,"M"
"104",104,"M5",34,101,22.785415829431,1.85655348938426,8,0,33.6339865321741,"M"
"105",105,"M6",26,99,8.76691829271293,3.12022747144239,1,0,21.9852183411305,"M"
"106",106,"M6",27,99,7.02862031620224,8.76691829271293,2,0,20.0757246066456,"M"
"107",107,"M6",28,99,8.85552504102338,7.02862031620224,3,0,20.8718604839761,"M"
"108",108,"M6",29,99,18.2401221230817,8.85552504102338,4,0,20.5638391376923,"M"
"109",109,"M6",30,99,14.8751496418369,18.2401221230817,5,0,19.418100149512,"M"
"110",110,"M6",31,99,4.06511520584058,14.8751496418369,6,0,17.6573251115679,"M"
"111",111,"M6",32,99,4.07196082660181,4.06511520584058,7,0,19.69656380183,"M"
"112",112,"M6P",31,55,7.19128742909619,1.40503472144762,4,1,-6.39807200092736e-08,"M"
"113",113,"M8",26,120,7.74861784411485,2.72006098053203,1,0,29.5445566219063,"M"
"114",114,"M8",27,120,4.88865346124517,7.74861784411485,2,0,28.6509071680526,"M"
"115",115,"M8P",21,33,5.54967915581213,4.02566926111732,1,0,18.139361659841,"M"
"116",116,"NC24",26,50,9.87141445538757,6.64913377095964,1,1,-0.00345602203972817,"N"
"117",117,"NC24",26,51,7.14926442887542,0.25048851966858,1,0,22.0703125,"N"
"118",118,"NC24",26,52,8.18015885441771,0.25015324354172,1,0,16.552734375,"N"
"119",119,"NC24",27,50,20.683437894171,9.87141445538757,2,1,1.95346061104829e-07,"N"
"120",120,"NC24",27,51,11.0108735403357,7.14926442887542,2,0,17.8648416752482,"N"
"121",121,"NC24",27,52,3.40651249294858,8.18015885441771,2,0,14.9951763759539,"N"
"122",122,"NC24",27,53,8.83376792507787,9.71356084027705,1,0,18.7797620460082,"N"
"123",123,"NC24",27,54,0.25048851966858,10.4155443638482,1,0,28.0210583801167,"N"
"124",124,"NC24",27,56,5.67596913566486,7.37615394721724,1,0,1.83769842517757,"N"
"125",125,"NC24",28,50,27.6625542006541,20.683437894171,3,1,-0.0836465937354802,"N"
"126",126,"NC24",28,51,21.2536646334822,11.0108735403357,3,0,18.1158770230363,"N"
"127",127,"NC24",28,52,8.41627020969105,3.40651249294858,3,0,14.5494491010636,"N"
"128",128,"NC24",28,53,19.2649102944543,8.83376792507787,2,0,17.3634883593071,"N"
"129",129,"NC24",28,59,8.41274418315179,7.25157828300171,1,0,26.8180204522322,"N"
"130",130,"NC24",28,60,11.082718553374,6.30856896328013,1,1,-1.02315311778511e-09,"N"
"131",131,"NC24",28,64,10.1263346496855,0.25048851966858,1,0,39.58740234375,"N"
"132",132,"NC24",29,50,11.7364008279584,27.6625542006541,4,1,1.53469642327764e-07,"N"
"133",133,"NC24",29,51,18.0732469426445,21.2536646334822,4,0,17.5919669401261,"N"
"134",134,"NC24",29,52,9.6220386973707,8.41627020969105,4,0,14.2740962158574,"N"
"135",135,"NC24",29,53,16.3439830779445,19.2649102944543,3,0,17.1387803925346,"N"
"136",136,"NC24",29,55,5.5828475960544,14.551867102364,3,0,9.8768588045214,"N"
"137",137,"NC24",29,59,15.5221828569683,8.41274418315179,2,0,27.134390940203,"N"
"138",138,"NC24",29,60,10.8882649125157,11.082718553374,2,1,1.53469642327764e-07,"N"
"139",139,"NC24",29,64,21.788799864627,10.1263346496855,2,0,36.7940135991204,"N"
"140",140,"NC24",29,68,5.03709355543552,3.61856423280951,1,0,10.8340262953867,"N"
"141",141,"NC24",30,50,24.5120224305738,11.7364008279584,5,1,1.9745394297388e-07,"N"
"142",142,"NC24",30,51,28.226127753384,18.0732469426445,5,0,17.6947144978036,"N"
"143",143,"NC24",30,52,11.8863962091326,9.6220386973707,5,0,14.5402816724139,"N"
"144",144,"NC24",30,53,9.3416336556084,16.3439830779445,4,0,17.1486870779471,"N"
"145",145,"NC24",30,54,8.90771245889458,29.5307931914706,4,0,20.34912109375,"N"
"146",146,"NC24",30,55,4.00753547877568,5.5828475960544,4,0,11.1615765957494,"N"
"147",147,"NC24",30,59,30.3665401081986,15.5221828569683,3,0,26.2740083997972,"N"
"148",148,"NC24",30,60,18.2443353183949,10.8882649125157,3,1,1.9745394297388e-07,"N"
"149",149,"NC24",30,64,19.3891137860878,21.788799864627,3,0,36.1316081427345,"N"
"150",150,"NC24",30,67,0.25048851966858,0.2596527338028,3,0,19.952392578125,"N"
"151",151,"NC24",30,68,7.79062830259148,5.03709355543552,2,0,11.651274119114,"N"
"152",152,"NC24",30,73,5.06166451525601,3.0381231211843,1,0,24.6795277833257,"N"
"153",153,"NC24",31,50,14.8758879993129,24.5120224305738,6,1,-0.122641175995767,"N"
"154",154,"NC24",31,51,44.069058430983,28.226127753384,6,0,17.3363344397598,"N"
"155",155,"NC24",31,52,0.25048851966858,11.8863962091326,6,0,13.8310100287447,"N"
"156",156,"NC24",31,53,11.4362202829849,9.3416336556084,5,0,17.66404133121,"N"
"157",157,"NC24",31,54,17.9118305659881,8.90771245889458,5,0,27.1728515625,"N"
"158",158,"NC24",31,55,3.87737922664129,4.00753547877568,5,0,8.71799846186842,"N"
"159",159,"NC24",31,59,16.7033121415466,30.3665401081986,4,0,25.1661797901358,"N"
"160",160,"NC24",31,60,16.9584209647166,18.2443353183949,4,1,9.40059692311479e-08,"N"
"161",161,"NC24",31,64,24.4157851057749,19.3891137860878,4,0,35.5801478807348,"N"
"162",162,"NC24",31,68,7.95489818285265,7.79062830259148,3,0,11.7286956442631,"N"
"163",163,"NC24",31,73,4.2466512035592,5.06166451525601,2,0,23.9018638457572,"N"
"164",164,"NC24",31,89,0.25048851966858,0.25659799575806,1,1,0,"N"
"165",165,"NC24",32,50,26.0049153430991,14.8758879993129,7,1,0.934879582635986,"N"
"166",166,"NC24",32,51,49.8772874687526,44.069058430983,7,0,16.3550863166035,"N"
"167",167,"NC24",32,53,12.7802740623049,11.4362202829849,6,0,14.9655144062808,"N"
"168",168,"NC24",32,54,20.0127526472605,17.9118305659881,6,0,29.0742685912394,"N"
"169",169,"NC24",32,55,12.2161649238399,3.87737922664129,6,0,9.57991912623946,"N"
"170",170,"NC24",32,59,16.5533227810611,16.7033121415466,5,0,23.7789833124266,"N"
"171",171,"NC24",32,60,19.0301573017491,16.9584209647166,5,0,1.51890499515154,"N"
"172",172,"NC24",32,63,6.55813495320559,3.71811055357712,5,0,33.0031637468532,"N"
"173",173,"NC24",32,64,35.8624497956887,24.4157851057749,5,0,34.1321544463011,"N"
"174",174,"NC24",32,68,10.7319151573542,7.95489818285265,4,0,12.6684737716544,"N"
"175",175,"NC24",32,73,11.3823385171357,4.2466512035592,3,0,24.6376233126884,"N"
"176",176,"NC25",28,34,7.8188317931807,2.39825258151713,1,1,-0.138730342670087,"N"
"177",177,"NC25",29,34,6.10137131473738,7.8188317931807,2,1,-0.0381113774106296,"N"
"178",178,"NC25",30,34,4.32413781349105,6.10137131473738,3,1,7.61091598633357e-08,"N"
"179",179,"NC25",30,36,7.71799452372913,2.33906661605996,3,0,2.532958984375,"N"
"180",180,"NC25",31,34,4.6822973722741,4.32413781349105,4,1,-0.0527836014287004,"N"
"181",181,"NC25",31,36,12.8027109634493,7.71799452372913,4,0,5.46533408110824,"N"
"182",182,"NC25",32,34,23.2436297773339,4.6822973722741,5,1,-1.95968112848277e-07,"N"
"183",183,"NC25",32,36,16.4141074212305,12.8027109634493,5,0,5.06118127245617,"N"
"184",184,"NC25",33,34,24.6560415838729,23.2436297773339,6,0,1.45418226793481e-07,"N"
"185",185,"NC25",33,36,12.5665261917997,16.4141074212305,6,0,4.67816990746728,"N"
"186",186,"NC25",34,36,14.6523504152818,12.5665261917997,7,0,8.26743039025713,"N"
"187",187,"NC26",29,23,4.08739176727254,0.25048851966858,1,0,15.167236328125,"N"
"188",188,"NC26",29,24,6.90934873632934,0.25048851966858,1,1,2.3681640625,"N"
"189",189,"NC26",30,23,13.5452849643241,4.08739176727254,2,0,13.4345858914939,"N"
"190",190,"NC26",30,24,10.0810287674481,6.90934873632934,2,1,0.90706799430582,"N"
"191",191,"NC26",30,25,7.65972798834734,8.49344301272,1,0,11.2757980573905,"N"
"192",192,"NC26",30,29,9.80001075820994,8.7998456973666,1,0,42.7719532489832,"N"
"193",193,"NC26",30,32,11.2179825434671,5.31299705070269,1,0,29.0820119548342,"N"
"194",194,"NC26",30,35,12.5841578985114,4.83194966589859,1,0,38.0757279993206,"N"
"195",195,"NC26",30,43,0.25048851966858,0.2596527338028,1,0,36.932373046875,"N"
"196",196,"NC26",31,23,8.04936536075684,13.5452849643241,3,0,11.2486359862279,"N"
"197",197,"NC26",31,24,7.89105792163707,10.0810287674481,3,1,1.78714770981969e-07,"N"
"198",198,"NC26",31,25,10.9014413415018,7.65972798834734,2,0,12.2279882206749,"N"
"199",199,"NC26",31,29,9.94088741317403,9.80001075820994,2,0,39.9763034580208,"N"
"200",200,"NC26",31,32,14.6337400393989,11.2179825434671,2,0,28.5548137759605,"N"
"201",201,"NC26",31,35,5.93765066196237,12.5841578985114,2,0,36.6824663596448,"N"
"202",202,"NC26",32,23,17.9372985854369,8.04936536075684,4,0,11.1328125,"N"
"203",203,"NC26",32,25,10.7559189538266,10.9014413415018,3,0,7.830810546875,"N"
"204",204,"NC26",32,29,11.9630924210711,9.94088741317403,3,0,41.3767139138956,"N"
"205",205,"NC26",32,32,10.4938724306538,14.6337400393989,3,0,29.9508701052256,"N"
"206",206,"NC26",32,35,12.4095451054916,5.93765066196237,3,0,38.5684374128078,"N"
"207",207,"NC26",32,51,0.25048851966858,0.25048851966858,1,0,5.389404296875,"N"
"208",208,"NC26",33,23,8.2482769414691,17.9372985854369,5,0,13.1165281326449,"N"
"209",209,"NC26",33,25,18.3865124619242,10.7559189538266,4,0,12.4119846385172,"N"
"210",210,"NC26",33,29,20.8562133900476,11.9630924210711,4,0,40.7021231372627,"N"
"211",211,"NC26",33,32,14.6573239744536,10.4938724306538,4,0,28.009033203125,"N"
"212",212,"NC26",33,35,17.3589180933237,12.4095451054916,4,0,38.3783494844926,"N"
"213",213,"NC26",34,23,27.6308552025672,8.2482769414691,6,0,15.1515284471128,"N"
"214",214,"NC26",34,25,24.2444452398745,18.3865124619242,5,0,13.1594611782627,"N"
"215",215,"NC26",34,29,25.2761257505784,20.8562133900476,5,0,40.8868875699044,"N"
"216",216,"NC26",34,32,4.71094176047868,14.6573239744536,5,0,29.672946230673,"N"
"217",217,"NC26",34,35,26.8864491662088,17.3589180933237,5,0,36.7696522071423,"N"
"218",218,"NC26",34,54,0.25048851966858,0.24743378162384,1,0,9.710693359375,"N"
"219",219,"NC27",30,49,2.07085030906767,6.44413606113938,1,0,27.746865582689,"N"
"220",220,"NC27",30,51,4.29329730013647,6.84224914521028,1,0,22.3886632552451,"N"
"221",221,"NC27",30,52,3.58965106757252,1.59453241087971,1,1,-4.28008656294665e-08,"N"
"222",222,"NC27",31,51,7.88868880109038,4.29329730013647,2,0,26.7687921591669,"N"
"223",223,"NC27",31,52,5.66959564757017,3.58965106757252,2,1,-2.16752527038011e-07,"N"
"224",224,"NC27",32,51,3.77198406892628,7.88868880109038,3,0,27.5744456597203,"N"
"225",225,"NC27",33,51,10.4604798597381,3.77198406892628,4,0,26.7402639943405,"N"
"226",226,"NC27",34,51,26.8087183831342,10.4604798597381,5,0,27.635824986048,"N"
"227",227,"NC27",34,52,5.10322332870295,4.93319114759021,5,1,1.08356405915835,"N"
"228",228,"NC27",34,55,19.9907921338337,12.5918863955813,3,0,17.019563581218,"N"
"229",229,"NC28",30,32,31.7508449759051,28.9762889032743,1,0,-0.120305822227648,"N"
"230",230,"NC28",30,33,53.1048525817612,27.5915979403696,1,0,8.93953747310607,"N"
"231",231,"NC28",30,34,33.3294604442279,24.2495062217993,1,0,9.50566698009435,"N"
"232",232,"NC28",31,32,38.1809184312901,31.7508449759051,2,0,-1.44283993086525e-07,"N"
"233",233,"NC28",31,33,33.0538079822253,53.1048525817612,2,0,6.71508367976529,"N"
"234",234,"NC28",31,34,48.4446271361014,33.3294604442279,2,0,9.1488183066132,"N"
"235",235,"NC28",32,32,25.8308523764324,38.1809184312901,3,0,-0.0976847876703379,"N"
"236",236,"NC28",32,33,32.0924858849205,33.0538079822253,3,0,8.74140787005609,"N"
"237",237,"NC28",32,34,44.8976901946537,48.4446271361014,3,0,6.70116858243014,"N"
"238",238,"NC28",33,32,27.3672151400006,25.8308523764324,4,0,-1.51375814660959e-07,"N"
"239",239,"NC28",33,33,43.4614675502905,32.0924858849205,4,0,6.0418314015651,"N"
"240",240,"NC28",33,34,33.7746066797892,44.8976901946537,4,0,11.9202734939057,"N"
"241",241,"NC28",34,32,74.6616919024223,27.3672151400006,5,0,6.22954188234104e-09,"N"
"242",242,"NC28",34,33,78.7298741651137,43.4614675502905,5,0,9.40959231640401,"N"
"243",243,"NC28",34,34,90.1508219355107,33.7746066797892,5,0,8.70761036824135,"N"
"244",244,"NC29",30,45,8.75113992079039,10.9842295279429,1,0,28.5463118366649,"N"
"245",245,"NC29",30,49,2.51005220933288,0.25048851966858,1,0,27.447509765625,"N"
"246",246,"NC29",30,51,0.25048851966858,0.25048851966858,1,0,42.59033203125,"N"
"247",247,"NC29",33,45,20.1396126825037,2.70730504059966,4,0,29.2456702503243,"N"
"248",248,"NC29",33,49,2.67558120370204,0.58373137484611,4,0,27.1674741671559,"N"
"249",249,"NC29",33,51,12.8534228315291,4.87688757544948,4,0,36.0596584331049,"N"
"250",250,"NC29",34,45,29.4186001485462,20.1396126825037,5,0,28.1453537699455,"N"
"251",251,"NC29",34,49,12.0528413571112,2.67558120370204,5,0,25.7555890807097,"N"
"252",252,"NC29",34,51,35.602778683842,12.8534228315291,5,0,32.972221181125,"N"
"253",253,"NC29",34,55,0.2596527338028,57.3745772645765,1,0,-2.06636441291153e-07,"N"
"254",254,"NE25",28,130,9.94960317729983,3.321550828464,1,1,0.8925539775461,"N"
"255",255,"NE25",28,131,7.23951736824135,3.15754131219234,1,0,28.7856435766439,"N"
"256",256,"NE25",28,132,13.765781706266,0.25048851966858,1,0,21.728515625,"N"
"257",257,"NE25",29,130,7.79105982364125,9.94960317729983,2,1,3.16484261020378e-09,"N"
"258",258,"NE25",29,131,3.84605495856871,7.23951736824135,2,0,28.766741121797,"N"
"259",259,"NE25",29,132,15.6925437509696,13.765781706266,2,0,20.0982236533516,"N"
"260",260,"NE25",29,134,0.25048851966858,0.25048851966858,1,0,5.072021484375,"N"
"261",261,"NE25",30,130,18.2878581825194,7.79105982364125,3,1,0.302350249598632,"N"
"262",262,"NE25",30,131,11.6242594924127,3.84605495856871,3,0,30.0940725674515,"N"
"263",263,"NE25",30,132,27.3311969985238,15.6925437509696,3,0,19.3676431931972,"N"
"264",264,"NE25",30,135,9.65179825065002,4.82827458806669,1,1,1.92144469779443e-07,"N"
"265",265,"NE25",30,139,6.38312851334776,0.25048851966858,1,0,5.889892578125,"N"
"266",266,"NE25",31,130,21.7258772381561,18.2878581825194,4,1,1.63397857022574e-07,"N"
"267",267,"NE25",31,131,15.2396027613893,11.6242594924127,4,0,29.3924543305441,"N"
"268",268,"NE25",31,132,32.8944804594863,27.3311969985238,4,0,19.1341089707505,"N"
"269",269,"NE25",31,135,9.38791498987795,9.65179825065002,2,1,-0.0640603372523724,"N"
"270",270,"NE25",31,139,0.25048851966858,6.38312851334776,2,0,5.62494282850309,"N"
"271",271,"NE25",31,141,5.32642120376521,0.25048851966858,1,0,38.568115234375,"N"
"272",272,"NE25",32,130,28.03077669971,21.7258772381561,5,1,-0.122369241574447,"N"
"273",273,"NE25",32,131,14.4201889541695,15.2396027613893,5,0,28.541161741358,"N"
"274",274,"NE25",32,132,33.7886801819847,32.8944804594863,5,0,19.4025228001501,"N"
"275",275,"NE25",32,135,11.0508665862648,9.38791498987795,3,1,-0.0596306658793677,"N"
"276",276,"NE25",32,144,1.41026840370402,0.25048851966858,1,0,39.58740234375,"N"
"277",277,"NE25",33,130,14.3030745411569,28.03077669971,6,1,-0.0963866902164767,"N"
"278",278,"NE25",33,131,19.5364287237293,14.4201889541695,6,0,29.6023387579,"N"
"279",279,"NE25",33,132,26.6424421487005,33.7886801819847,6,0,19.5654136288232,"N"
"280",280,"NE25",34,130,85.8964380821411,14.3030745411569,7,1,2.46524791691627e-08,"N"
"281",281,"NE25",34,131,61.731120443956,19.5364287237293,7,0,27.1762053775356,"N"
"282",282,"NE25",34,132,81.5708762019806,26.6424421487005,7,0,19.7112361068863,"N"
"283",283,"NF25",30,167,5.3521218663142,18.0952110925369,1,0,0.761457571885842,"N"
"284",284,"NF25",30,168,17.0473184232744,30.9584451237794,1,0,3.99756596639901,"N"
"285",285,"NF25",30,169,10.5251400489129,6.660286141958,1,0,35.758094647994,"N"
"286",286,"NF25",30,170,14.853210648257,6.1860605567059,1,0,19.8958587473751,"N"
"287",287,"NF25",30,171,6.6181337651441,3.7037544238091,1,0,3.42851221094919,"N"
"288",288,"NF25",30,177,3.4329515427082,0.2504885196686,1,0,21.4111328125,"N"
"289",289,"NF25",30,180,7.085025968133,0.2504885196686,1,0,16.46728515625,"N"
"290",290,"NF25",30,182,8.7406339234785,0.2504885196686,1,0,15.83251953125,"N"
"291",291,"NF25",30,183,3.7480334475957,0.2504885196686,1,0,15.570068359375,"N"
"292",292,"NF25",30,184,1.585431686615,0.2504885196686,1,0,13.232421875,"N"
"293",293,"NF25",30,185,7.7295117584426,0.2504885196686,1,0,14.410400390625,"N"
"294",294,"NF25",31,167,7.8058310333625,5.3521218663142,2,0,-9.57486321340184e-08,"N"
"295",295,"NF25",31,168,15.7622371817854,17.0473184232744,2,0,5.67869193988469,"N"
"296",296,"NF25",31,169,8.4706969686493,10.5251400489129,2,0,34.5409975231851,"N"
"297",297,"NF25",31,170,22.0289565556518,14.853210648257,2,0,19.8230413692051,"N"
"298",298,"NF25",31,171,9.6545317580325,6.6181337651441,2,0,4.46149461774969,"N"
"299",299,"NF25",31,177,4.9075433890647,3.4329515427082,2,0,20.7328787606524,"N"
"300",300,"NF25",31,180,12.9125006665068,7.085025968133,2,0,15.9160935390061,"N"
"301",301,"NF25",31,182,3.1611108864443,8.7406339234785,2,0,15.1132947414405,"N"
"302",302,"NF25",31,183,3.1543421363135,3.7480334475957,2,0,15.0597758894259,"N"
"303",303,"NF25",31,185,10.4431759213131,7.7295117584426,2,0,12.3151519444257,"N"
"304",304,"NF25",32,167,10.4154566888124,7.8058310333625,3,0,5.64327820029575e-08,"N"
"305",305,"NF25",32,168,6.16529768891079,15.7622371817854,3,0,5.37614842478732,"N"
"306",306,"NF25",32,169,16.6875078126913,8.4706969686493,3,0,33.5378462529349,"N"
"307",307,"NF25",32,170,28.3527561966258,22.0289565556518,3,0,16.626629373732,"N"
"308",308,"NF25",32,171,3.29655729240612,9.6545317580325,3,0,0.29296875,"N"
"309",309,"NF25",32,177,6.87657478411719,4.9075433890647,3,0,18.2917331943392,"N"
"310",310,"NF25",32,182,6.47631638209663,3.1611108864443,3,0,13.5045582640828,"N"
"311",311,"NF25",32,185,7.00255877915439,10.4431759213131,3,0,12.7650486865162,"N"
"312",312,"NF25",32,187,3.28999480896929,8.2811673809896,1,0,3.81511242503643,"N"
"313",313,"NF25",33,169,37.3384770932623,16.6875078126913,4,0,34.3665847849974,"N"
"314",314,"NF25",33,170,20.898647283837,28.3527561966258,4,0,18.7410345580654,"N"
"315",315,"NF25",33,177,16.4961093224926,6.87657478411719,4,0,18.5361086148108,"N"
"316",316,"NF25",33,182,19.3752838711687,6.47631638209663,4,0,9.87801598758795,"N"
"317",317,"NF25",33,185,15.4958774329399,7.00255877915439,4,0,13.8974747973649,"N"
"318",318,"NF25",33,187,11.0293806954407,3.28999480896929,2,0,5.444308558323,"N"
"319",319,"NF25",34,169,26.1223415886924,37.3384770932623,5,0,33.7866656677574,"N"
"320",320,"NF25",34,170,68.2610786640557,20.898647283837,5,0,18.1580743694417,"N"
"321",321,"NF25",34,177,29.3591096747469,16.4961093224926,5,0,17.3994038090227,"N"
"322",322,"NF25",34,182,23.6735016273874,19.3752838711687,5,0,8.6999944340568,"N"
"323",323,"NF25",34,185,27.1715570727076,15.4958774329399,5,0,12.5272202771156,"N"
"324",324,"NF25",34,187,21.8111526402518,11.0293806954407,3,0,3.17029656476197,"N"
"325",325,"NG26",27,11,12.4518700770214,12.7881939169251,1,0,9.08306442577968,"N"
"326",326,"NG26",28,11,26.5046592619292,12.4518700770214,2,0,6.91534316273468,"N"
"327",327,"NG26",29,11,25.6616005729445,26.5046592619292,3,0,7.41888965843085,"N"
"328",328,"NG26",29,12,13.4083150797712,11.6587378841476,3,1,0.20998255894788,"N"
"329",329,"NG26",30,11,42.3795493581188,25.6616005729445,4,0,6.44115620542093,"N"
"330",330,"NG26",30,12,22.3871096867907,13.4083150797712,4,1,1.29734702555258,"N"
"331",331,"NG26",30,17,10.1052658404705,4.68104431788087,1,1,-9.01980428125171e-08,"N"
"332",332,"NG26",30,19,17.2258456845906,0.25048851966858,1,0,25.6103515625,"N"
"333",333,"NG26",30,22,8.04539652113681,0.25048851966858,1,0,30.2490234375,"N"
"334",334,"NG26",30,23,14.0224259509417,0.25048851966858,1,0,23.6083984375,"N"
"335",335,"NG26",30,27,12.3014195988678,0.25048851966858,1,0,15.386962890625,"N"
"336",336,"NG26",31,11,49.4938548911592,42.3795493581188,5,0,6.29328506153111,"N"
"337",337,"NG26",31,12,12.9424796048655,22.3871096867907,5,1,-0.0447628615201534,"N"
"338",338,"NG26",31,14,19.0975217381146,12.7821103110642,4,0,4.39779349926845,"N"
"339",339,"NG26",31,17,6.73799648204637,10.1052658404705,2,1,-0.0025080265468489,"N"
"340",340,"NG26",31,19,14.9291887887075,17.2258456845906,2,0,24.8936923013157,"N"
"341",341,"NG26",31,22,12.8602502906468,8.04539652113681,2,0,26.1789560240718,"N"
"342",342,"NG26",31,23,10.9422243808003,14.0224259509417,2,0,15.7115040480855,"N"
"343",343,"NG26",31,27,10.0317382526614,12.3014195988678,2,0,13.0289896232668,"N"
"344",344,"NG26",31,31,6.87684752742063,0.25659799575806,1,1,0,"N"
"345",345,"NG26",31,35,4.43223633015591,0.25048851966858,1,0,6.231689453125,"N"
"346",346,"NG26",31,36,7.21506841078969,0.25048851966858,1,0,18.670654296875,"N"
"347",347,"NG26",31,37,5.38634992350709,0.24743378162384,1,0,22.91259765625,"N"
"348",348,"NG26",31,38,8.70148168771984,0.2596527338028,1,0,30.072021484375,"N"
"349",349,"NG26",31,39,0.49792230129242,0.25048851966858,1,0,40.472412109375,"N"
"350",350,"NG26",31,40,0.25048851966858,0.25048851966858,1,0,15.58837890625,"N"
"351",351,"NG26",31,42,0.80843277467919,0.25048851966858,1,1,0.2685546875,"N"
"352",352,"NG26",32,12,12.8510658095096,12.9424796048655,6,1,-5.42966144267965e-08,"N"
"353",353,"NG26",32,14,12.2832741597948,19.0975217381146,5,0,3.92706600922383,"N"
"354",354,"NG26",32,17,12.1797553022448,6.73799648204637,3,1,-7.3217051976826e-08,"N"
"355",355,"NG26",32,19,15.9278974597996,14.9291887887075,3,0,19.2253344075425,"N"
"356",356,"NG26",32,22,3.5968707673958,12.8602502906468,3,0,22.0261193810263,"N"
"357",357,"NG26",32,23,10.9924066590715,10.9422243808003,3,0,15.2114403412628,"N"
"358",358,"NG26",32,27,23.3804271271437,10.0317382526614,3,0,13.7082565700703,"N"
"359",359,"NG26",32,29,1.6944570541468,4.69311131951653,3,0,9.967041015625,"N"
"360",360,"NG26",32,37,1.5573595976609,5.38634992350709,2,0,23.1316689234817,"N"
"361",361,"NG26",32,38,2.4230728458165,8.70148168771984,2,0,30.1513671875,"N"
"362",362,"NG26",32,39,3.8587430268938,0.49792230129242,2,0,35.9130859375,"N"
"363",363,"NG26",32,42,7.0547855145296,0.80843277467919,2,1,1.84836139283107e-07,"N"
"364",364,"NG26",32,45,7.1336638914831,4.54727124265966,1,0,6.42862081633257,"N"
"365",365,"NG26",32,50,0.2504885196686,0.25048851966858,1,0,7.928466796875,"N"
"366",366,"NG26",33,12,12.9676642231433,12.8510658095096,7,1,-1.23906468418866e-08,"N"
"367",367,"NG26",33,14,3.73093205727388,12.2832741597948,6,0,2.38102006395902,"N"
"368",368,"NG26",33,45,0.24743378162384,7.1336638914831,2,0,1.6163830265209,"N"
"369",369,"NG26",34,12,51.2523462173695,12.9676642231433,8,1,1.66424704572954e-07,"N"
"370",370,"NG28",31,18,6.67047452673393,5.18299468086837,1,1,0.607329259464567,"N"
"371",371,"NG28",32,18,15.9378662020114,6.67047452673393,2,1,0.146785971246111,"N"
"372",372,"NG28",33,18,16.2924510153364,15.9378662020114,3,1,-0.135536704063624,"N"
"373",373,"NG28",34,18,24.2669530482757,16.2924510153364,4,0,1.21491414151187e-07,"N"
"374",374,"NH25",30,14,0.2596527338028,0.24132430553436,1,0,33.1298828125,"N"
"375",375,"NH25",30,18,0.25048851966858,0.2596527338028,1,0,12.548828125,"N"
"376",376,"NH25",30,9,18.203218153934,5.21895307594394,1,0,5.25278986344615,"N"
"377",377,"NH25",31,14,9.7635246368625,0.2596527338028,2,0,33.148193359375,"N"
"378",378,"NH25",31,18,4.7334734482979,0.25048851966858,2,0,12.73193359375,"N"
"379",379,"NH25",31,26,11.8210441895949,3.79334113737857,1,0,2.86416165300534,"N"
"380",380,"NH25",31,9,15.7237639304718,18.203218153934,2,0,4.01961181823341,"N"
"381",381,"NH25",32,14,14.0739347750135,9.7635246368625,3,0,32.7095203072444,"N"
"382",382,"NH25",32,18,4.48602534089503,4.7334734482979,3,0,15.5256561397751,"N"
"383",383,"NH25",32,26,12.2948005172926,11.8210441895949,2,0,1.78038008420557,"N"
"384",384,"NH25",32,28,12.4412032764957,10.159528225165,1,0,23.0279956844251,"N"
"385",385,"NH25",32,9,21.3591526071446,15.7237639304718,3,0,2.81191952716884,"N"
"386",386,"NH25",33,14,0.57968442357977,14.0739347750135,4,0,31.2004237721516,"N"
"387",387,"NH25",33,26,11.7008047906726,12.2948005172926,3,0,3.08571019690627,"N"
"388",388,"NH25",33,9,2.56919929316702,21.3591526071446,4,0,1.86436894730048,"N"
"389",389,"NH25",34,29,6.2337777508663,5.38098615535171,3,0,7.30377293521291,"N"
"390",390,"NH27",30,17,0.25048851966858,0.25048851966858,1,0,30.230712890625,"N"
"391",391,"NH27",31,17,10.1809865309101,0.25048851966858,2,0,28.52783203125,"N"
"392",392,"NH27",31,18,5.03028191149163,0.25048851966858,1,1,2.471923828125,"N"
"393",393,"NH27",31,20,3.0867646402975,0.25048851966858,1,0,6.4697265625,"N"
"394",394,"NH27",31,23,8.19833393368268,0.25048851966858,1,0,30.84716796875,"N"
"395",395,"NH27",32,17,2.55407345597004,10.1809865309101,3,0,29.8023920944064,"N"
"396",396,"NH27",32,18,9.66792094203717,5.03028191149163,2,0,2.40211812637443,"N"
"397",397,"NH27",32,20,2.71027419118009,3.0867646402975,2,1,1.35304015385302,"N"
"398",398,"NH27",32,23,2.50089777600882,8.19833393368268,2,0,30.567315670491,"N"
"399",399,"NH27",32,25,2.991106681532,0.25048851966858,1,0,18.487548828125,"N"
"400",400,"NH27",33,18,20.4850235581516,9.66792094203717,3,0,0.174683837475782,"N"
"401",401,"NH27",33,25,11.2166456752125,2.991106681532,2,0,19.1989821599855,"N"
"402",402,"NH27",34,18,21.4423383200411,20.4850235581516,4,0,-5.06697816112478e-08,"N"
"403",403,"NH27",34,25,23.2904191667926,11.2166456752125,3,0,18.5649327600309,"N"
"404",404,"NH29",33,44,2.1753174486406,1.2958953245185,1,0,36.3050147888736,"N"
"405",405,"NH29",33,45,3.1379035631983,0.86645897739797,1,1,1.48827793695656,"N"
"406",406,"NH29",33,47,2.6930253959999,0.25048851966858,1,0,31.09130859375,"N"
"407",407,"NH29",34,47,0.2504885196686,2.6930253959999,2,0,31.1579918697389,"N"
"408",408,"NH31",32,30,1.8728401488733,4.23239586803824,1,0,14.198515704711,"N"
"409",409,"NH31",32,31,4.35439195778458,7.16916199375754,1,0,11.3659087633701,"N"
"410",410,"NH31",33,31,16.1333296189444,4.35439195778458,2,0,12.2014261847156,"N"
"411",411,"NH31",33,33,3.20861636024273,1.03209630918568,1,1,1.09974607312012,"N"
"412",412,"NH31",33,34,1.67051166869885,1.58957910257526,1,1,2.63679565014073,"N"
"413",413,"NH31",34,31,77.6598075301089,16.1333296189444,3,0,12.6549515936744,"N"
"414",414,"P6A",21,47,3.57539307120874,4.01056745940247,1,1,2.28171792340367,"P"
"415",415,"PP1",21,54,2.29173194343086,1.60536607089345,1,0,4.55546283437183,"P"
"416",416,"PP1",21,55,1.5200923869301,1.74759838428654,1,0,9.57898217982914,"P"
"417",417,"PP1",21,56,7.68208170842665,2.66760742003668,1,0,4.6544397016485,"P"
"418",418,"PP1",21,58,5.39220270904784,3.53813029125555,1,1,-0.12656410057707,"P"
"419",419,"PP1",22,59,2.63273925305939,2.68589931155958,1,1,2.7364315599434,"P"
"420",420,"PP6",22,15,0.25048851966858,1.57327189704734,1,0,40.591875770025,"P"
"421",421,"PP6",28,32,10.11428902164,4.66578336583397,1,0,16.628762340766,"P"
"422",422,"PP6",29,32,13.6209070615777,10.11428902164,2,0,15.6557121588676,"P"
"423",423,"PP6",30,32,16.9025697149698,13.6209070615777,3,0,13.8271184526125,"P"
"424",424,"PP6",30,36,0.2504885196686,4.0654420169913,1,0,20.7255385581242,"P"
"425",425,"PP6",30,37,8.9024218512288,7.8366463437279,1,0,21.9669523938795,"P"
"426",426,"PP6",30,38,11.3961093321188,1.9533357233895,1,0,16.7719375176409,"P"
"427",427,"PP6",30,39,52.7126704874785,8.5707881689671,1,0,6.78664659099239,"P"
"428",428,"PP6",30,47,5.3676677733414,0.2504885196686,1,0,7.830810546875,"P"
"429",429,"PP6",30,53,0.5009770393372,0.2504885196686,1,0,19.81201171875,"P"
"430",430,"PP6",30,54,0.2504885196686,0.2504885196686,1,0,17.529296875,"P"
"431",431,"PP6",30,56,3.1424534513007,0.2504885196686,1,0,13.531494140625,"P"
"432",432,"PP6",31,56,2.22523438081312,3.1424534513007,2,0,10.9486943993792,"P"
"433",433,"PP6",32,52,4.6957446275334,3.12863436023766,3,0,18.8662675246324,"P"
"434",434,"PP6",32,56,2.8881345908332,2.22523438081312,3,0,15.1337325907989,"P"
"435",435,"PW1",21,37,1.36892765075186,2.53529092638394,1,1,1.72644945450884e-07,"P"
"436",436,"PW1",21,38,6.64415990380661,4.92985770236575,1,0,19.4160236385418,"P"
"437",437,"SG1",23,57,5.11766729380433,4.37007075786391,1,0,12.7662649966446,"S"
"438",438,"SG1",26,57,14.7860288646424,10.8720939823801,4,0,8.86103599774934,"S"
"439",439,"SG1",26,61,7.08572837559248,2.99368070544024,1,0,37.3054118895478,"S"
"440",440,"SG1",27,57,20.6062527352445,14.7860288646424,5,0,8.39279742362937,"S"
"441",441,"SG1",27,61,7.97949276374351,7.08572837559248,2,0,36.5656904793164,"S"
"442",442,"SG1",28,57,25.9063048403162,20.6062527352445,6,0,7.8196241347939,"S"
"443",443,"SG1",28,61,10.4770837591147,7.97949276374351,3,0,36.9932104352014,"S"
"444",444,"SG1",29,57,14.0608882352493,25.9063048403162,7,0,6.43134599148156,"S"
"445",445,"SG1",29,61,6.77485256102775,10.4770837591147,4,0,36.4151779526504,"S"
"446",446,"SG1",30,57,13.0597230237031,14.0608882352493,8,0,8.54562295688923,"S"
"447",447,"SG1",30,61,13.7507113587292,6.77485256102775,5,0,30.96923828125,"S"
"448",448,"SG1",30,65,6.42044986473188,4.52971466275682,1,0,3.795690810577,"S"
"449",449,"SG1",30,66,4.94975935693598,0.25048851966858,1,0,12.26806640625,"S"
"450",450,"SG1",31,57,10.0534369257198,13.0597230237031,9,0,7.46472094077565,"S"
"451",451,"SG1",31,61,12.8326998822087,13.7507113587292,6,0,36.4131812119873,"S"
"452",452,"SG1",31,65,5.63856526605529,6.42044986473188,2,0,4.30653935422164,"S"
"453",453,"SG1",31,66,8.30734785153069,4.94975935693598,2,0,11.1048880242024,"S"
"454",454,"SG1",32,57,25.3496994624351,10.0534369257198,10,0,8.09578673939828,"S"
"455",455,"SG1",32,61,14.3405349530508,12.8326998822087,7,0,36.6111843259051,"S"
"456",456,"SG1",32,65,6.82251313479361,5.63856526605529,3,0,3.16005121409522,"S"
"457",457,"SG1",33,57,7.27997708658647,25.3496994624351,11,0,7.67015854545771,"S"
"458",458,"SG1",33,61,12.5626069856798,14.3405349530508,8,0,35.1337464392283,"S"
"459",459,"SG1",33,65,0.25048851966858,6.82251313479361,4,0,4.1180385143472,"S"
"460",460,"SG1",33,70,4.14576961966712,7.12513799330788,1,0,18.213236689796,"S"
"461",461,"SG10",26,56,4.04265572903321,4.34538526808331,3,1,-1.21165740551987e-07,"S"
"462",462,"SG10",27,56,4.62907988701014,4.04265572903321,4,1,4.14329406339675e-08,"S"
"463",463,"SG10",30,56,4.2373621905778,0.25048851966858,7,1,0.98876953125,"S"
"464",464,"SG10",30,61,8.0723681145999,2.9582216490589,1,1,-1.71660573755616e-07,"S"
"465",465,"SG10",30,65,9.0000076862724,0.25048851966858,1,0,25.830078125,"S"
"466",466,"SG10",30,68,3.608195816608,0.25048851966858,1,0,13.4521484375,"S"
"467",467,"SG10",30,70,10.3885602799767,0.24743378162384,1,0,18.792724609375,"S"
"468",468,"SG10",31,56,9.6733615981681,4.2373621905778,8,1,0.28842125342868,"S"
"469",469,"SG10",31,61,11.6632006556381,8.0723681145999,2,1,-2.32030004099215e-08,"S"
"470",470,"SG10",31,65,13.1803973584769,9.0000076862724,2,0,21.3321093094383,"S"
"471",471,"SG10",31,68,4.38709903626667,3.608195816608,2,0,13.1095488259476,"S"
"472",472,"SG10",31,70,7.45108376056361,10.3885602799767,2,0,15.9221065131592,"S"
"473",473,"SG10",31,72,6.12175106998025,4.6338832744315,1,0,5.15746705984931,"S"
"474",474,"SG10",32,56,5.992560629952,9.6733615981681,9,0,1.27428965119213,"S"
"475",475,"SG10",32,61,20.8212594923447,11.6632006556381,3,1,-0.00946160561083786,"S"
"476",476,"SG10",32,65,22.1011331580631,13.1803973584769,3,0,22.0598973098688,"S"
"477",477,"SG10",32,66,2.2065685656571,0.25048851966858,3,0,31.671142578125,"S"
"478",478,"SG10",32,68,5.0649388662869,4.38709903626667,3,0,13.9789453053167,"S"
"479",479,"SG10",32,70,7.1112540335209,7.45108376056361,3,0,17.6591168731146,"S"
"480",480,"SG10",32,72,7.6706002042636,6.12175106998025,2,0,5.45214776498088,"S"
"481",481,"SG10",32,74,1.7674134564168,0.25048851966858,1,1,1.348876953125,"S"
"482",482,"SG10",33,56,6.0657124763469,5.992560629952,10,1,1.69864135320626,"S"
"483",483,"SG10",33,61,6.88304552147397,20.8212594923447,4,1,-1.01080743775128e-07,"S"
"484",484,"SG10",33,65,15.1512688045955,22.1011331580631,4,0,22.8298976204273,"S"
"485",485,"SG10",33,68,0.25048851966858,5.0649388662869,4,0,13.9476617924223,"S"
"486",486,"SG10",33,70,10.5824719728986,7.1112540335209,4,0,17.298065951671,"S"
"487",487,"SG10",33,72,7.37283222900618,7.6706002042636,3,0,5.84262325671831,"S"
"488",488,"SG11",23,79,4.37727107004672,3.11748745912893,1,0,14.2272335510393,"S"
"489",489,"SG11",24,79,3.78789518547823,4.37727107004672,2,0,13.3045098370657,"S"
"490",490,"SG11",24,81,8.07715916427927,3.19062060067275,1,1,-1.75684704117884e-07,"S"
"491",491,"SG11",25,79,3.7597540891205,3.78789518547823,3,0,14.5474784455126,"S"
"492",492,"SG11",25,81,7.52638753571829,8.07715916427927,2,1,-1.048783957458e-07,"S"
"493",493,"SG11",26,81,17.8183186758254,7.52638753571829,3,1,1.16153245244277e-07,"S"
"494",494,"SG11",27,81,18.3295623565519,17.8183186758254,4,1,-0.112554986512507,"S"
"495",495,"SG11",28,81,23.6137323695095,18.3295623565519,5,1,-0.0561367575602389,"S"
"496",496,"SG11",29,81,16.7891508521705,23.6137323695095,6,1,-0.0882035702885133,"S"
"497",497,"SG11",30,81,19.8557726758171,16.7891508521705,7,1,-1.57831607339176e-07,"S"
"498",498,"SG11",31,81,28.2953496929829,19.8557726758171,8,1,9.64464703656631e-08,"S"
"499",499,"SG11",31,84,1.49385696016127,3.54362668270902,1,1,-0.0370647723025391,"S"
"500",500,"SG11",32,81,16.0071542296466,28.2953496929829,9,1,-0.136048173932295,"S"
"501",501,"SG11",33,81,3.9327570347474,16.0071542296466,10,1,5.25795371686399e-08,"S"
"502",502,"SG12",30,75,7.05421008221082,2.14998369613121,1,1,5.43448175349681e-08,"S"
"503",503,"SG12",30,77,7.10150084236802,0.25048851966858,1,0,5.767822265625,"S"
"504",504,"SG12",31,75,11.8248788773423,7.05421008221082,2,1,0.132706995451784,"S"
"505",505,"SG12",32,75,15.3376371358822,11.8248788773423,3,0,-0.0488663321681099,"S"
"506",506,"SG12",32,78,2.92697569269723,0.25048851966858,1,0,20.751953125,"S"
"507",507,"SG12",33,75,16.1926903320468,15.3376371358822,4,0,0.607170805823531,"S"
"508",508,"SG12",33,78,7.61992534544222,2.92697569269723,2,0,23.2924292103147,"S"
"509",509,"SG13",23,109,2.86130380683006,3.60226465036523,1,0,32.2634008089832,"S"
"510",510,"SG13",31,122,9.76509242657165,7.57527207565081,1,0,20.0652880924471,"S"
"511",511,"SG13",32,122,9.766006237709,9.76509242657165,2,0,18.0253313983224,"S"
"512",512,"SG13",32,123,2.2453188789546,0.86968310842337,1,1,-1.7581989197879e-07,"S"
"513",513,"SG13",33,122,4.26077410321714,9.766006237709,3,0,19.2038306800677,"S"
"514",514,"SG13",33,123,0.791572646090389,2.2453188789546,2,1,-1.26635839592382e-07,"S"
"515",515,"SG14",29,19,4.78164397363588,0.2504885196686,1,1,4.168701171875,"S"
"516",516,"SG14",30,19,12.5748587921946,4.78164397363588,2,1,1.95568329141663,"S"
"517",517,"SG14",31,19,8.95223876254728,12.5748587921946,3,0,1.55396428434113,"S"
"518",518,"SG14",32,19,5.27939616127816,8.95223876254728,4,0,2.90613116871941,"S"
"519",519,"SG14",32,20,4.88261134349474,0.25048851966858,1,0,14.17236328125,"S"
"520",520,"SG14",33,19,0.250488519668579,5.27939616127816,5,0,2.30117849604973,"S"
"521",521,"SG15",23,38,3.51211827588811,4.57972329721492,1,0,22.0847728561044,"S"
"522",522,"SG15",26,38,21.4959794108702,15.065463742881,4,0,18.143872186432,"S"
"523",523,"SG15",27,38,28.8995414653146,21.4959794108702,5,0,19.455998477762,"S"
"524",524,"SG15",28,38,14.4409916150392,28.8995414653146,6,0,18.7260504700564,"S"
"525",525,"SG15",29,38,36.4505436677959,14.4409916150392,7,0,18.6119410394337,"S"
"526",526,"SG15",30,38,24.2202967295962,36.4505436677959,8,0,17.2944902600369,"S"
"527",527,"SG15",31,38,27.1645723416711,24.2202967295962,9,0,16.7836416472717,"S"
"528",528,"SG15",32,41,3.92307823457831,4.3472933956161,4,1,0.0191917697350025,"S"
"529",529,"SG15",33,41,4.53338652701474,3.92307823457831,5,1,-1.28919377950787e-07,"S"
"530",530,"SG16",24,83,12.4562585610378,4.68835855051125,1,0,2.89296824485762,"S"
"531",531,"SG16",25,83,19.6639742170494,12.4562585610378,2,1,-0.0359445343824927,"S"
"532",532,"SG16",26,83,18.8466692388526,19.6639742170494,3,0,1.7508634542196e-07,"S"
"533",533,"SG16",26,84,10.4648912444351,4.45452719674264,1,0,39.7710847860689,"S"
"534",534,"SG16",27,83,13.2463655223477,18.8466692388526,4,0,-6.03045086089438e-08,"S"
"535",535,"SG16",27,84,5.50836209836819,10.4648912444351,2,0,37.5232657441666,"S"
"536",536,"SG16",28,83,19.7425122311503,13.2463655223477,5,1,2.14492784644804e-08,"S"
"537",537,"SG16",28,84,11.5397648349593,5.50836209836819,3,0,36.996341806207,"S"
"538",538,"SG16",29,83,13.909080398772,19.7425122311503,6,0,-0.126837601038687,"S"
"539",539,"SG16",29,84,20.1090174883148,11.5397648349593,4,0,37.851535339837,"S"
"540",540,"SG16",30,83,19.9572936726113,13.909080398772,7,0,1.01221214743319e-07,"S"
"541",541,"SG16",30,84,22.4433665676945,20.1090174883148,5,0,37.2806334181051,"S"
"542",542,"SG16",30,85,4.0833246877187,4.0260570684842,1,0,25.9274042204049,"S"
"543",543,"SG16",30,86,8.4501755403505,5.72497037078997,1,0,9.20487525355445,"S"
"544",544,"SG16",30,87,5.4277042726246,0.25048851966858,1,0,5.169677734375,"S"
"545",545,"SG16",31,83,8.91745233354765,19.9572936726113,8,0,6.37023322980212e-08,"S"
"546",546,"SG16",31,84,15.870568766808,22.4433665676945,6,0,35.0312780717339,"S"
"547",547,"SG16",31,85,14.423315468772,4.0833246877187,2,0,23.9991380882975,"S"
"548",548,"SG16",31,86,15.1688349309028,8.4501755403505,2,0,8.78940576487291,"S"
"549",549,"SG16",31,87,9.81343792810586,5.4277042726246,2,0,3.60890983032525,"S"
"550",550,"SG16",32,83,12.5006787553829,8.91745233354765,9,0,1.47710945957584,"S"
"551",551,"SG16",32,84,23.377666036466,15.870568766808,7,0,37.1473714725637,"S"
"552",552,"SG16",32,85,14.4959845267348,14.423315468772,3,0,24.4064220126102,"S"
"553",553,"SG16",32,86,22.4457659042246,15.1688349309028,3,0,9.23791389225454,"S"
"554",554,"SG16",32,87,12.2176776688456,9.81343792810586,3,0,3.17239592785916,"S"
"555",555,"SG16",32,88,8.16822273620665,4.75847383530931,1,1,-0.0236609564116463,"S"
"556",556,"SG16",32,89,26.0433133739694,4.58388478378154,1,0,7.35681182298014,"S"
"557",557,"SG16",32,90,0.25048851966858,3.77203121083864,1,0,11.2797018080797,"S"
"558",558,"SG16",33,83,0.250488519668579,12.5006787553829,10,0,1.3597208627185,"S"
"559",559,"SG16",33,84,3.19967670441363,23.377666036466,8,0,36.7548148531818,"S"
"560",560,"SG16",33,85,0.250488519668579,14.4959845267348,4,0,24.5365145906257,"S"
"561",561,"SG16",33,86,2.03149960372343,22.4457659042246,4,0,8.01554614436041,"S"
"562",562,"SG16",33,88,6.00750585033259,8.16822273620665,2,1,-1.28452541048318e-07,"S"
"563",563,"SG16",33,89,3.66747430678041,26.0433133739694,2,0,6.62477668529522,"S"
"564",564,"SG17",23,226,2.79112333638474,2.04008046619769,1,0,4.09016780432295,"S"
"565",565,"SG17",24,230,0.250488519668579,2.41784581268635,1,0,22.8540135963356,"S"
"566",566,"SG17",24,233,2.40842082879134,0.25048851966858,1,0,38.909912109375,"S"
"567",567,"SG17",25,233,7.28162606557391,2.40842082879134,2,0,33.2035931002714,"S"
"568",568,"SG17",26,233,6.87815684726597,7.28162606557391,3,0,32.5493473451806,"S"
"569",569,"SG17",27,234,11.0275862235909,7.74405320147483,1,0,4.0141710703109,"S"
"570",570,"SG17",28,234,22.8260858335403,11.0275862235909,2,0,1.91473087756184,"S"
"571",571,"SG17",28,236,15.1914592870052,6.99795169991557,1,0,40.5375467421043,"S"
"572",572,"SG17",28,237,0.25048851966858,0.24743378162384,1,0,40.972900390625,"S"
"573",573,"SG17",29,234,21.701896958474,22.8260858335403,3,0,2.41864276926632,"S"
"574",574,"SG17",29,236,14.7859546075685,15.1914592870052,2,0,39.1151503296652,"S"
"575",575,"SG17",29,240,0.25048851966858,0.25048851966858,1,1,2.508544921875,"S"
"576",576,"SG17",30,234,28.7496892973599,21.701896958474,4,0,1.75627499569851,"S"
"577",577,"SG17",30,236,34.3219541185904,14.7859546075685,3,0,37.5537687144485,"S"
"578",578,"SG17",30,240,4.8662625948523,0.25048851966858,2,1,2.130126953125,"S"
"579",579,"SG17",30,241,6.57657492491393,3.53050149683851,1,0,8.52183289295519,"S"
"580",580,"SG17",31,234,17.0917806930124,28.7496892973599,5,0,1.39953222287838,"S"
"581",581,"SG17",31,236,28.6782565479102,34.3219541185904,4,0,35.7476775708561,"S"
"582",582,"SG17",31,240,10.7028636898745,4.8662625948523,3,1,0.346982694735823,"S"
"583",583,"SG17",31,241,8.51730104894128,6.57657492491393,2,0,6.34983202832424,"S"
"584",584,"SG17",32,234,19.8643772455938,17.0917806930124,6,0,0.378213665627772,"S"
"585",585,"SG17",32,236,23.8281485580601,28.6782565479102,5,0,35.6086336645784,"S"
"586",586,"SG17",32,240,11.9795220635786,10.7028636898745,4,1,1.27445210065436,"S"
"587",587,"SG17",32,241,10.6343176117734,8.51730104894128,3,0,7.0083545981633,"S"
"588",588,"SG17",33,234,4.6387187071396,19.8643772455938,7,0,0.4157999708475,"S"
"589",589,"SG17",33,236,1.57656008735964,23.8281485580601,6,0,36.3157406438773,"S"
"590",590,"SG17",33,240,1.35266603224442,11.9795220635786,5,0,1.66903049991871,"S"
"591",591,"SG17",33,241,0.250488519668579,10.6343176117734,4,0,6.89665934883708,"S"
"592",592,"SG19",31,107,6.81062393398511,2.33379321922948,1,1,6.69201796199559e-08,"S"
"593",593,"SG19",32,107,22.1533254861992,6.81062393398511,2,1,-2.04024843242223e-07,"S"
"594",594,"SG19",33,107,4.20438308788298,22.1533254861992,3,1,1.97949105995576e-07,"S"
"595",595,"SG19",33,108,0.308611859822297,7.53549089039968,1,1,-0.014955110378196,"S"
"596",596,"SG20",31,59,11.1489267254572,10.1535644800321,1,0,8.07790638133167,"S"
"597",597,"SG20",31,60,5.43932428638423,4.48602967131176,1,0,4.29687269912972,"S"
"598",598,"SG3",27,34,4.95275109523042,3.35198448334099,1,1,-0.0132216615947414,"S"
"599",599,"SG3",28,34,12.7281587652232,4.95275109523042,2,1,-0.0337534866315536,"S"
"600",600,"SG3",29,34,22.9392790600155,12.7281587652232,3,1,-2.5911489842656e-08,"S"
"601",601,"SG3",30,34,29.3309099551107,22.9392790600155,4,0,-0.0133291682744101,"S"
"602",602,"SG3",31,34,0.51014125347138,29.3309099551107,5,0,-0.00526412456807179,"S"
"603",603,"SG3",32,34,8.08995645704583,0.51014125347138,6,0,1.031494140625,"S"
"604",604,"SG6",26,26,4.30386211075046,2.30170526012701,1,0,18.975878930989,"S"
"605",605,"SG8",23,64,3.34502851094655,3.02422671433158,1,1,0.165125840833269,"S"
"606",606,"SG8",23,66,0.56771420737092,4.52795973361323,1,1,0.294585161732186,"S"
"607",607,"SG8",24,64,8.4280527120145,3.34502851094655,2,1,0.315093029422925,"S"
"608",608,"SG8",24,66,2.18037938428856,0.56771420737092,2,1,0.64306690533391,"S"
"609",609,"SG8",25,64,14.8724454319493,8.4280527120145,3,1,-0.0999344800654001,"S"
"610",610,"SG8",25,66,2.40892649356901,2.18037938428856,3,1,0.94386132720858,"S"
"611",611,"SG8",26,64,28.7627472273116,14.8724454319493,4,1,-0.0701167246451035,"S"
"612",612,"SG8",26,66,8.19900949666589,2.40892649356901,4,1,0.460371148950571,"S"
"613",613,"SG8",27,64,6.98660640309164,28.7627472273116,5,1,2.09303593123877e-07,"S"
"614",614,"SG8",27,66,5.68613700942712,8.19900949666589,5,1,-0.00465371998279807,"S"
"615",615,"SG8",28,64,19.2152469267306,6.98660640309164,6,1,5.64232038868795e-09,"S"
"616",616,"SG8",28,66,3.89321703172207,5.68613700942712,6,1,5.64232038868795e-09,"S"
"617",617,"SG8",29,64,8.38188695855894,19.2152469267306,7,1,-0.02044477525925,"S"
"618",618,"SG8",29,66,6.14063116354402,3.89321703172207,7,1,3.39796599746478e-08,"S"
"619",619,"SG8",29,73,2.60523348127165,0.25048851966858,1,0,22.930908203125,"S"
"620",620,"SG8",30,64,6.36507200845198,8.38188695855894,8,1,-0.065499091258431,"S"
"621",621,"SG8",30,66,5.22954649809673,6.14063116354402,8,1,-1.5320513568895e-07,"S"
"622",622,"SG8",31,66,0.25048851966858,5.22954649809673,9,1,1.91194331478073e-07,"S"
"623",623,"SG8",32,75,6.18868517399161,9.23797337465754,1,0,12.0739187721914,"S"
"624",624,"SG8",33,75,10.7418180607496,6.18868517399161,2,0,10.2195505565311,"S"
"625",625,"SG9",25,124,2.6266138614326,0.25048851966858,1,1,3.509521484375,"S"
"626",626,"SG9",26,124,4.69489679053409,2.6266138614326,2,0,3.98117335656008,"S"
"627",627,"SG9",27,123,6.73391354479592,7.40045597250197,3,0,3.18938440609419,"S"
"628",628,"SG9",27,124,4.40408437193378,4.69489679053409,3,0,3.02864943459704,"S"
"629",629,"SG9",27,127,0.25048851966858,0.25048851966858,1,1,2.6123046875,"S"
"630",630,"SG9",28,123,13.9571108440924,6.73391354479592,4,0,3.0862876795395,"S"
"631",631,"SG9",28,124,9.70339684790719,4.40408437193378,4,0,2.92686390590153,"S"
"632",632,"SG9",28,127,0.25048851966858,0.25048851966858,2,1,2.508544921875,"S"
"633",633,"SG9",29,123,16.9502461581994,13.9571108440924,5,0,2.41074820215144,"S"
"634",634,"SG9",29,124,11.6981416887774,9.70339684790719,5,0,1.91394614501867,"S"
"635",635,"SG9",29,127,2.26117926703014,0.25048851966858,3,1,2.99072265625,"S"
"636",636,"SG9",29,131,5.29895705641393,2.05149131249592,1,1,-0.0612219324206791,"S"
"637",637,"SG9",30,123,42.6657765746044,16.9502461581994,6,0,3.63659734222861,"S"
"638",638,"SG9",30,124,17.9565134948132,11.6981416887774,6,0,2.87972917832387,"S"
"639",639,"SG9",30,127,8.53696661590739,2.26117926703014,4,0,3.58253523517978,"S"
"640",640,"SG9",30,131,11.2315565899889,5.29895705641393,2,1,0.0144379496618967,"S"
"641",641,"SG9",30,132,0.25048851966858,2.04151198954533,1,0,9.92571256806311,"S"
"642",642,"SG9",30,133,7.87869866664588,2.71540603956846,1,1,-5.50458179038316e-08,"S"
"643",643,"SG9",30,135,4.08155969456213,0.25048851966858,1,0,13.1103515625,"S"
"644",644,"SG9",30,139,7.3127924656292,0.25048851966858,1,0,23.968505859375,"S"
"645",645,"SG9",30,141,3.25866317139355,0.25048851966858,1,1,-0.01220703125,"S"
"646",646,"SG9",31,123,30.5264075750688,42.6657765746044,7,0,1.36659581812185,"S"
"647",647,"SG9",31,124,27.570626800396,17.9565134948132,7,0,2.01638845926048,"S"
"648",648,"SG9",31,127,6.37758178654482,8.53696661590739,5,0,3.9116175149955,"S"
"649",649,"SG9",31,131,16.637891085373,11.2315565899889,3,1,1.8308902838271e-07,"S"
"650",650,"SG9",31,132,0.25048851966858,0.25048851966858,2,0,13.568115234375,"S"
"651",651,"SG9",31,133,4.06759050347502,7.87869866664588,2,1,0.826229810820994,"S"
"652",652,"SG9",31,135,8.14016186618266,4.08155969456213,2,0,11.5466768215743,"S"
"653",653,"SG9",31,139,16.5298216721817,7.3127924656292,2,0,20.9820804730629,"S"
"654",654,"SG9",31,141,7.99479523605539,3.25866317139355,2,1,-0.00707787395054993,"S"
"655",655,"SG9",32,123,72.9965814849177,30.5264075750688,8,0,0.836279276114766,"S"
"656",656,"SG9",32,124,28.6105178182468,27.570626800396,8,0,2.05111499333735,"S"
"657",657,"SG9",32,127,4.6693903431486,6.37758178654482,6,0,4.16387430998991,"S"
"658",658,"SG9",32,129,2.06306037202182,0.25048851966858,6,0,6.488037109375,"S"
"659",659,"SG9",32,131,16.9927373208899,16.637891085373,4,1,2.18045158817404e-07,"S"
"660",660,"SG9",32,132,2.07956467764998,0.25048851966858,3,0,11.4501953125,"S"
"661",661,"SG9",32,133,3.30563552300479,4.06759050347502,3,1,0.870414633077776,"S"
"662",662,"SG9",32,135,3.75477022710954,8.14016186618266,3,0,11.5057116005786,"S"
"663",663,"SG9",32,137,10.3070475371137,6.9600617737624,3,0,19.7982901387346,"S"
"664",664,"SG9",32,139,19.0943116402615,16.5298216721817,3,0,21.8554351617445,"S"
"665",665,"SG9",32,141,3.23328082454165,7.99479523605539,3,1,-0.0318340986787717,"S"
"666",666,"SG9",32,146,1.15806484874192,0.25048851966858,1,0,19.59228515625,"S"
"667",667,"SG9",33,123,5.41685743925074,72.9965814849177,9,0,2.19748162442875,"S"
"668",668,"SG9",33,124,4.84320932789129,28.6105178182468,9,0,3.19398576843506,"S"
"669",669,"SG9",33,127,2.30515993234193,4.6693903431486,7,0,5.50167887309235,"S"
"670",670,"SG9",33,133,4.60738653600493,3.30563552300479,4,1,-0.0334319194907978,"S"
"671",671,"SG9",33,135,0.76398694826782,3.75477022710954,4,0,12.3723084929918,"S"
"672",672,"WD1",21,6,6.69502535598947,4.89841597640718,1,1,-0.105077707475658,"W"
"673",673,"WD1",22,6,8.72960898645159,6.69502535598947,2,1,-0.0346085256843054,"W"
"674",674,"WD1",22,7,4.51906183233502,4.26692696076073,1,1,2.1413659222312,"W"
"675",675,"WD1",23,6,6.87408260873939,8.72960898645159,3,1,8.08129527740675e-08,"W"
"676",676,"WD1",24,6,4.61617000918698,6.87408260873939,4,1,-0.0223908936410169,"W"
"677",677,"WD1",27,6,13.2906393873787,17.0796919008523,7,1,-0.0192582614931212,"W"
"678",678,"WD1",28,6,13.5455758429385,13.2906393873787,8,1,2.03415069677249e-07,"W"
"679",679,"WD1",29,6,23.1021313421751,13.5455758429385,9,1,-0.0287606021869351,"W"
"680",680,"WD1",30,6,18.1524016278401,23.1021313421751,10,0,-0.0265244033785592,"W"
"681",681,"WD1",31,6,55.9754599200753,18.1524016278401,11,1,2.01314804826325e-08,"W"
"682",682,"WD11",21,81,10.2685997775979,3.86091552280213,1,0,12.3892420990174,"W"
"683",683,"WD11",22,81,9.32668250084867,10.2685997775979,2,0,7.10156543619608,"W"
"684",684,"WD11",23,81,4.3275253205479,9.32668250084867,3,0,4.83628230612815,"W"
"685",685,"WD11",24,81,2.69031526586546,4.3275253205479,4,0,5.89656887206777,"W"
"686",686,"WD11",27,81,11.7294448061282,17.6968320835762,7,0,3.34800973516663,"W"
"687",687,"WD11",28,81,13.4194261185887,11.7294448061282,8,0,4.28976953664038,"W"
"688",688,"WD11",29,81,12.1456322789463,13.4194261185887,9,0,2.53299273108911,"W"
"689",689,"WD11",30,81,14.9098812536857,12.1456322789463,10,0,3.47024071001289,"W"
"690",690,"WD11",31,81,19.2866117854049,14.9098812536857,11,0,3.159971967448,"W"
"691",691,"WD11",32,81,3.3782845777829,19.2866117854049,12,0,3.94801941224461,"W"
"692",692,"WD19",21,56,13.0983739066102,2.90442045469128,1,0,3.3354228382435,"W"
"693",693,"WD19",28,66,6.16917804709605,4.16767579823611,1,1,1.62299704559793,"W"
"694",694,"WD19",29,66,14.4830641364749,6.16917804709605,2,1,1.13211779803528,"W"
"695",695,"WD19",32,66,27.1324997267921,23.8805632547296,5,0,0.664189895691028,"W"
"696",696,"WD19",32,68,16.1507833934711,10.2098239679097,3,0,3.78987334775336,"W"
"697",697,"WD19",32,69,11.8358786432032,11.8674078995593,3,0,13.3492665651599,"W"
"698",698,"WD25",21,19,8.5835923135668,4.63268431770934,1,0,9.63198599742073,"W"
"699",699,"WD25",21,20,8.94803337868753,3.92004857948763,1,0,4.63439473314549,"W"
"700",700,"WD25",24,24,13.707651401589,9.72750987846235,3,0,9.46867620201358,"W"
"701",701,"WD25",27,24,15.2484581026817,32.7611326800344,6,0,8.22595216170889,"W"
"702",702,"WD25",30,24,6.44849672885206,0.25048851966858,9,0,6.610107421875,"W"
"703",703,"WD25",31,24,11.3106208782743,6.44849672885206,10,0,5.65461303728343,"W"
"704",704,"WD5",20,53,28.5874598618405,30.3174325160459,3,0,17.892982036532,"W"
"705",705,"WD5",20,54,13.3669192134413,8.39008652401818,3,0,10.5955412736597,"W"
"706",706,"WD5",21,53,18.0933257648922,28.5874598618405,4,0,17.5178121184782,"W"
"707",707,"WD5",21,54,20.3894887691138,13.3669192134413,4,0,10.6594909402402,"W"
"708",708,"WD5",21,64,4.93723626263678,2.73312850115875,1,0,24.2706190204,"W"
"709",709,"WD5",24,54,5.24944615303293,2.62656027049832,7,0,8.95814146646542,"W"
"710",710,"WD5",27,54,6.75370749852901,17.2363938741932,10,0,5.32806795637977,"W"
"711",711,"WD5",28,54,2.8475577493825,6.75370749852901,11,0,5.84515460161901,"W"
"712",712,"WD5",28,67,3.59455548252251,3.7022887232986,1,0,30.5234428895264,"W"
"713",713,"WD5",29,54,8.92720403329189,2.8475577493825,12,0,6.53635667677195,"W"
"714",714,"WD5",29,67,10.1553938183231,3.59455548252251,2,0,30.0404256334904,"W"
"715",715,"WD5",30,54,16.262413315971,8.92720403329189,13,0,5.20361726983678,"W"
"716",716,"WD5",31,54,23.2928405101296,16.262413315971,14,0,3.13971620543239,"W"
"717",717,"WD9",21,60,5.1305446305716,0.25048851966858,1,0,6.591796875,"W"
"718",718,"WD9",22,60,9.40828547382545,5.1305446305716,2,0,5.07611612783987,"W"
"719",719,"WD9",22,61,3.50933062236633,1.49750609853417,1,0,21.4718554345849,"W"
"720",720,"WD9",23,60,4.47735383887072,9.40828547382545,3,0,6.39429934090003,"W"
"721",721,"WD9",23,61,4.56971096680653,3.50933062236633,2,0,21.0352506041271,"W"
"722",722,"WD9",24,60,9.91126361857101,4.47735383887072,4,0,6.02832390790518,"W"
"723",723,"WD9",24,61,6.21873303930157,4.56971096680653,3,0,20.709943523414,"W"
"724",724,"WD9",25,60,14.9017341660751,9.91126361857101,5,0,3.20480653242404,"W"
"725",725,"WD9",25,61,10.7679830531716,6.21873303930157,4,0,20.2665161894019,"W"
"726",726,"WD9",26,60,28.3025508903138,14.9017341660751,6,0,3.79220359586128,"W"
"727",727,"WD9",26,61,28.92950482944,10.7679830531716,5,0,20.315360832391,"W"
"728",728,"WD9",27,60,18.8407188885121,28.3025508903138,7,0,2.99449853335345,"W"
"729",729,"WD9",27,61,16.72259446594,28.92950482944,6,0,19.0275691158663,"W"
"730",730,"WD9",28,60,41.3924851059144,18.8407188885121,8,0,2.36161059163544,"W"
"731",731,"WD9",28,61,40.8393431819453,16.72259446594,7,0,18.6545197104855,"W"
"732",732,"WD9",28,64,10.0751216835382,3.24918536357242,1,0,10.3290820289655,"W"
"733",733,"WD9",28,66,4.56516356204002,0.24743378162384,1,0,5.74951171875,"W"
"734",734,"WD9",28,67,9.10083039182017,0.25048851966858,1,0,27.508544921875,"W"
"735",735,"WD9",29,60,29.750496050531,41.3924851059144,9,0,1.51585638269748,"W"
"736",736,"WD9",29,61,44.5845204712794,40.8393431819453,8,0,18.6932925772299,"W"
"737",737,"WD9",29,63,4.136064930673,2.18100164871277,3,1,-0.0287721916446909,"W"
"738",738,"WD9",29,64,16.5911038720088,10.0751216835382,2,0,9.78041511862989,"W"
"739",739,"WD9",29,66,8.77061351880455,4.56516356204002,2,0,4.93738782024157,"W"
"740",740,"WD9",29,67,12.811448273845,9.10083039182017,2,0,26.5290207720526,"W"
"741",741,"WD9",30,60,12.5972554240584,29.750496050531,10,0,0.794891788039084,"W"
"742",742,"WD9",30,61,57.7479217492213,44.5845204712794,9,0,18.8738892655873,"W"
"743",743,"WD9",30,63,10.0948093989137,4.136064930673,4,1,-0.0307657004514267,"W"
"744",744,"WD9",30,64,18.5553297157263,16.5911038720088,3,0,10.5006513700181,"W"
"745",745,"WD9",30,66,12.5063193059846,8.77061351880455,3,0,5.0023397389382,"W"
"746",746,"WD9",30,67,7.30482309744645,12.811448273845,3,0,27.2054691549275,"W"
"747",747,"WD9",30,68,4.60216051645839,6.85475298230582,1,0,39.1196282365105,"W"
"748",748,"WD9",31,60,13.4426494948048,12.5972554240584,11,0,0.794465555723614,"W"
"749",749,"WD9",31,61,44.4331383778122,57.7479217492213,10,0,16.621866174271,"W"
"750",750,"WD9",31,63,8.91343051380345,10.0948093989137,5,1,7.16517123411364e-09,"W"
"751",751,"WD9",31,64,19.7389055618648,18.5553297157263,4,0,8.51907540632559,"W"
"752",752,"WD9",31,66,10.5171323290329,12.5063193059846,4,0,5.4002622681061,"W"
"753",753,"WD9",31,67,6.99722979828004,7.30482309744645,4,0,27.6672496693695,"W"
"754",754,"WD9",31,68,3.85628219890312,4.60216051645839,2,0,37.1187856284692,"W"
"755",755,"WD9",31,69,7.55568361107899,3.68014673021685,1,0,14.3764737354491,"W"
"756",756,"WD9",31,70,6.40780908383581,2.85450008454381,1,1,7.16517123411364e-09,"W"
"757",757,"WD9",32,60,11.237409409004,13.4426494948048,12,0,0.531232564902154,"W"
"758",758,"WD9",32,61,57.1053282730112,44.4331383778122,11,0,16.3988707608743,"W"
"759",759,"WD9",32,64,17.5003592850949,19.7389055618648,5,0,9.4955127489149,"W"
"760",760,"WD9",32,66,11.0294513681139,10.5171323290329,5,0,2.79205757614651,"W"
"761",761,"WD9",32,67,23.3287180910663,6.99722979828004,5,0,23.712158203125,"W"
"762",762,"WD9",32,68,7.15860243861187,3.85628219890312,3,0,37.4627481969958,"W"
"763",763,"WD9",32,69,7.31426002810605,7.55568361107899,2,0,14.4319335356113,"W"
"764",764,"WD9",32,70,9.50159576193369,6.40780908383581,2,1,-0.0184877507492159,"W"
"765",765,"WD9",32,71,0.78668400935384,0.25048851966858,1,1,0.2685546875,"W"
"766",766,"WD9",32,74,1.68834952800217,0.25048851966858,1,0,18.988037109375,"W"
"767",767,"WD9",33,60,5.41668431824443,11.237409409004,13,0,0.116250063075762,"W"
"768",768,"WD9",33,61,21.6849859582914,57.1053282730112,12,0,16.1708013603179,"W"
"769",769,"WD9",33,64,6.12278658075321,17.5003592850949,6,0,9.64487568148753,"W"
"770",770,"WD9",33,66,10.2110028340709,11.0294513681139,6,0,2.6908909498657,"W"
"771",771,"WD9",34,60,8.79191500639818,5.41668431824443,14,0,0.941070184257606,"W"
"772",772,"WD9",34,61,13.3550806952805,21.6849859582914,13,0,17.1326553538805,"W"
"773",773,"WD9",34,66,7.75096476879245,10.2110028340709,7,0,4.61414916928905,"W"
"774",774,"WD9",34,76,1.70023624302229,0.67569683008526,1,1,-1.44861447837208e-07,"W"
