"","X","quad","year","trackID","area","survives","age","distEdgeMin","allEdge","Group"
"1",1,"A5P",18,26,1.01883097820336,0,1,27.3300898631452,0,"A"
"2",2,"A5P",18,25,1.32807970395771,1,1,0.302027496845625,1,"A"
"3",3,"A5P",19,31,0.33447545042612,0,1,29.2589474746163,0,"A"
"4",4,"A5P",19,30,0.37538118631105,0,1,37.4034635616727,0,"A"
"5",5,"A5P",19,32,0.25483835575931,0,1,16.5589586403103,0,"A"
"6",6,"A5P",19,34,0.26062999862751,0,1,6.54964614175245,0,"A"
"7",7,"A5P",19,42,0.25048851966858,0,1,10.63232421875,0,"A"
"8",8,"A5P",19,41,0.56180393952266,0,1,6.99882919885548,0,"A"
"9",9,"A5P",19,33,0.30986092633637,0,1,15.3750617644632,0,"A"
"10",10,"A5P",19,35,4.9172261862757,1,1,35.3936880963579,0,"A"
"11",11,"A5P",19,40,0.56325125764915,0,1,14.5948846682518,0,"A"
"12",12,"A5P",19,39,0.58207442618744,0,1,9.64404270206259,0,"A"
"13",13,"A5P",19,28,0.51619262399781,0,1,7.26789749981977,0,"A"
"14",14,"A5P",19,27,1.21917126732177,0,1,8.96314227655562,0,"A"
"15",15,"A5P",19,37,1.34369528818697,0,1,31.3495619152181,0,"A"
"16",16,"A5P",19,29,0.44669204164498,0,1,11.5729778573115,0,"A"
"17",17,"A5P",19,36,1.48704113677996,0,1,36.0581256162618,0,"A"
"18",18,"A5P",19,25,1.26979475007546,1,2,-0.0398478889363787,1,"A"
"19",19,"A5P",19,38,0.72831710182199,0,1,29.3584628060361,0,"A"
"20",20,"A5P",20,35,4.10218804543515,1,2,34.5807969135649,0,"A"
"21",21,"A5P",20,43,3.43518004632635,0,1,9.99428648577173,0,"A"
"22",22,"A5P",20,25,6.04770886301314,0,3,-0.019774026690726,1,"A"
"23",23,"A5P",21,44,5.12204869003426,0,1,23.3866687095079,0,"A"
"24",24,"A5P",21,35,5.21964839336714,1,3,36.2519958978297,0,"A"
"25",25,"A5P",22,35,12.8315012444289,1,4,33.8481704482194,0,"A"
"26",26,"A5P",22,46,0.24743378162384,1,1,5.09033203125,0,"A"
"27",27,"A5P",22,45,5.74226782038633,0,1,-0.0467388154558795,1,"A"
"28",28,"A5P",23,35,10.7201616093037,1,5,35.8501021475295,0,"A"
"29",29,"A5P",23,46,0.68371665294616,0,2,3.36635023681707,1,"A"
"30",30,"A5P",24,35,11.8635306880699,1,6,35.1214532335454,0,"A"
"31",31,"A5P",27,35,34.5057806382738,1,9,34.4643187002503,0,"A"
"32",32,"A5P",28,35,14.9485367145855,1,10,37.7280889691547,0,"A"
"33",33,"A5P",29,35,9.77192609837927,1,11,36.6415014833934,0,"A"
"34",34,"A5P",30,35,16.8160999147457,1,12,37.0103747661612,0,"A"
"35",35,"A5P",31,35,28.6483097783639,1,13,36.9382667037971,0,"A"
"36",36,"A5P",31,48,9.26106979900358,1,1,2.20459715052632,0,"A"
"37",37,"B1P",16,46,0.91393442553291,0,1,12.4695249912329,0,"B"
"38",38,"B1P",17,47,2.55892193994838,0,1,4.29002466610581,0,"B"
"39",39,"B5P",18,30,1.68111806100404,1,1,9.86532120522369,0,"B"
"40",40,"B5P",18,29,0.83981134635617,1,1,39.4246303231515,0,"B"
"41",41,"B5P",18,31,2.04456222674692,0,1,9.55593145668968,0,"B"
"42",42,"B5P",19,30,1.27445651463029,1,2,9.91770820692182,0,"B"
"43",43,"B5P",20,30,2.57954348388548,0,3,10.9259896226886,0,"B"
"44",44,"B5P",21,29,3.03490501322249,0,4,37.3584493858669,0,"B"
"45",45,"B5P",22,33,0.25048851966858,0,1,34.66796875,0,"B"
"46",46,"B5P",22,32,1.72141606112656,0,1,21.0312730793012,0,"B"
"47",47,"BW1",23,69,0.25048851966858,0,1,20.928955078125,0,"B"
"48",48,"BW1",23,70,0.24743378162384,0,1,19.873046875,0,"B"
"49",49,"BW1",23,71,0.25048851966858,0,1,13.2080078125,0,"B"
"50",50,"BW1",28,73,3.52961701376277,1,1,10.2360312692986,0,"B"
"51",51,"BW1",29,73,3.2929898117199,1,2,11.7482050158792,0,"B"
"52",52,"BW1",29,74,0.25048851966858,1,1,7.470703125,0,"B"
"53",53,"BW1",30,74,0.25048851966858,1,2,9.38720703125,0,"B"
"54",54,"BW1",30,73,4.22116625938003,1,3,10.6837438213255,0,"B"
"55",55,"BW1",30,75,0.25048851966858,0,1,31.8115234375,0,"B"
"56",56,"BW1",31,73,15.9294022456207,1,4,9.17293261128019,0,"B"
"57",57,"BW1",31,74,11.4249708997196,1,3,5.00424969897961,0,"B"
"58",58,"BW1",32,73,5.08678721445391,1,5,10.7415942461544,0,"B"
"59",59,"BW1",32,74,7.19094872124546,1,4,6.59493645588211,0,"B"
"60",60,"BW2",29,71,0.24743378162384,1,1,4.77294921875,0,"B"
"61",61,"BW2",30,72,10.8478578576402,0,1,30.9328014510647,0,"B"
"62",62,"BW2",31,71,2.99063047003702,0,3,2.81294932723977,1,"B"
"63",63,"BW2",31,73,0.86011770284694,0,1,-0.0877188828198594,1,"B"
"64",64,"BW3",23,94,1.75899327920418,0,1,1.37629225071122,1,"B"
"65",65,"BW3",27,95,3.26214163043814,1,4,-1.68055988569726e-07,1,"B"
"66",66,"BW3",28,95,7.01886176642561,1,5,-0.118364975641727,1,"B"
"67",67,"BW3",29,95,19.5215605724401,1,6,-0.00885518107922589,1,"B"
"68",68,"BW3",30,95,9.06386920351082,1,7,-0.124324420156288,1,"B"
"69",69,"BW3",30,101,3.54180644622945,1,1,11.0199737591834,0,"B"
"70",70,"BW3",31,95,20.3060106653855,1,8,6.61197180340523e-08,1,"B"
"71",71,"BW3",31,101,4.21521414164344,1,2,10.5613669067599,0,"B"
"72",72,"BW3",32,102,1.26511006045868,0,1,21.9177969390576,0,"B"
"73",73,"BW3",32,103,2.97019313363647,0,1,22.4144130169895,0,"B"
"74",74,"BW3",32,95,31.6566070502152,1,9,-0.0436913703256353,0,"B"
"75",75,"C2RP",22,61,1.28501101902404,0,1,-0.128736291163098,1,"C"
"76",76,"C2RP",22,60,3.66402284745041,1,1,22.934344049007,0,"C"
"77",77,"C2RP",24,60,1.87726095644774,1,3,24.8260284834031,0,"C"
"78",78,"C2RP",25,60,3.38039244574316,1,4,21.8820845150222,0,"C"
"79",79,"C2RP",26,60,4.61279818005262,0,5,23.2116196084302,0,"C"
"80",80,"D4P",22,98,1.23618690875835,0,1,11.5730293466622,0,"D"
"81",81,"E3P",16,36,0.79780382434278,1,1,-0.00998003778377166,1,"E"
"82",82,"E3P",17,36,2.54260909127269,0,2,1.53473325714693e-07,1,"E"
"83",83,"E3P",24,37,2.11724735512051,0,1,26.6836928491604,0,"E"
"84",84,"E3P",28,38,2.38362304791279,0,1,12.3449291280453,0,"E"
"85",85,"E3P",28,39,0.25048851966858,0,1,11.60888671875,0,"E"
"86",86,"FH22",26,21,3.98464188511852,1,1,-8.03110253855266e-08,1,"F"
"87",87,"FH22",26,22,3.62196064692213,1,1,-8.03110253855266e-08,1,"F"
"88",88,"FH22",27,21,24.4900464589665,1,2,-9.42887510291257e-08,0,"F"
"89",89,"FH22",27,23,18.0734133912424,1,1,13.7926499902171,0,"F"
"90",90,"FH22",27,22,14.6755381202377,1,2,0.0402599534490662,1,"F"
"91",91,"FH22",27,26,0.25048851966858,0,1,19.8486328125,0,"F"
"92",92,"FH22",27,25,0.25048851966858,0,1,6.512451171875,0,"F"
"93",93,"FH22",27,24,26.6348989524405,0,1,4.73343804532868,0,"F"
"94",94,"FH22",28,22,15.9655176075283,1,3,0.452924554495482,0,"F"
"95",95,"FH22",28,21,10.5513415984935,0,3,-0.0492873617379672,1,"F"
"96",96,"FH22",29,22,7.3018923561603,1,4,-0.139139044777295,1,"F"
"97",97,"FH22",30,23,12.4513600932446,0,4,7.72282395566713,0,"F"
"98",98,"FH22",30,22,5.72059892855231,0,5,-1.39046179015168e-07,1,"F"
"99",99,"FH22",32,27,0.25048851966858,0,1,20.7275390625,0,"F"
"100",100,"FH24",26,20,9.90386941107188,0,1,9.1247261191057,0,"F"
"101",101,"FH24",31,21,0.2596527338028,1,1,20.928955078125,0,"F"
"102",102,"FH24",31,22,0.25048851966858,1,1,1.171875,1,"F"
"103",103,"FH24",31,23,0.24743378162384,1,1,3.887939453125,1,"F"
"104",104,"FH24",32,21,7.10561748622183,1,2,19.8673026911275,0,"F"
"105",105,"FH24",32,22,0.48570334911346,1,2,0.9521484375,1,"F"
"106",106,"FH24",32,23,0.25048851966858,1,2,5.6884765625,0,"F"
"107",107,"FH24",32,27,0.25048851966858,0,1,13.61083984375,0,"F"
"108",108,"FH24",32,24,3.70748784399996,0,1,17.088267795812,0,"F"
"109",109,"FH24",32,25,5.49447787896605,1,1,25.7700433353092,0,"F"
"110",110,"FH24",32,26,0.25048851966858,0,1,8.1298828125,0,"F"
"111",111,"FH24",32,28,0.25048851966858,0,1,19.7509765625,0,"F"
"112",112,"FH24",33,29,2.49715938143998,0,1,3.87212040209306e-08,1,"F"
"113",113,"FH24",33,21,19.1072238291706,1,3,18.416201100132,0,"F"
"114",114,"FH24",33,30,6.73943929552404,1,1,24.1254055327721,0,"F"
"115",115,"FH24",33,25,6.91878727918697,1,2,26.7440192966249,0,"F"
"116",116,"FH24",33,23,5.81353219821613,0,3,1.40549157740084,0,"F"
"117",117,"FH24",33,22,2.42923040258027,0,3,0.163439717305547,1,"F"
"118",118,"FH24",34,30,0.24743378162384,0,2,23.6328125,0,"F"
"119",119,"FH24",34,25,0.25048851966858,0,3,25.01220703125,0,"F"
"120",120,"FH24",34,21,8.84895448822477,1,4,19.0745210518641,0,"F"
"121",121,"FH26",26,49,2.89830876788123,1,1,-3.80233039498634e-08,1,"F"
"122",122,"FH26",27,49,3.78168744376511,0,2,2.07946851404905e-07,1,"F"
"123",123,"FH26",27,50,28.93762331425,0,1,18.8582692822204,0,"F"
"124",124,"FH26",32,53,5.996844833316,1,1,15.1300632562816,0,"F"
"125",125,"FH26",32,51,6.43657454971289,1,1,7.21605622449096,0,"F"
"126",126,"FH26",32,54,0.25048851966858,0,1,12.2314453125,0,"F"
"127",127,"FH26",32,52,4.7006434725178,1,1,11.8551431531095,0,"F"
"128",128,"FH26",33,55,4.46735762666869,0,1,29.4518133804467,0,"F"
"129",129,"FH26",33,52,9.58543413680814,1,2,8.09665597467981,0,"F"
"130",130,"FH26",33,53,13.0682526228803,0,2,13.4162058819186,0,"F"
"131",131,"FH26",33,51,11.5852878938211,1,2,6.00713630423193,0,"F"
"132",132,"FH26",33,56,3.23975707032521,0,1,10.3891039338128,0,"F"
"133",133,"FH26",34,52,1.54751633498537,0,3,12.3647001748469,0,"F"
"134",134,"FH26",34,51,2.37676355369473,0,3,8.55136144178839,0,"F"
"135",135,"FH28",29,24,3.78397826541051,1,1,-0.0724106459166052,1,"F"
"136",136,"FH28",30,24,0.72350456916092,1,2,-0.109585636672648,1,"F"
"137",137,"FH28",30,25,2.21437238200401,0,1,1.60379684643885e-07,1,"F"
"138",138,"FH28",31,24,3.71004021564037,0,3,1.96370336880136e-07,1,"F"
"139",139,"FH28",32,26,9.78375261946443,1,1,-0.0944084390176272,1,"F"
"140",140,"FH28",32,27,4.46204628733609,0,1,16.7750461267505,0,"F"
"141",141,"FH28",32,29,1.83858964014819,0,1,-1.62972635386893e-07,1,"F"
"142",142,"FH28",32,28,5.5137891359109,1,1,13.4081231657738,0,"F"
"143",143,"FH28",33,28,10.4543761036647,1,2,14.800037031962,0,"F"
"144",144,"FH28",33,30,3.40702605597252,0,1,17.6876866979566,0,"F"
"145",145,"FH28",33,26,7.45130525096977,1,2,0.387693112596992,1,"F"
"146",146,"FH28",34,28,2.90517683309452,0,3,18.0877496657893,0,"F"
"147",147,"FH28",34,26,2.22322868231769,0,3,-2.08849598948291e-07,1,"F"
"148",148,"M1",32,102,9.5210034745066,0,1,4.06839979855332,0,"M"
"149",149,"M1",33,103,0.85216299559546,1,1,2.25435033496834,1,"M"
"150",150,"M1",33,105,7.56430577226531,0,1,1.68368436955636,1,"M"
"151",151,"M1",33,104,3.0206454921893,1,1,1.18983297428564,1,"M"
"152",152,"M1",34,106,1.54167953356246,0,1,2.54054697279571e-08,1,"M"
"153",153,"M1",34,107,1.56570757399341,1,1,12.5739274411032,0,"M"
"154",154,"M1",34,104,2.6586316943017,1,2,0.606030024929083,1,"M"
"155",155,"M1",34,103,0.84118401115949,0,2,2.3234995824364,1,"M"
"156",156,"M1",34,108,2.78143347020295,0,1,32.3506321619779,0,"M"
"157",157,"M1P",22,52,1.51467252591258,1,1,1.22152137281779,1,"M"
"158",158,"M1P",22,53,2.06689760653387,0,1,1.92740778892642e-07,1,"M"
"159",159,"M1P",22,54,1.64224781846396,1,1,0.00128625222427559,1,"M"
"160",160,"M1P",23,52,3.95439369358966,1,2,1.8572009152218,1,"M"
"161",161,"M3",33,154,3.11810609232794,0,1,10.511683849704,0,"M"
"162",162,"M4",26,96,4.65856612589025,1,1,18.919827226753,0,"M"
"163",163,"M4",27,96,13.2721772151373,1,2,19.8853709217843,0,"M"
"164",164,"M4",28,96,11.5058244870633,1,3,18.700904499099,0,"M"
"165",165,"M4",29,96,17.800681063706,1,4,18.9216205458836,0,"M"
"166",166,"M4",30,96,17.3653206393611,1,5,20.0010812975091,0,"M"
"167",167,"M4",31,96,21.2727166353779,1,6,19.1820672314284,0,"M"
"168",168,"M4",32,96,21.6663543309529,1,7,17.9227941344807,0,"M"
"169",169,"M4",34,96,1.1273483630978,1,9,23.4837169268073,0,"M"
"170",170,"M4",34,97,0.250488519668579,0,1,14.569091796875,0,"M"
"171",171,"M4P",21,61,6.43831043247729,1,1,0.0289622197597055,1,"M"
"172",172,"M4P",21,60,2.76530591807477,1,1,2.48276467798848,1,"M"
"173",173,"M4P",22,60,1.63151781707798,0,2,2.16226313143835,1,"M"
"174",174,"M4P",22,61,1.48957281827986,1,2,-2.21349978346552e-08,1,"M"
"175",175,"M4P",23,61,0.935951305553321,1,3,1.19902665574045e-07,1,"M"
"176",176,"M4P",24,61,10.1501820577781,1,4,0.630510497096878,1,"M"
"177",177,"M4P",27,61,46.8377217022671,1,7,-0.0471172594920688,0,"M"
"178",178,"M4P",28,62,8.040483310951,1,1,1.72185394477277,0,"M"
"179",179,"M4P",28,61,36.4562911928444,1,8,1.17001491162227e-07,0,"M"
"180",180,"M4P",29,61,17.9950899162167,1,9,0.823917026830003,0,"M"
"181",181,"M4P",29,62,8.40692185608716,1,2,1.48819176730083,1,"M"
"182",182,"M5",27,100,4.09026103293074,1,1,5.7631727168328e-08,1,"M"
"183",183,"M5",27,101,11.353934154853,1,1,30.7231629555549,0,"M"
"184",184,"M5",28,101,8.110928038598,1,2,31.3085552823267,0,"M"
"185",185,"M5",28,102,2.75196060759817,0,1,-0.0274133999063082,1,"M"
"186",186,"M5",28,100,7.50307491847502,1,2,-0.123327188145089,1,"M"
"187",187,"M5",29,100,9.38332502835868,1,3,-0.0581958889263268,1,"M"
"188",188,"M5",29,101,21.9566752502292,1,3,30.956651359632,0,"M"
"189",189,"M5",30,100,10.2302055017646,1,4,-0.0752855668718855,1,"M"
"190",190,"M5",30,101,29.9385030130597,1,4,26.8521268210285,0,"M"
"191",191,"M5",31,101,52.1965266718649,1,5,25.8394327462642,0,"M"
"192",192,"M5",31,100,2.72148301619797,1,5,1.85741561020691e-08,1,"M"
"193",193,"M5",31,103,2.90570595692609,1,1,8.21545980990888,0,"M"
"194",194,"M5",32,103,3.2519575203787,1,2,7.44673479715033,0,"M"
"195",195,"M5",32,100,7.68770739941653,1,6,-1.74474765191057e-07,1,"M"
"196",196,"M5",32,101,37.4563711153467,1,6,26.4855856970726,0,"M"
"197",197,"M5",33,103,2.81236563393923,1,3,7.31819194374636,0,"M"
"198",198,"M5",33,104,11.2359408396812,0,1,20.7888608453235,0,"M"
"199",199,"M5",33,101,18.1823505000304,1,7,32.3005596013184,0,"M"
"200",200,"M5",33,100,2.51229133567675,0,7,-0.0471676557465411,1,"M"
"201",201,"M5",34,101,1.85655348938426,1,8,33.6339865321741,0,"M"
"202",202,"M5",34,103,3.56761698115379,0,4,7.88054239985534,0,"M"
"203",203,"M6",26,99,3.12022747144239,1,1,21.9852183411305,0,"M"
"204",204,"M6",27,100,8.65292967932593,0,1,27.9116831647713,0,"M"
"205",205,"M6",27,99,8.76691829271293,1,2,20.0757246066456,0,"M"
"206",206,"M6",28,99,7.02862031620224,1,3,20.8718604839761,0,"M"
"207",207,"M6",29,99,8.85552504102338,1,4,20.5638391376923,0,"M"
"208",208,"M6",30,99,18.2401221230817,1,5,19.418100149512,0,"M"
"209",209,"M6",31,99,14.8751496418369,1,6,17.6573251115679,0,"M"
"210",210,"M6",32,99,4.06511520584058,1,7,19.69656380183,0,"M"
"211",211,"M6",33,99,4.07196082660181,0,8,19.1941280673105,0,"M"
"212",212,"M6P",21,51,8.75730140420759,0,1,0.171623496927566,1,"M"
"213",213,"M6P",24,52,0.71092026583631,0,1,-0.0955577249109801,1,"M"
"214",214,"M6P",28,55,2.60994665448866,1,1,-0.00608168849033364,1,"M"
"215",215,"M6P",31,55,1.40503472144762,1,4,-6.39807200092736e-08,1,"M"
"216",216,"M8",26,120,2.72006098053203,1,1,29.5445566219063,0,"M"
"217",217,"M8",27,120,7.74861784411485,1,2,28.6509071680526,0,"M"
"218",218,"M8",28,120,4.88865346124517,0,3,28.0844191144232,0,"M"
"219",219,"M8P",21,33,4.02566926111732,1,1,18.139361659841,0,"M"
"220",220,"M8P",22,34,5.71784967201724,0,1,16.3884999801813,0,"M"
"221",221,"M8P",22,33,5.54967915581213,0,2,15.8254722475521,0,"M"
"222",222,"NC24",26,50,6.64913377095964,1,1,-0.00345602203972817,1,"N"
"223",223,"NC24",26,51,0.25048851966858,1,1,22.0703125,0,"N"
"224",224,"NC24",26,52,0.25015324354172,1,1,16.552734375,0,"N"
"225",225,"NC24",27,50,9.87141445538757,1,2,1.95346061104829e-07,1,"N"
"226",226,"NC24",27,57,0.25048851966858,0,1,7.06787109375,0,"N"
"227",227,"NC24",27,58,0.24743378162384,0,1,8.172607421875,0,"N"
"228",228,"NC24",27,56,7.37615394721724,1,1,1.83769842517757,0,"N"
"229",229,"NC24",27,55,4.49360804670152,1,1,9.78648083203663,0,"N"
"230",230,"NC24",27,51,7.14926442887542,1,2,17.8648416752482,0,"N"
"231",231,"NC24",27,54,10.4155443638482,1,1,28.0210583801167,0,"N"
"232",232,"NC24",27,52,8.18015885441771,1,2,14.9951763759539,0,"N"
"233",233,"NC24",27,53,9.71356084027705,1,1,18.7797620460082,0,"N"
"234",234,"NC24",28,67,0.2596527338028,1,1,16.571044921875,0,"N"
"235",235,"NC24",28,51,11.0108735403357,1,3,18.1158770230363,0,"N"
"236",236,"NC24",28,50,20.683437894171,1,3,-0.0836465937354802,1,"N"
"237",237,"NC24",28,66,0.25048851966858,0,1,1.031494140625,1,"N"
"238",238,"NC24",28,53,8.83376792507787,1,2,17.3634883593071,0,"N"
"239",239,"NC24",28,65,0.24743378162384,0,1,38.153076171875,0,"N"
"240",240,"NC24",28,60,6.30856896328013,1,1,-1.02315311778511e-09,1,"N"
"241",241,"NC24",28,54,0.25048851966858,1,2,24.79248046875,0,"N"
"242",242,"NC24",28,63,0.25048851966858,1,1,25.01220703125,0,"N"
"243",243,"NC24",28,52,3.40651249294858,1,3,14.5494491010636,0,"N"
"244",244,"NC24",28,64,0.25048851966858,1,1,39.58740234375,0,"N"
"245",245,"NC24",28,59,7.25157828300171,1,1,26.8180204522322,0,"N"
"246",246,"NC24",28,62,0.25048851966858,0,1,35.089111328125,0,"N"
"247",247,"NC24",28,56,5.67596913566486,0,2,-0.0280941089886522,1,"N"
"248",248,"NC24",28,61,3.22694559731038,0,1,6.88372547264747,0,"N"
"249",249,"NC24",29,50,27.6625542006541,1,4,1.53469642327764e-07,1,"N"
"250",250,"NC24",29,52,8.41627020969105,1,4,14.2740962158574,0,"N"
"251",251,"NC24",29,51,21.2536646334822,1,4,17.5919669401261,0,"N"
"252",252,"NC24",29,69,0.25048851966858,0,1,5.169677734375,0,"N"
"253",253,"NC24",29,60,11.082718553374,1,2,1.53469642327764e-07,1,"N"
"254",254,"NC24",29,64,10.1263346496855,1,2,36.7940135991204,0,"N"
"255",255,"NC24",29,55,14.551867102364,1,3,9.8768588045214,0,"N"
"256",256,"NC24",29,68,3.61856423280951,1,1,10.8340262953867,0,"N"
"257",257,"NC24",29,59,8.41274418315179,1,2,27.134390940203,0,"N"
"258",258,"NC24",29,53,19.2649102944543,1,3,17.1387803925346,0,"N"
"259",259,"NC24",30,87,0.24743378162384,0,1,29.632568359375,0,"N"
"260",260,"NC24",30,75,6.7854000742838,0,1,6.42992891490702,0,"N"
"261",261,"NC24",30,70,7.80709811436352,0,1,37.0557188479589,0,"N"
"262",262,"NC24",30,54,29.5307931914706,1,4,20.34912109375,0,"N"
"263",263,"NC24",30,51,18.0732469426445,1,5,17.6947144978036,0,"N"
"264",264,"NC24",30,72,7.06144982602083,0,1,40.8470360624711,0,"N"
"265",265,"NC24",30,53,16.3439830779445,1,4,17.1486870779471,0,"N"
"266",266,"NC24",30,81,0.25048851966858,0,1,33.087158203125,0,"N"
"267",267,"NC24",30,84,0.25048851966858,0,1,32.171630859375,0,"N"
"268",268,"NC24",30,67,0.2596527338028,1,3,19.952392578125,0,"N"
"269",269,"NC24",30,74,3.99318710963565,0,1,34.3118110547803,0,"N"
"270",270,"NC24",30,86,0.24441629648209,0,1,30.9326171875,0,"N"
"271",271,"NC24",30,68,5.03709355543552,1,2,11.651274119114,0,"N"
"272",272,"NC24",30,77,2.25598399791978,0,1,24.2852242919257,0,"N"
"273",273,"NC24",30,88,0.25048851966858,0,1,14.971923828125,0,"N"
"274",274,"NC24",30,80,0.25048851966858,0,1,29.608154296875,0,"N"
"275",275,"NC24",30,50,11.7364008279584,1,5,1.9745394297388e-07,1,"N"
"276",276,"NC24",30,78,0.25048851966858,0,1,20.56884765625,0,"N"
"277",277,"NC24",30,71,5.37818808585828,0,1,35.3095160827363,0,"N"
"278",278,"NC24",30,52,9.6220386973707,1,5,14.5402816724139,0,"N"
"279",279,"NC24",30,76,5.84303065811166,0,1,18.8786696371377,0,"N"
"280",280,"NC24",30,73,3.0381231211843,1,1,24.6795277833257,0,"N"
"281",281,"NC24",30,64,21.788799864627,1,3,36.1316081427345,0,"N"
"282",282,"NC24",30,82,0.25048851966858,0,1,9.368896484375,0,"N"
"283",283,"NC24",30,60,10.8882649125157,1,3,1.9745394297388e-07,1,"N"
"284",284,"NC24",30,55,5.5828475960544,1,4,11.1615765957494,0,"N"
"285",285,"NC24",30,59,15.5221828569683,1,3,26.2740083997972,0,"N"
"286",286,"NC24",30,83,0.25048851966858,0,1,37.95166015625,0,"N"
"287",287,"NC24",30,63,11.5240583973511,1,3,27.029131640178,0,"N"
"288",288,"NC24",30,79,0.24132430553436,0,1,25.32958984375,0,"N"
"289",289,"NC24",30,85,0.25048851966858,0,1,17.7490234375,0,"N"
"290",290,"NC24",31,50,24.5120224305738,1,6,-0.122641175995767,1,"N"
"291",291,"NC24",31,67,0.25048851966858,0,4,17.37060546875,0,"N"
"292",292,"NC24",31,52,11.8863962091326,1,6,13.8310100287447,0,"N"
"293",293,"NC24",31,51,28.226127753384,1,6,17.3363344397598,0,"N"
"294",294,"NC24",31,53,9.3416336556084,1,5,17.66404133121,0,"N"
"295",295,"NC24",31,54,8.90771245889458,1,5,27.1728515625,0,"N"
"296",296,"NC24",31,64,19.3891137860878,1,4,35.5801478807348,0,"N"
"297",297,"NC24",31,68,7.79062830259148,1,3,11.7286956442631,0,"N"
"298",298,"NC24",31,89,0.25659799575806,1,1,0,1,"N"
"299",299,"NC24",31,60,18.2443353183949,1,4,9.40059692311479e-08,1,"N"
"300",300,"NC24",31,73,5.06166451525601,1,2,23.9018638457572,0,"N"
"301",301,"NC24",31,59,30.3665401081986,1,4,25.1661797901358,0,"N"
"302",302,"NC24",31,55,4.00753547877568,1,5,8.71799846186842,0,"N"
"303",303,"NC24",32,55,3.87737922664129,1,6,9.57991912623946,0,"N"
"304",304,"NC24",32,73,4.2466512035592,1,3,24.6376233126884,0,"N"
"305",305,"NC24",32,63,3.71811055357712,1,5,33.0031637468532,0,"N"
"306",306,"NC24",32,64,24.4157851057749,1,5,34.1321544463011,0,"N"
"307",307,"NC24",32,54,17.9118305659881,1,6,29.0742685912394,0,"N"
"308",308,"NC24",32,51,44.069058430983,1,7,16.3550863166035,0,"N"
"309",309,"NC24",32,53,11.4362202829849,1,6,14.9655144062808,0,"N"
"310",310,"NC24",32,68,7.95489818285265,1,4,12.6684737716544,0,"N"
"311",311,"NC24",32,59,16.7033121415466,1,5,23.7789833124266,0,"N"
"312",312,"NC24",32,89,0.25048851966858,0,2,1.11083984375,1,"N"
"313",313,"NC24",32,90,0.25048851966858,0,1,12.689208984375,0,"N"
"314",314,"NC24",32,60,16.9584209647166,1,5,1.51890499515154,0,"N"
"315",315,"NC24",32,52,0.25048851966858,0,7,15.472412109375,0,"N"
"316",316,"NC24",32,50,14.8758879993129,1,7,0.934879582635986,1,"N"
"317",317,"NC25",27,33,6.99465171969702,0,1,14.973480460867,0,"N"
"318",318,"NC25",28,36,0.25048851966858,1,1,0.67138671875,1,"N"
"319",319,"NC25",28,34,2.39825258151713,1,1,-0.138730342670087,1,"N"
"320",320,"NC25",28,35,0.25048851966858,0,1,5.029296875,0,"N"
"321",321,"NC25",29,34,7.8188317931807,1,2,-0.0381113774106296,1,"N"
"322",322,"NC25",30,45,0.25048851966858,0,1,15.472412109375,0,"N"
"323",323,"NC25",30,44,0.25048851966858,0,1,7.53173828125,0,"N"
"324",324,"NC25",30,47,0.24743378162384,0,1,17.24853515625,0,"N"
"325",325,"NC25",30,37,5.42701986282459,0,1,2.45523430722932,0,"N"
"326",326,"NC25",30,42,0.25048851966858,0,1,28.289794921875,0,"N"
"327",327,"NC25",30,39,5.76233053418119,0,1,14.521672980562,0,"N"
"328",328,"NC25",30,36,2.33906661605996,1,3,2.532958984375,0,"N"
"329",329,"NC25",30,49,0.24743378162384,0,1,20.0927734375,0,"N"
"330",330,"NC25",30,51,0.25048851966858,0,1,21.270751953125,0,"N"
"331",331,"NC25",30,40,9.88060215839447,0,1,22.5659652811417,0,"N"
"332",332,"NC25",30,46,0.25048851966858,0,1,41.387939453125,0,"N"
"333",333,"NC25",30,50,0.25048851966858,0,1,21.868896484375,0,"N"
"334",334,"NC25",30,43,0.2596527338028,0,1,31.048583984375,0,"N"
"335",335,"NC25",30,34,6.10137131473738,1,3,7.61091598633357e-08,1,"N"
"336",336,"NC25",30,38,4.35018448951139,0,1,12.1844794813153,0,"N"
"337",337,"NC25",30,48,0.24743378162384,0,1,15.570068359375,0,"N"
"338",338,"NC25",30,41,0.25048851966858,0,1,1.4892578125,1,"N"
"339",339,"NC25",31,34,4.32413781349105,1,4,-0.0527836014287004,1,"N"
"340",340,"NC25",31,36,7.71799452372913,1,4,5.46533408110824,0,"N"
"341",341,"NC25",32,36,12.8027109634493,1,5,5.06118127245617,0,"N"
"342",342,"NC25",32,52,0.2504885196686,0,1,20.111083984375,0,"N"
"343",343,"NC25",32,34,4.6822973722741,1,5,-1.95968112848277e-07,1,"N"
"344",344,"NC25",33,36,16.4141074212305,1,6,4.67816990746728,0,"N"
"345",345,"NC25",33,34,23.2436297773339,1,6,1.45418226793481e-07,0,"N"
"346",346,"NC25",34,36,12.5665261917997,1,7,8.26743039025713,0,"N"
"347",347,"NC25",34,53,7.7831093078156,0,1,18.1684944578655,0,"N"
"348",348,"NC25",34,34,24.6560415838729,0,7,-2.25522711616577e-08,1,"N"
"349",349,"NC26",29,23,0.25048851966858,1,1,15.167236328125,0,"N"
"350",350,"NC26",29,24,0.25048851966858,1,1,2.3681640625,1,"N"
"351",351,"NC26",30,27,3.65230302670851,0,1,24.2838756756767,0,"N"
"352",352,"NC26",30,29,8.7998456973666,1,1,42.7719532489832,0,"N"
"353",353,"NC26",30,24,6.90934873632934,1,2,0.90706799430582,1,"N"
"354",354,"NC26",30,31,2.86331962203712,0,1,40.0420083054643,0,"N"
"355",355,"NC26",30,39,0.25048851966858,0,1,30.37109375,0,"N"
"356",356,"NC26",30,41,0.2596527338028,0,1,39.691162109375,0,"N"
"357",357,"NC26",30,43,0.2596527338028,1,1,36.932373046875,0,"N"
"358",358,"NC26",30,28,4.41677417424756,0,1,38.2883168412527,0,"N"
"359",359,"NC26",30,37,0.24743378162384,0,1,27.05078125,0,"N"
"360",360,"NC26",30,32,5.31299705070269,1,1,29.0820119548342,0,"N"
"361",361,"NC26",30,25,8.49344301272,1,1,11.2757980573905,0,"N"
"362",362,"NC26",30,36,0.25048851966858,0,1,40.167236328125,0,"N"
"363",363,"NC26",30,48,0.25048851966858,0,1,32.550048828125,0,"N"
"364",364,"NC26",30,26,2.07127272396672,0,1,14.0988284046626,0,"N"
"365",365,"NC26",30,42,0.25048851966858,0,1,38.6474609375,0,"N"
"366",366,"NC26",30,49,0.25048851966858,0,1,32.550048828125,0,"N"
"367",367,"NC26",30,34,2.01918347257802,0,1,32.8460516763197,0,"N"
"368",368,"NC26",30,23,4.08739176727254,1,2,13.4345858914939,0,"N"
"369",369,"NC26",30,38,0.24743378162384,0,1,10.16845703125,0,"N"
"370",370,"NC26",30,40,0.25048851966858,0,1,32.867431640625,0,"N"
"371",371,"NC26",30,50,0.25048851966858,0,1,4.52880859375,0,"N"
"372",372,"NC26",30,47,0.2596527338028,0,1,34.649658203125,0,"N"
"373",373,"NC26",30,30,2.09808209011218,0,1,40.2256910975349,0,"N"
"374",374,"NC26",30,33,4.38306962674431,0,1,26.5911026416833,0,"N"
"375",375,"NC26",30,35,4.83194966589859,1,1,38.0757279993206,0,"N"
"376",376,"NC26",30,45,0.25048851966858,0,1,35.211181640625,0,"N"
"377",377,"NC26",30,46,0.25048851966858,0,1,4.96826171875,0,"N"
"378",378,"NC26",30,44,0.25048851966858,0,1,35.931396484375,0,"N"
"379",379,"NC26",31,25,7.65972798834734,1,2,12.2279882206749,0,"N"
"380",380,"NC26",31,35,12.5841578985114,1,2,36.6824663596448,0,"N"
"381",381,"NC26",31,43,0.25048851966858,0,2,34.06982421875,0,"N"
"382",382,"NC26",31,32,11.2179825434671,1,2,28.5548137759605,0,"N"
"383",383,"NC26",31,29,9.80001075820994,1,2,39.9763034580208,0,"N"
"384",384,"NC26",31,24,10.0810287674481,1,3,1.78714770981969e-07,1,"N"
"385",385,"NC26",31,23,13.5452849643241,1,3,11.2486359862279,0,"N"
"386",386,"NC26",32,52,0.25048851966858,0,1,2.630615234375,1,"N"
"387",387,"NC26",32,32,14.6337400393989,1,3,29.9508701052256,0,"N"
"388",388,"NC26",32,24,7.89105792163707,1,4,0.814580078340128,1,"N"
"389",389,"NC26",32,25,10.9014413415018,1,3,7.830810546875,0,"N"
"390",390,"NC26",32,53,0.25048851966858,0,1,2.569580078125,1,"N"
"391",391,"NC26",32,35,5.93765066196237,1,3,38.5684374128078,0,"N"
"392",392,"NC26",32,23,8.04936536075684,1,4,11.1328125,0,"N"
"393",393,"NC26",32,29,9.94088741317403,1,3,41.3767139138956,0,"N"
"394",394,"NC26",32,51,0.25048851966858,1,1,5.389404296875,0,"N"
"395",395,"NC26",33,29,11.9630924210711,1,4,40.7021231372627,0,"N"
"396",396,"NC26",33,35,12.4095451054916,1,4,38.3783494844926,0,"N"
"397",397,"NC26",33,25,10.7559189538266,1,4,12.4119846385172,0,"N"
"398",398,"NC26",33,32,10.4938724306538,1,4,28.009033203125,0,"N"
"399",399,"NC26",33,51,0.25048851966858,0,2,8.251953125,0,"N"
"400",400,"NC26",33,23,17.9372985854369,1,5,13.1165281326449,0,"N"
"401",401,"NC26",34,54,0.24743378162384,1,1,9.710693359375,0,"N"
"402",402,"NC26",34,29,20.8562133900476,1,5,40.8868875699044,0,"N"
"403",403,"NC26",34,32,14.6573239744536,1,5,29.672946230673,0,"N"
"404",404,"NC26",34,35,17.3589180933237,1,5,36.7696522071423,0,"N"
"405",405,"NC26",34,23,8.2482769414691,1,6,15.1515284471128,0,"N"
"406",406,"NC26",34,25,18.3865124619242,1,5,13.1594611782627,0,"N"
"407",407,"NC26",34,24,7.92362254345984,0,6,0.599527851933004,1,"N"
"408",408,"NC27",28,48,0.24743378162384,0,1,12.07275390625,0,"N"
"409",409,"NC27",30,53,0.25048851966858,0,1,34.490966796875,0,"N"
"410",410,"NC27",30,52,1.59453241087971,1,1,-4.28008656294665e-08,1,"N"
"411",411,"NC27",30,50,2.89468350638696,0,1,26.6010672404005,0,"N"
"412",412,"NC27",30,51,6.84224914521028,1,1,22.3886632552451,0,"N"
"413",413,"NC27",30,49,6.44413606113938,1,1,27.746865582689,0,"N"
"414",414,"NC27",30,54,0.25048851966858,0,1,3.509521484375,1,"N"
"415",415,"NC27",31,52,3.58965106757252,1,2,-2.16752527038011e-07,1,"N"
"416",416,"NC27",31,51,4.29329730013647,1,2,26.7687921591669,0,"N"
"417",417,"NC27",31,49,2.07085030906767,0,2,29.3011611226737,0,"N"
"418",418,"NC27",32,51,7.88868880109038,1,3,27.5744456597203,0,"N"
"419",419,"NC27",32,55,4.18376605082225,1,1,16.4642813376457,0,"N"
"420",420,"NC27",32,56,0.25048851966858,0,1,19.390869140625,0,"N"
"421",421,"NC27",32,52,5.66959564757017,1,3,-1.9121920991072e-07,1,"N"
"422",422,"NC27",33,51,3.77198406892628,1,4,26.7402639943405,0,"N"
"423",423,"NC27",34,52,4.93319114759021,1,5,1.08356405915835,1,"N"
"424",424,"NC27",34,55,12.5918863955813,1,3,17.019563581218,0,"N"
"425",425,"NC27",34,51,10.4604798597381,1,5,27.635824986048,0,"N"
"426",426,"NC28",30,32,28.9762889032743,1,1,-0.120305822227648,0,"N"
"427",427,"NC28",30,34,24.2495062217993,1,1,9.50566698009435,0,"N"
"428",428,"NC28",30,33,27.5915979403696,1,1,8.93953747310607,0,"N"
"429",429,"NC28",31,32,31.7508449759051,1,2,-1.44283993086525e-07,0,"N"
"430",430,"NC28",31,34,33.3294604442279,1,2,9.1488183066132,0,"N"
"431",431,"NC28",31,33,53.1048525817612,1,2,6.71508367976529,0,"N"
"432",432,"NC28",32,33,33.0538079822253,1,3,8.74140787005609,0,"N"
"433",433,"NC28",32,34,48.4446271361014,1,3,6.70116858243014,0,"N"
"434",434,"NC28",32,32,38.1809184312901,1,3,-0.0976847876703379,0,"N"
"435",435,"NC28",33,32,25.8308523764324,1,4,-1.51375814660959e-07,0,"N"
"436",436,"NC28",33,34,44.8976901946537,1,4,11.9202734939057,0,"N"
"437",437,"NC28",33,33,32.0924858849205,1,4,6.0418314015651,0,"N"
"438",438,"NC28",34,34,33.7746066797892,1,5,8.70761036824135,0,"N"
"439",439,"NC28",34,32,27.3672151400006,1,5,6.22954188234104e-09,0,"N"
"440",440,"NC28",34,33,43.4614675502905,1,5,9.40959231640401,0,"N"
"441",441,"NC29",30,44,1.49810021016076,0,1,36.5992975525722,0,"N"
"442",442,"NC29",30,46,0.25048851966858,0,1,8.85009765625,0,"N"
"443",443,"NC29",30,52,0.25048851966858,0,1,33.4716796875,0,"N"
"444",444,"NC29",30,41,9.13811822054445,0,1,35.269665595666,0,"N"
"445",445,"NC29",30,50,0.2596527338028,0,1,33.648681640625,0,"N"
"446",446,"NC29",30,49,0.25048851966858,1,1,27.447509765625,0,"N"
"447",447,"NC29",30,43,2.29896155474137,0,1,26.8595374348126,0,"N"
"448",448,"NC29",30,42,3.61202045399808,0,1,18.8304034184402,0,"N"
"449",449,"NC29",30,48,0.25048851966858,0,1,12.7685546875,0,"N"
"450",450,"NC29",30,45,10.9842295279429,1,1,28.5463118366649,0,"N"
"451",451,"NC29",30,51,0.25048851966858,1,1,42.59033203125,0,"N"
"452",452,"NC29",30,47,0.25048851966858,1,1,10.089111328125,0,"N"
"453",453,"NC29",33,47,0.81664983045033,1,4,9.52520730842975,0,"N"
"454",454,"NC29",33,45,2.70730504059966,1,4,29.2456702503243,0,"N"
"455",455,"NC29",33,51,4.87688757544948,1,4,36.0596584331049,0,"N"
"456",456,"NC29",33,49,0.58373137484611,1,4,27.1674741671559,0,"N"
"457",457,"NC29",34,45,20.1396126825037,1,5,28.1453537699455,0,"N"
"458",458,"NC29",34,56,0.25048851966858,0,1,7.891845703125,0,"N"
"459",459,"NC29",34,51,12.8534228315291,1,5,32.972221181125,0,"N"
"460",460,"NC29",34,55,57.3745772645765,1,1,-2.06636441291153e-07,0,"N"
"461",461,"NC29",34,49,2.67558120370204,1,5,25.7555890807097,0,"N"
"462",462,"NE25",28,131,3.15754131219234,1,1,28.7856435766439,0,"N"
"463",463,"NE25",28,132,0.25048851966858,1,1,21.728515625,0,"N"
"464",464,"NE25",28,130,3.321550828464,1,1,0.8925539775461,1,"N"
"465",465,"NE25",29,131,7.23951736824135,1,2,28.766741121797,0,"N"
"466",466,"NE25",29,133,0.25048851966858,0,1,18.328857421875,0,"N"
"467",467,"NE25",29,132,13.765781706266,1,2,20.0982236533516,0,"N"
"468",468,"NE25",29,130,9.94960317729983,1,2,3.16484261020378e-09,1,"N"
"469",469,"NE25",29,134,0.25048851966858,1,1,5.072021484375,0,"N"
"470",470,"NE25",30,134,0.25048851966858,0,2,5.18798828125,0,"N"
"471",471,"NE25",30,130,7.79105982364125,1,3,0.302350249598632,1,"N"
"472",472,"NE25",30,137,0.24743378162384,0,1,33.31298828125,0,"N"
"473",473,"NE25",30,135,4.82827458806669,1,1,1.92144469779443e-07,1,"N"
"474",474,"NE25",30,132,15.6925437509696,1,3,19.3676431931972,0,"N"
"475",475,"NE25",30,138,0.25659799575806,0,1,0,1,"N"
"476",476,"NE25",30,139,0.25048851966858,1,1,5.889892578125,0,"N"
"477",477,"NE25",30,131,3.84605495856871,1,3,30.0940725674515,0,"N"
"478",478,"NE25",30,136,0.25048851966858,1,1,22.491455078125,0,"N"
"479",479,"NE25",31,130,18.2878581825194,1,4,1.63397857022574e-07,1,"N"
"480",480,"NE25",31,132,27.3311969985238,1,4,19.1341089707505,0,"N"
"481",481,"NE25",31,135,9.65179825065002,1,2,-0.0640603372523724,1,"N"
"482",482,"NE25",31,139,6.38312851334776,1,2,5.62494282850309,0,"N"
"483",483,"NE25",31,140,6.02300154324632,0,1,2.00695593477462e-07,1,"N"
"484",484,"NE25",31,131,11.6242594924127,1,4,29.3924543305441,0,"N"
"485",485,"NE25",31,141,0.25048851966858,1,1,38.568115234375,0,"N"
"486",486,"NE25",32,142,0.24743378162384,0,1,24.57275390625,0,"N"
"487",487,"NE25",32,139,0.25048851966858,0,3,4.65087890625,0,"N"
"488",488,"NE25",32,141,5.32642120376521,0,2,38.4025530615703,0,"N"
"489",489,"NE25",32,145,0.25048851966858,0,1,35.992431640625,0,"N"
"490",490,"NE25",32,130,21.7258772381561,1,5,-0.122369241574447,1,"N"
"491",491,"NE25",32,144,0.25048851966858,1,1,39.58740234375,0,"N"
"492",492,"NE25",32,132,32.8944804594863,1,5,19.4025228001501,0,"N"
"493",493,"NE25",32,136,0.25048851966858,0,3,26.507568359375,0,"N"
"494",494,"NE25",32,143,0.25048851966858,0,1,26.287841796875,0,"N"
"495",495,"NE25",32,135,9.38791498987795,1,3,-0.0596306658793677,1,"N"
"496",496,"NE25",32,131,15.2396027613893,1,5,28.541161741358,0,"N"
"497",497,"NE25",33,132,33.7886801819847,1,6,19.5654136288232,0,"N"
"498",498,"NE25",33,130,28.03077669971,1,6,-0.0963866902164767,1,"N"
"499",499,"NE25",33,135,11.0508665862648,1,4,-5.01994085189139e-08,1,"N"
"500",500,"NE25",33,144,1.41026840370402,0,2,39.3545910718903,0,"N"
"501",501,"NE25",33,131,14.4201889541695,1,6,29.6023387579,0,"N"
"502",502,"NE25",34,146,1.81734300092318,0,1,39.6692784249441,0,"N"
"503",503,"NE25",34,132,26.6424421487005,1,7,19.7112361068863,0,"N"
"504",504,"NE25",34,147,0.25048851966858,0,1,9.808349609375,0,"N"
"505",505,"NE25",34,148,0.2596527338028,0,1,8.75244140625,0,"N"
"506",506,"NE25",34,130,14.3030745411569,1,7,2.46524791691627e-08,1,"N"
"507",507,"NE25",34,131,19.5364287237293,1,7,27.1762053775356,0,"N"
"508",508,"NE28",30,47,8.64522596692903,0,1,6.55562764510236,0,"N"
"509",509,"NE28",34,48,0.250488519668579,0,1,19.049072265625,0,"N"
"510",510,"NF25",30,173,0.2504885196686,0,1,0.787353515625,1,"N"
"511",511,"NF25",30,186,0.2504885196686,0,1,13.348388671875,0,"N"
"512",512,"NF25",30,171,3.7037544238091,1,1,3.42851221094919,0,"N"
"513",513,"NF25",30,184,0.2504885196686,1,1,13.232421875,0,"N"
"514",514,"NF25",30,177,0.2504885196686,1,1,21.4111328125,0,"N"
"515",515,"NF25",30,185,0.2504885196686,1,1,14.410400390625,0,"N"
"516",516,"NF25",30,172,0.2413243055344,0,1,0.152587890625,1,"N"
"517",517,"NF25",30,168,30.9584451237794,1,1,3.99756596639901,0,"N"
"518",518,"NF25",30,169,6.660286141958,1,1,35.758094647994,0,"N"
"519",519,"NF25",30,175,0.2504885196686,0,1,22.0703125,0,"N"
"520",520,"NF25",30,183,0.2504885196686,1,1,15.570068359375,0,"N"
"521",521,"NF25",30,182,0.2504885196686,1,1,15.83251953125,0,"N"
"522",522,"NF25",30,181,0.2474337816238,0,1,18.4326171875,0,"N"
"523",523,"NF25",30,179,0.2504885196686,0,1,36.73095703125,0,"N"
"524",524,"NF25",30,176,0.2504885196686,0,1,41.02783203125,0,"N"
"525",525,"NF25",30,170,6.1860605567059,1,1,19.8958587473751,0,"N"
"526",526,"NF25",30,178,0.2504885196686,0,1,38.70849609375,0,"N"
"527",527,"NF25",30,180,0.2504885196686,1,1,16.46728515625,0,"N"
"528",528,"NF25",30,167,18.0952110925369,1,1,0.761457571885842,0,"N"
"529",529,"NF25",30,174,0.2504885196686,0,1,10.711669921875,0,"N"
"530",530,"NF25",31,171,6.6181337651441,1,2,4.46149461774969,0,"N"
"531",531,"NF25",31,169,10.5251400489129,1,2,34.5409975231851,0,"N"
"532",532,"NF25",31,185,7.7295117584426,1,2,12.3151519444257,0,"N"
"533",533,"NF25",31,168,17.0473184232744,1,2,5.67869193988469,0,"N"
"534",534,"NF25",31,170,14.853210648257,1,2,19.8230413692051,0,"N"
"535",535,"NF25",31,183,3.7480334475957,1,2,15.0597758894259,0,"N"
"536",536,"NF25",31,177,3.4329515427082,1,2,20.7328787606524,0,"N"
"537",537,"NF25",31,167,5.3521218663142,1,2,-9.57486321340184e-08,0,"N"
"538",538,"NF25",31,184,1.585431686615,0,2,9.92187088179759,0,"N"
"539",539,"NF25",31,182,8.7406339234785,1,2,15.1132947414405,0,"N"
"540",540,"NF25",31,180,7.085025968133,1,2,15.9160935390061,0,"N"
"541",541,"NF25",32,170,22.0289565556518,1,3,16.626629373732,0,"N"
"542",542,"NF25",32,189,0.2504885196686,0,1,14.8681640625,0,"N"
"543",543,"NF25",32,177,4.9075433890647,1,3,18.2917331943392,0,"N"
"544",544,"NF25",32,169,8.4706969686493,1,3,33.5378462529349,0,"N"
"545",545,"NF25",32,168,15.7622371817854,1,3,5.37614842478732,0,"N"
"546",546,"NF25",32,187,8.2811673809896,1,1,3.81511242503643,0,"N"
"547",547,"NF25",32,171,9.6545317580325,1,3,0.29296875,0,"N"
"548",548,"NF25",32,183,3.1543421363135,0,3,9.39383151067711,0,"N"
"549",549,"NF25",32,180,12.9125006665068,1,3,13.1923516870295,0,"N"
"550",550,"NF25",32,190,0.2504885196686,0,1,13.568115234375,0,"N"
"551",551,"NF25",32,188,7.0397357257772,0,1,25.8342269058229,0,"N"
"552",552,"NF25",32,167,7.8058310333625,1,3,5.64327820029575e-08,0,"N"
"553",553,"NF25",32,185,10.4431759213131,1,3,12.7650486865162,0,"N"
"554",554,"NF25",32,182,3.1611108864443,1,3,13.5045582640828,0,"N"
"555",555,"NF25",33,169,16.6875078126913,1,4,34.3665847849974,0,"N"
"556",556,"NF25",33,177,6.87657478411719,1,4,18.5361086148108,0,"N"
"557",557,"NF25",33,170,28.3527561966258,1,4,18.7410345580654,0,"N"
"558",558,"NF25",33,187,3.28999480896929,1,2,5.444308558323,0,"N"
"559",559,"NF25",33,167,10.4154566888124,1,4,-0.0886736675723654,1,"N"
"560",560,"NF25",33,185,7.00255877915439,1,4,13.8974747973649,0,"N"
"561",561,"NF25",33,182,6.47631638209663,1,4,9.87801598758795,0,"N"
"562",562,"NF25",33,168,6.16529768891079,1,4,4.26598838894587,0,"N"
"563",563,"NF25",33,171,3.29655729240612,0,4,5.20827917315359,0,"N"
"564",564,"NF25",34,193,0.24743378162384,0,1,21.527099609375,0,"N"
"565",565,"NF25",34,192,0.23826956748962,0,1,27.532958984375,0,"N"
"566",566,"NF25",34,169,37.3384770932623,1,5,33.7866656677574,0,"N"
"567",567,"NF25",34,170,20.898647283837,1,5,18.1580743694417,0,"N"
"568",568,"NF25",34,182,19.3752838711687,1,5,8.6999944340568,0,"N"
"569",569,"NF25",34,180,2.30359758005531,0,5,15.4268639113439,0,"N"
"570",570,"NF25",34,191,0.25048851966858,0,1,14.83154296875,0,"N"
"571",571,"NF25",34,177,16.4961093224926,1,5,17.3994038090227,0,"N"
"572",572,"NF25",34,187,11.0293806954407,1,3,3.17029656476197,0,"N"
"573",573,"NF25",34,185,15.4958774329399,1,5,12.5272202771156,0,"N"
"574",574,"NG26",27,12,0.23826956748962,1,1,3.851318359375,1,"N"
"575",575,"NG26",27,11,12.7881939169251,1,1,9.08306442577968,0,"N"
"576",576,"NG26",28,14,0.25048851966858,1,1,1.788330078125,1,"N"
"577",577,"NG26",28,13,0.25048851966858,0,1,26.33056640625,0,"N"
"578",578,"NG26",28,15,0.25048851966858,0,1,40.80810546875,0,"N"
"579",579,"NG26",28,11,12.4518700770214,1,2,6.91534316273468,0,"N"
"580",580,"NG26",28,16,0.25048851966858,0,1,30.84716796875,0,"N"
"581",581,"NG26",29,11,26.5046592619292,1,3,7.41888965843085,0,"N"
"582",582,"NG26",29,12,11.6587378841476,1,3,0.20998255894788,1,"N"
"583",583,"NG26",30,27,0.25048851966858,1,1,15.386962890625,0,"N"
"584",584,"NG26",30,26,0.25048851966858,0,1,17.59033203125,0,"N"
"585",585,"NG26",30,11,25.6616005729445,1,4,6.44115620542093,0,"N"
"586",586,"NG26",30,12,13.4083150797712,1,4,1.29734702555258,1,"N"
"587",587,"NG26",30,22,0.25048851966858,1,1,30.2490234375,0,"N"
"588",588,"NG26",30,30,0.25048851966858,1,1,5.548095703125,0,"N"
"589",589,"NG26",30,20,0.24132430553436,0,1,37.872314453125,0,"N"
"590",590,"NG26",30,18,0.25048851966858,0,1,3.228759765625,1,"N"
"591",591,"NG26",30,24,0.24743378162384,1,1,22.13134765625,0,"N"
"592",592,"NG26",30,28,0.25048851966858,0,1,12.29248046875,0,"N"
"593",593,"NG26",30,29,0.25048851966858,1,1,11.370849609375,0,"N"
"594",594,"NG26",30,21,0.25048851966858,0,1,32.867431640625,0,"N"
"595",595,"NG26",30,19,0.25048851966858,1,1,25.6103515625,0,"N"
"596",596,"NG26",30,25,0.25048851966858,1,1,19.62890625,0,"N"
"597",597,"NG26",30,23,0.25048851966858,1,1,23.6083984375,0,"N"
"598",598,"NG26",30,17,4.68104431788087,1,1,-9.01980428125171e-08,1,"N"
"599",599,"NG26",31,39,0.25048851966858,1,1,40.472412109375,0,"N"
"600",600,"NG26",31,17,10.1052658404705,1,2,-0.0025080265468489,1,"N"
"601",601,"NG26",31,14,12.7821103110642,1,4,4.39779349926845,0,"N"
"602",602,"NG26",31,35,0.25048851966858,1,1,6.231689453125,0,"N"
"603",603,"NG26",31,34,0.25048851966858,0,1,4.449462890625,1,"N"
"604",604,"NG26",31,36,0.25048851966858,1,1,18.670654296875,0,"N"
"605",605,"NG26",31,19,17.2258456845906,1,2,24.8936923013157,0,"N"
"606",606,"NG26",31,11,42.3795493581188,1,5,6.29328506153111,0,"N"
"607",607,"NG26",31,42,0.25048851966858,1,1,0.2685546875,1,"N"
"608",608,"NG26",31,27,12.3014195988678,1,2,13.0289896232668,0,"N"
"609",609,"NG26",31,33,0.25048851966858,0,1,3.851318359375,1,"N"
"610",610,"NG26",31,23,14.0224259509417,1,2,15.7115040480855,0,"N"
"611",611,"NG26",31,12,22.3871096867907,1,5,-0.0447628615201534,1,"N"
"612",612,"NG26",31,37,0.24743378162384,1,1,22.91259765625,0,"N"
"613",613,"NG26",31,40,0.25048851966858,1,1,15.58837890625,0,"N"
"614",614,"NG26",31,38,0.2596527338028,1,1,30.072021484375,0,"N"
"615",615,"NG26",31,41,0.25048851966858,0,1,0.7080078125,1,"N"
"616",616,"NG26",31,32,0.25048851966858,0,1,1.727294921875,1,"N"
"617",617,"NG26",31,31,0.25659799575806,1,1,0,1,"N"
"618",618,"NG26",31,22,8.04539652113681,1,2,26.1789560240718,0,"N"
"619",619,"NG26",32,45,4.54727124265966,1,1,6.42862081633257,0,"N"
"620",620,"NG26",32,43,4.66061382131907,0,1,10.6835784966548,0,"N"
"621",621,"NG26",32,46,3.95179518282147,0,1,43.3155760390646,0,"N"
"622",622,"NG26",32,23,10.9422243808003,1,3,15.2114403412628,0,"N"
"623",623,"NG26",32,19,14.9291887887075,1,3,19.2253344075425,0,"N"
"624",624,"NG26",32,42,0.80843277467919,1,2,1.84836139283107e-07,1,"N"
"625",625,"NG26",32,11,49.4938548911592,0,6,5.78840547224231,0,"N"
"626",626,"NG26",32,24,0.25048851966858,0,3,22.711181640625,0,"N"
"627",627,"NG26",32,56,0.25048851966858,0,1,3.0517578125,1,"N"
"628",628,"NG26",32,44,4.01269418822557,0,1,16.0930985634917,0,"N"
"629",629,"NG26",32,53,0.24743378162384,0,1,10.552978515625,0,"N"
"630",630,"NG26",32,40,0.25048851966858,0,2,15.887451171875,0,"N"
"631",631,"NG26",32,49,0.24743378162384,0,1,1.593017578125,1,"N"
"632",632,"NG26",32,57,0.2596527338028,0,1,21.88720703125,0,"N"
"633",633,"NG26",32,47,0.64330178119775,0,1,-0.0769149307378711,1,"N"
"634",634,"NG26",32,36,7.21506841078969,0,2,16.8986585215273,0,"N"
"635",635,"NG26",32,14,19.0975217381146,1,5,3.92706600922383,0,"N"
"636",636,"NG26",32,38,8.70148168771984,1,2,30.1513671875,0,"N"
"637",637,"NG26",32,65,0.24743378162384,0,1,12.04833984375,0,"N"
"638",638,"NG26",32,60,0.25048851966858,0,1,25.20751953125,0,"N"
"639",639,"NG26",32,54,0.25048851966858,0,1,13.812255859375,0,"N"
"640",640,"NG26",32,39,0.49792230129242,1,2,35.9130859375,0,"N"
"641",641,"NG26",32,22,12.8602502906468,1,3,22.0261193810263,0,"N"
"642",642,"NG26",32,37,5.38634992350709,1,2,23.1316689234817,0,"N"
"643",643,"NG26",32,58,0.25048851966858,0,1,34.869384765625,0,"N"
"644",644,"NG26",32,27,10.0317382526614,1,3,13.7082565700703,0,"N"
"645",645,"NG26",32,55,0.23826956748962,0,1,3.912353515625,1,"N"
"646",646,"NG26",32,17,6.73799648204637,1,3,-7.3217051976826e-08,1,"N"
"647",647,"NG26",32,51,0.25048851966858,0,1,9.210205078125,0,"N"
"648",648,"NG26",32,52,0.25048851966858,0,1,10.1318359375,0,"N"
"649",649,"NG26",32,12,12.9424796048655,1,6,-5.42966144267965e-08,1,"N"
"650",650,"NG26",32,50,0.25048851966858,1,1,7.928466796875,0,"N"
"651",651,"NG26",32,61,0.23826956748962,0,1,21.307373046875,0,"N"
"652",652,"NG26",32,59,0.25048851966858,0,1,26.89208984375,0,"N"
"653",653,"NG26",32,35,4.43223633015591,0,2,4.74178101031154,0,"N"
"654",654,"NG26",32,63,0.25048851966858,0,1,5.950927734375,0,"N"
"655",655,"NG26",32,48,0.25048851966858,0,1,1.531982421875,1,"N"
"656",656,"NG26",32,64,0.24743378162384,0,1,28.692626953125,0,"N"
"657",657,"NG26",32,62,0.25048851966858,0,1,26.312255859375,0,"N"
"658",658,"NG26",32,31,6.87684752742063,0,2,0.830078125,1,"N"
"659",659,"NG26",32,30,0.25048851966858,0,3,9.72900390625,0,"N"
"660",660,"NG26",32,29,4.69311131951653,1,3,9.967041015625,0,"N"
"661",661,"NG26",32,25,3.30613237611913,0,3,15.3076171875,0,"N"
"662",662,"NG26",33,12,12.8510658095096,1,7,-1.23906468418866e-08,1,"N"
"663",663,"NG26",33,19,15.9278974597996,0,4,23.5964567980601,0,"N"
"664",664,"NG26",33,66,1.8284740633516,0,1,17.9565280054876,0,"N"
"665",665,"NG26",33,22,3.5968707673958,0,4,26.1157981651676,0,"N"
"666",666,"NG26",33,23,10.9924066590715,0,4,14.3701505649058,0,"N"
"667",667,"NG26",33,45,7.1336638914831,1,2,1.6163830265209,0,"N"
"668",668,"NG26",33,17,12.1797553022448,0,4,-0.0604157699930568,1,"N"
"669",669,"NG26",33,38,2.4230728458165,0,3,32.4558322242079,0,"N"
"670",670,"NG26",33,50,0.2504885196686,0,2,7.75146484375,0,"N"
"671",671,"NG26",33,29,1.6944570541468,0,4,14.5152031308342,0,"N"
"672",672,"NG26",33,67,0.2504885196686,0,1,33.9111328125,0,"N"
"673",673,"NG26",33,39,3.8587430268938,0,3,40.0815125716409,0,"N"
"674",674,"NG26",33,14,12.2832741597948,1,6,2.38102006395902,0,"N"
"675",675,"NG26",33,27,23.3804271271437,0,4,11.6844359598183,0,"N"
"676",676,"NG26",33,42,7.0547855145296,0,3,-1.00028429983468e-07,1,"N"
"677",677,"NG26",33,37,1.5573595976609,0,3,26.4057606358574,0,"N"
"678",678,"NG26",34,12,12.9676642231433,1,8,1.66424704572954e-07,1,"N"
"679",679,"NG26",34,45,0.24743378162384,0,3,2.08740234375,1,"N"
"680",680,"NG26",34,14,3.73093205727388,0,7,3.70517658096375,0,"N"
"681",681,"NG28",30,17,0.25048851966858,0,1,12.469482421875,0,"N"
"682",682,"NG28",31,18,5.18299468086837,1,1,0.607329259464567,1,"N"
"683",683,"NG28",32,21,0.25048851966858,0,1,2.86865234375,1,"N"
"684",684,"NG28",32,19,0.25048851966858,0,1,4.449462890625,1,"N"
"685",685,"NG28",32,18,6.67047452673393,1,2,0.146785971246111,1,"N"
"686",686,"NG28",32,20,0.25048851966858,0,1,6.97021484375,0,"N"
"687",687,"NG28",33,18,15.9378662020114,1,3,-0.135536704063624,1,"N"
"688",688,"NG28",34,18,16.2924510153364,1,4,1.21491414151187e-07,0,"N"
"689",689,"NG28",34,24,0.24441629648209,0,1,39.093017578125,0,"N"
"690",690,"NG28",34,25,0.25048851966858,0,1,1.568603515625,1,"N"
"691",691,"NG28",34,22,2.69912114703793,0,1,12.6077449113334,0,"N"
"692",692,"NG28",34,23,3.89944143797719,0,1,20.1788491741825,0,"N"
"693",693,"NH25",28,8,0.25048851966858,0,1,2.972412109375,1,"N"
"694",694,"NH25",30,18,0.2596527338028,1,1,12.548828125,0,"N"
"695",695,"NH25",30,19,0.25048851966858,0,1,22.772216796875,0,"N"
"696",696,"NH25",30,16,0.25048851966858,0,1,15.49072265625,0,"N"
"697",697,"NH25",30,17,0.25048851966858,0,1,13.232421875,0,"N"
"698",698,"NH25",30,12,0.24743378162384,0,1,21.7529296875,0,"N"
"699",699,"NH25",30,15,0.25048851966858,1,1,17.071533203125,0,"N"
"700",700,"NH25",30,25,0.25048851966858,0,1,2.83203125,1,"N"
"701",701,"NH25",30,14,0.24132430553436,1,1,33.1298828125,0,"N"
"702",702,"NH25",30,11,0.2596527338028,0,1,24.32861328125,0,"N"
"703",703,"NH25",30,13,0.25048851966858,1,1,28.009033203125,0,"N"
"704",704,"NH25",30,10,4.34356526271064,0,1,9.4084131469354,0,"N"
"705",705,"NH25",30,20,0.24743378162384,1,1,24.169921875,0,"N"
"706",706,"NH25",30,23,0.25048851966858,0,1,17.889404296875,0,"N"
"707",707,"NH25",30,9,5.21895307594394,1,1,5.25278986344615,0,"N"
"708",708,"NH25",30,22,0.25048851966858,0,1,19.0673828125,0,"N"
"709",709,"NH25",30,24,0.25048851966858,1,1,3.912353515625,1,"N"
"710",710,"NH25",30,21,0.25048851966858,0,1,25.89111328125,0,"N"
"711",711,"NH25",31,9,18.203218153934,1,2,4.01961181823341,0,"N"
"712",712,"NH25",31,26,3.79334113737857,1,1,2.86416165300534,0,"N"
"713",713,"NH25",31,14,0.2596527338028,1,2,33.148193359375,0,"N"
"714",714,"NH25",31,27,0.25048851966858,1,1,30.31005859375,0,"N"
"715",715,"NH25",31,18,0.25048851966858,1,2,12.73193359375,0,"N"
"716",716,"NH25",32,38,0.2504885196686,0,1,12.548828125,0,"N"
"717",717,"NH25",32,37,0.2504885196686,0,1,5.65185546875,0,"N"
"718",718,"NH25",32,24,0.2596527338028,0,3,7.452392578125,0,"N"
"719",719,"NH25",32,20,9.5191886044208,0,3,20.9246399064752,0,"N"
"720",720,"NH25",32,34,0.2504885196686,1,1,35.44921875,0,"N"
"721",721,"NH25",32,26,11.8210441895949,1,2,1.78038008420557,0,"N"
"722",722,"NH25",32,18,4.7334734482979,1,3,15.5256561397751,0,"N"
"723",723,"NH25",32,15,0.2504885196686,0,3,19.989013671875,0,"N"
"724",724,"NH25",32,29,3.8757526463862,1,1,3.34782702727266,0,"N"
"725",725,"NH25",32,33,0.2596527338028,0,1,24.407958984375,0,"N"
"726",726,"NH25",32,35,0.2504885196686,0,1,21.69189453125,0,"N"
"727",727,"NH25",32,14,9.7635246368625,1,3,32.7095203072444,0,"N"
"728",728,"NH25",32,13,0.2504885196686,1,3,28.0517578125,0,"N"
"729",729,"NH25",32,39,0.2504885196686,0,1,31.268310546875,0,"N"
"730",730,"NH25",32,41,0.2504885196686,0,1,23.529052734375,0,"N"
"731",731,"NH25",32,32,0.2504885196686,0,1,15.167236328125,0,"N"
"732",732,"NH25",32,30,0.5438585740557,0,1,-1.41061376468521e-07,1,"N"
"733",733,"NH25",32,28,10.159528225165,1,1,23.0279956844251,0,"N"
"734",734,"NH25",32,9,15.7237639304718,1,3,2.81191952716884,0,"N"
"735",735,"NH25",32,31,9.4602079932836,1,1,23.6922303225575,0,"N"
"736",736,"NH25",32,40,0.2474337816238,0,1,20.0927734375,0,"N"
"737",737,"NH25",32,36,0.2504885196686,0,1,17.449951171875,0,"N"
"738",738,"NH25",33,42,3.07767788137435,0,1,5.96290053501712,0,"N"
"739",739,"NH25",33,9,21.3591526071446,1,4,1.86436894730048,0,"N"
"740",740,"NH25",33,26,12.2948005172926,1,3,3.08571019690627,0,"N"
"741",741,"NH25",33,28,12.4412032764957,0,2,22.4362240465182,0,"N"
"742",742,"NH25",33,18,4.48602534089503,0,4,14.8399322401191,0,"N"
"743",743,"NH25",33,27,0.25048851966858,0,3,33.72802734375,0,"N"
"744",744,"NH25",33,14,14.0739347750135,1,4,31.2004237721516,0,"N"
"745",745,"NH25",33,43,1.02324054560008,0,1,32.4115843085084,0,"N"
"746",746,"NH25",34,9,2.56919929316702,0,5,5.43708456799931,0,"N"
"747",747,"NH25",34,44,3.50015927916111,0,1,27.9795500102145,0,"N"
"748",748,"NH25",34,26,11.7008047906726,0,4,2.4205548751718,0,"N"
"749",749,"NH25",34,29,5.38098615535171,1,3,7.30377293521291,0,"N"
"750",750,"NH25",34,31,14.7047700674183,0,3,21.5952840311009,0,"N"
"751",751,"NH25",34,34,0.25048851966858,0,3,30.767822265625,0,"N"
"752",752,"NH25",34,14,0.57968442357977,0,5,32.5473661218653,0,"N"
"753",753,"NH27",28,16,3.20637339672011,0,1,17.7916855495458,0,"N"
"754",754,"NH27",30,17,0.25048851966858,1,1,30.230712890625,0,"N"
"755",755,"NH27",31,21,0.2596527338028,0,1,38.95263671875,0,"N"
"756",756,"NH27",31,19,0.25048851966858,0,1,5.2490234375,0,"N"
"757",757,"NH27",31,20,0.25048851966858,1,1,6.4697265625,0,"N"
"758",758,"NH27",31,22,0.25048851966858,0,1,31.890869140625,0,"N"
"759",759,"NH27",31,17,0.25048851966858,1,2,28.52783203125,0,"N"
"760",760,"NH27",31,23,0.25048851966858,1,1,30.84716796875,0,"N"
"761",761,"NH27",31,18,0.25048851966858,1,1,2.471923828125,1,"N"
"762",762,"NH27",32,24,3.6675343288113,0,1,17.6551734886284,0,"N"
"763",763,"NH27",32,26,0.25048851966858,0,1,26.77001953125,0,"N"
"764",764,"NH27",32,23,8.19833393368268,1,2,30.567315670491,0,"N"
"765",765,"NH27",32,20,3.0867646402975,1,2,1.35304015385302,1,"N"
"766",766,"NH27",32,18,5.03028191149163,1,2,2.40211812637443,0,"N"
"767",767,"NH27",32,25,0.25048851966858,1,1,18.487548828125,0,"N"
"768",768,"NH27",32,17,10.1809865309101,1,3,29.8023920944064,0,"N"
"769",769,"NH27",33,17,2.55407345597004,0,4,31.2901113182696,0,"N"
"770",770,"NH27",33,18,9.66792094203717,1,3,0.174683837475782,0,"N"
"771",771,"NH27",33,23,2.50089777600882,0,3,29.6660080694546,0,"N"
"772",772,"NH27",33,20,2.71027419118009,0,3,2.13476312869245,1,"N"
"773",773,"NH27",33,25,2.991106681532,1,2,19.1989821599855,0,"N"
"774",774,"NH27",34,18,20.4850235581516,1,4,-5.06697816112478e-08,0,"N"
"775",775,"NH27",34,27,0.25048851966858,0,1,0.909423828125,1,"N"
"776",776,"NH27",34,25,11.2166456752125,1,3,18.5649327600309,0,"N"
"777",777,"NH28",33,57,0.250488519668579,0,1,23.809814453125,0,"N"
"778",778,"NH28",33,56,2.22660362705774,0,1,25.3966658946599,0,"N"
"779",779,"NH28",33,58,0.250488519668579,0,1,19.68994140625,0,"N"
"780",780,"NH28",34,59,0.250488519668579,0,1,5.46875,0,"N"
"781",781,"NH29",32,42,0.25048851966858,0,1,0.89111328125,1,"N"
"782",782,"NH29",32,41,0.25048851966858,0,1,4.791259765625,0,"N"
"783",783,"NH29",32,40,0.25048851966858,0,1,-0.01220703125,1,"N"
"784",784,"NH29",32,43,0.25048851966858,0,1,30.572509765625,0,"N"
"785",785,"NH29",33,46,0.25048851966858,1,1,9.16748046875,0,"N"
"786",786,"NH29",33,44,1.2958953245185,1,1,36.3050147888736,0,"N"
"787",787,"NH29",33,45,0.86645897739797,1,1,1.48827793695656,1,"N"
"788",788,"NH29",33,47,0.25048851966858,1,1,31.09130859375,0,"N"
"789",789,"NH29",34,44,2.1753174486406,0,2,38.2481107611341,0,"N"
"790",790,"NH29",34,47,2.6930253959999,1,2,31.1579918697389,0,"N"
"791",791,"NH29",34,45,3.1379035631983,0,2,0.828035719841822,1,"N"
"792",792,"NH31",32,30,4.23239586803824,1,1,14.198515704711,0,"N"
"793",793,"NH31",32,31,7.16916199375754,1,1,11.3659087633701,0,"N"
"794",794,"NH31",33,30,1.8728401488733,0,2,16.3734179573324,0,"N"
"795",795,"NH31",33,34,1.58957910257526,1,1,2.63679565014073,1,"N"
"796",796,"NH31",33,35,0.25048851966858,0,1,6.53076171875,0,"N"
"797",797,"NH31",33,32,8.03528489802294,0,1,28.0659730326302,0,"N"
"798",798,"NH31",33,33,1.03209630918568,1,1,1.09974607312012,1,"N"
"799",799,"NH31",33,31,4.35439195778458,1,2,12.2014261847156,0,"N"
"800",800,"NH31",34,36,0.25048851966858,0,1,4.21142578125,1,"N"
"801",801,"NH31",34,33,3.20861636024273,0,2,-0.028439813527342,1,"N"
"802",802,"NH31",34,34,1.67051166869885,0,2,0.638979918478228,1,"N"
"803",803,"NH31",34,31,16.1333296189444,1,3,12.6549515936744,0,"N"
"804",804,"NH31",34,37,0.24441629648209,0,1,4.99267578125,0,"N"
"805",805,"P3A",23,45,2.05196849227105,0,1,1.1260777393181,1,"P"
"806",806,"P3A",23,46,2.61079625913417,0,1,-0.00525999058237914,1,"P"
"807",807,"P3A",24,47,1.5396589517018,0,1,17.3250583115094,0,"P"
"808",808,"P6A",21,47,4.01056745940247,1,1,2.28171792340367,1,"P"
"809",809,"P6A",22,47,3.57539307120874,0,2,0,1,"P"
"810",810,"P6A",22,48,0.91232476038641,0,1,20.4866372048855,0,"P"
"811",811,"P6B",22,47,1.24283297208147,0,1,20.0694809860509,0,"P"
"812",812,"P6B",28,48,7.47579243072007,0,1,0.287309954186981,1,"P"
"813",813,"PP1",21,55,1.74759838428654,1,1,9.57898217982914,0,"P"
"814",814,"PP1",21,53,8.01542478322919,0,1,31.9942717524884,0,"P"
"815",815,"PP1",21,57,2.59319006558672,0,1,1.25923321956213,1,"P"
"816",816,"PP1",21,56,2.66760742003668,1,1,4.6544397016485,0,"P"
"817",817,"PP1",21,54,1.60536607089345,1,1,4.55546283437183,0,"P"
"818",818,"PP1",21,52,3.00248274046145,0,1,36.6916410162348,0,"P"
"819",819,"PP1",21,58,3.53813029125555,1,1,-0.12656410057707,1,"P"
"820",820,"PP1",22,63,0.25048851966858,0,1,20.9716796875,0,"P"
"821",821,"PP1",22,56,7.68208170842665,0,2,2.56415697946231,0,"P"
"822",822,"PP1",22,58,5.39220270904784,0,2,0.195385279721165,1,"P"
"823",823,"PP1",22,59,2.68589931155958,1,1,2.7364315599434,1,"P"
"824",824,"PP1",22,55,1.5200923869301,0,2,9.8696084740296,0,"P"
"825",825,"PP1",22,54,2.29173194343086,0,2,6.51806687200631,0,"P"
"826",826,"PP1",22,61,1.09995797123117,0,1,16.4238405670999,0,"P"
"827",827,"PP1",22,62,1.75844779264903,0,1,28.1468943621657,0,"P"
"828",828,"PP1",22,60,2.51153903371889,0,1,23.4870876885925,0,"P"
"829",829,"PP1",23,64,2.37255702184232,0,1,32.2755270361143,0,"P"
"830",830,"PP1",23,59,2.63273925305939,0,2,7.28709456638144,0,"P"
"831",831,"PP1",29,66,0.24743378162384,0,1,8.270263671875,0,"P"
"832",832,"PP1",31,67,0.24132430553436,0,1,8.148193359375,0,"P"
"833",833,"PP4",22,55,2.92715206411018,0,1,1.25894209274925,1,"P"
"834",834,"PP4",22,66,0.25048851966858,0,1,14.892578125,0,"P"
"835",835,"PP4",22,65,5.34530610827647,0,1,4.28222494342391,0,"P"
"836",836,"PP4",22,63,2.66180570422854,0,1,30.8963495171258,0,"P"
"837",837,"PP4",22,56,2.89043782424606,1,1,21.1518598987982,0,"P"
"838",838,"PP4",22,54,3.81831499162225,0,1,3.62762347244784,0,"P"
"839",839,"PP4",22,62,1.32172395798847,0,1,0.0457147841662731,1,"P"
"840",840,"PP4",22,64,3.8083006454225,0,1,20.9785424110277,0,"P"
"841",841,"PP4",22,60,3.62806746296747,0,1,24.9648606470966,0,"P"
"842",842,"PP4",22,61,2.11275643003461,1,1,16.1834059692369,0,"P"
"843",843,"PP4",22,58,1.32673095115599,0,1,19.6306683194118,0,"P"
"844",844,"PP4",22,59,2.93215837610565,0,1,14.7777595300062,0,"P"
"845",845,"PP4",22,57,2.94550888843932,0,1,26.2167591053434,0,"P"
"846",846,"PP4",27,56,24.6590205322401,0,6,14.2917397245011,0,"P"
"847",847,"PP4",27,67,6.49120197280017,0,4,12.066004272253,0,"P"
"848",848,"PP5",22,23,1.93231386372155,0,1,5.8674062127857,0,"P"
"849",849,"PP5",22,24,1.47328019657006,0,1,34.3698530721012,0,"P"
"850",850,"PP5",22,25,2.39280523267917,0,1,9.75218044992089,0,"P"
"851",851,"PP5",22,22,1.07399380817243,0,1,42.3059144655383,0,"P"
"852",852,"PP6",21,9,0.86215280977923,0,1,-2.01485605089147e-07,1,"P"
"853",853,"PP6",22,11,2.11118016890058,0,1,15.5131824185063,0,"P"
"854",854,"PP6",22,13,0.99147244591653,0,1,32.988494837469,0,"P"
"855",855,"PP6",22,17,2.17400749168389,0,1,0.00741118546542796,1,"P"
"856",856,"PP6",22,16,1.77982782940286,0,1,37.4692645849326,0,"P"
"857",857,"PP6",22,15,1.57327189704734,1,1,40.591875770025,0,"P"
"858",858,"PP6",22,12,0.87356185459996,0,1,25.5534248599132,0,"P"
"859",859,"PP6",22,14,1.1291752317259,0,1,32.2417006952567,0,"P"
"860",860,"PP6",22,18,0.43302794141139,0,1,38.9478245931139,0,"P"
"861",861,"PP6",22,10,2.81605393867671,0,1,19.5375770039442,0,"P"
"862",862,"PP6",23,22,0.25048851966858,0,1,18.511962890625,0,"P"
"863",863,"PP6",23,20,0.25048851966858,0,1,8.0078125,0,"P"
"864",864,"PP6",23,19,1.11904036136896,0,1,6.76092001393784,0,"P"
"865",865,"PP6",23,15,0.25048851966858,0,2,44.049072265625,0,"P"
"866",866,"PP6",23,21,0.25048851966858,0,1,3.192138671875,1,"P"
"867",867,"PP6",24,23,4.73398146078212,0,1,2.45186890612834,1,"P"
"868",868,"PP6",28,31,6.08295335085263,1,1,39.7629046828665,0,"P"
"869",869,"PP6",28,34,0.25048851966858,0,1,43.768310546875,0,"P"
"870",870,"PP6",28,32,4.66578336583397,1,1,16.628762340766,0,"P"
"871",871,"PP6",28,33,0.24743378162384,1,1,34.28955078125,0,"P"
"872",872,"PP6",28,35,0.25048851966858,0,1,2.490234375,1,"P"
"873",873,"PP6",29,32,10.11428902164,1,2,15.6557121588676,0,"P"
"874",874,"PP6",30,54,0.2504885196686,1,1,17.529296875,0,"P"
"875",875,"PP6",30,55,0.2596527338028,0,1,14.569091796875,0,"P"
"876",876,"PP6",30,33,0.2504885196686,0,3,33.587646484375,0,"P"
"877",877,"PP6",30,53,0.2504885196686,1,1,19.81201171875,0,"P"
"878",878,"PP6",30,38,1.9533357233895,1,1,16.7719375176409,0,"P"
"879",879,"PP6",30,49,0.2474337816238,0,1,24.23095703125,0,"P"
"880",880,"PP6",30,56,0.2504885196686,1,1,13.531494140625,0,"P"
"881",881,"PP6",30,40,6.3567137478654,0,1,7.65023967572466,0,"P"
"882",882,"PP6",30,37,7.8366463437279,1,1,21.9669523938795,0,"P"
"883",883,"PP6",30,41,0.2504885196686,0,1,33.551025390625,0,"P"
"884",884,"PP6",30,50,0.2504885196686,1,1,22.711181640625,0,"P"
"885",885,"PP6",30,39,8.5707881689671,1,1,6.78664659099239,0,"P"
"886",886,"PP6",30,52,0.2474337816238,1,1,21.7529296875,0,"P"
"887",887,"PP6",30,47,0.2504885196686,1,1,7.830810546875,0,"P"
"888",888,"PP6",30,48,0.2504885196686,0,1,13.232421875,0,"P"
"889",889,"PP6",30,36,4.0654420169913,1,1,20.7255385581242,0,"P"
"890",890,"PP6",30,51,0.2504885196686,0,1,22.22900390625,0,"P"
"891",891,"PP6",30,58,0.2474337816238,0,1,11.1083984375,0,"P"
"892",892,"PP6",30,31,0.2474337816238,1,3,45.81298828125,0,"P"
"893",893,"PP6",30,32,13.6209070615777,1,3,13.8271184526125,0,"P"
"894",894,"PP6",30,45,0.2474337816238,0,1,24.212646484375,0,"P"
"895",895,"PP6",30,57,0.2474337816238,0,1,12.79296875,0,"P"
"896",896,"PP6",30,46,0.2504885196686,0,1,13.067626953125,0,"P"
"897",897,"PP6",30,43,0.2504885196686,0,1,30.18798828125,0,"P"
"898",898,"PP6",30,44,0.2504885196686,0,1,26.910400390625,0,"P"
"899",899,"PP6",30,42,0.2596527338028,0,1,38.128662109375,0,"P"
"900",900,"PP6",31,56,3.1424534513007,1,2,10.9486943993792,0,"P"
"901",901,"PP6",31,47,5.3676677733414,1,2,6.22834596161117,0,"P"
"902",902,"PP6",31,60,0.2474337816238,1,1,17.108154296875,0,"P"
"903",903,"PP6",31,37,8.9024218512288,1,2,22.8028719182045,0,"P"
"904",904,"PP6",31,39,52.7126704874785,1,2,5.8987694611027,0,"P"
"905",905,"PP6",31,59,3.1107728136743,0,1,25.285267277308,0,"P"
"906",906,"PP6",31,53,0.5009770393372,0,2,15.80810546875,0,"P"
"907",907,"PP6",31,32,16.9025697149698,1,4,13.6332425032775,0,"P"
"908",908,"PP6",31,38,11.3961093321188,1,2,11.7762149771809,0,"P"
"909",909,"PP6",31,54,0.2504885196686,1,2,18.707275390625,0,"P"
"910",910,"PP6",31,36,0.2504885196686,1,2,22.3876953125,0,"P"
"911",911,"PP6",32,62,1.84632759299438,0,1,37.6167660419205,0,"P"
"912",912,"PP6",32,56,2.22523438081312,1,3,15.1337325907989,0,"P"
"913",913,"PP6",32,50,1.22252864890188,0,3,25.1896208661787,0,"P"
"914",914,"PP6",32,31,1.73930861842357,0,5,40.5588824603471,0,"P"
"915",915,"PP6",32,61,0.53509719783739,0,1,39.0219559205565,0,"P"
"916",916,"PP6",32,52,3.12863436023766,1,3,18.8662675246324,0,"P"
"917",917,"PW1",21,37,2.53529092638394,1,1,1.72644945450884e-07,1,"P"
"918",918,"PW1",21,38,4.92985770236575,1,1,19.4160236385418,0,"P"
"919",919,"PW1",22,40,0.25048851966858,0,1,16.827392578125,0,"P"
"920",920,"PW1",22,39,0.82799967743666,0,1,12.4615917611311,0,"P"
"921",921,"PW1",22,38,6.64415990380661,0,2,16.4009356286703,0,"P"
"922",922,"PW1",22,37,1.36892765075186,0,2,0.0349741724841124,1,"P"
"923",923,"SG1",23,58,0.25048851966858,0,1,13.48876953125,0,"S"
"924",924,"SG1",23,57,4.37007075786391,1,1,12.7662649966446,0,"S"
"925",925,"SG1",23,60,0.25048851966858,0,1,5.792236328125,0,"S"
"926",926,"SG1",23,59,0.25048851966858,0,1,16.070556640625,0,"S"
"927",927,"SG1",24,57,5.11766729380433,1,2,12.3731979089783,0,"S"
"928",928,"SG1",26,61,2.99368070544024,1,1,37.3054118895478,0,"S"
"929",929,"SG1",26,62,13.0196715597764,0,1,0.228213850610558,1,"S"
"930",930,"SG1",26,57,10.8720939823801,1,4,8.86103599774934,0,"S"
"931",931,"SG1",27,61,7.08572837559248,1,2,36.5656904793164,0,"S"
"932",932,"SG1",27,57,14.7860288646424,1,5,8.39279742362937,0,"S"
"933",933,"SG1",28,61,7.97949276374351,1,3,36.9932104352014,0,"S"
"934",934,"SG1",28,63,0.25048851966858,0,1,19.25048828125,0,"S"
"935",935,"SG1",28,57,20.6062527352445,1,6,7.8196241347939,0,"S"
"936",936,"SG1",28,64,0.25048851966858,0,1,39.947509765625,0,"S"
"937",937,"SG1",29,61,10.4770837591147,1,4,36.4151779526504,0,"S"
"938",938,"SG1",29,57,25.9063048403162,1,7,6.43134599148156,0,"S"
"939",939,"SG1",30,66,0.25048851966858,1,1,12.26806640625,0,"S"
"940",940,"SG1",30,61,6.77485256102775,1,5,30.96923828125,0,"S"
"941",941,"SG1",30,67,0.25048851966858,0,1,9.271240234375,0,"S"
"942",942,"SG1",30,65,4.52971466275682,1,1,3.795690810577,0,"S"
"943",943,"SG1",30,57,14.0608882352493,1,8,8.54562295688923,0,"S"
"944",944,"SG1",31,66,4.94975935693598,1,2,11.1048880242024,0,"S"
"945",945,"SG1",31,61,13.7507113587292,1,6,36.4131812119873,0,"S"
"946",946,"SG1",31,57,13.0597230237031,1,9,7.46472094077565,0,"S"
"947",947,"SG1",31,65,6.42044986473188,1,2,4.30653935422164,0,"S"
"948",948,"SG1",32,66,8.30734785153069,0,3,10.5661207375098,0,"S"
"949",949,"SG1",32,57,10.0534369257198,1,10,8.09578673939828,0,"S"
"950",950,"SG1",32,61,12.8326998822087,1,7,36.6111843259051,0,"S"
"951",951,"SG1",32,69,0.25048851966858,0,1,7.708740234375,0,"S"
"952",952,"SG1",32,65,5.63856526605529,1,3,3.16005121409522,0,"S"
"953",953,"SG1",32,68,0.25048851966858,0,1,6.732177734375,0,"S"
"954",954,"SG1",33,65,6.82251313479361,1,4,4.1180385143472,0,"S"
"955",955,"SG1",33,57,25.3496994624351,1,11,7.67015854545771,0,"S"
"956",956,"SG1",33,70,7.12513799330788,1,1,18.213236689796,0,"S"
"957",957,"SG1",33,61,14.3405349530508,1,8,35.1337464392283,0,"S"
"958",958,"SG10",24,58,0.25048851966858,0,1,16.46728515625,0,"S"
"959",959,"SG10",24,57,3.05048613958733,0,1,21.6347243182695,0,"S"
"960",960,"SG10",24,56,1.00512811159221,1,1,6.49596041212554,0,"S"
"961",961,"SG10",26,56,4.34538526808331,1,3,-1.21165740551987e-07,1,"S"
"962",962,"SG10",27,56,4.04265572903321,1,4,4.14329406339675e-08,1,"S"
"963",963,"SG10",28,59,0.25048851966858,1,1,21.44775390625,0,"S"
"964",964,"SG10",28,60,0.2596527338028,0,1,14.17236328125,0,"S"
"965",965,"SG10",28,56,4.62907988701014,1,5,8.1662889783729e-08,1,"S"
"966",966,"SG10",30,64,0.25048851966858,0,1,34.72900390625,0,"S"
"967",967,"SG10",30,59,0.25048851966858,0,3,26.11083984375,0,"S"
"968",968,"SG10",30,61,2.9582216490589,1,1,-1.71660573755616e-07,1,"S"
"969",969,"SG10",30,63,0.25048851966858,0,1,40.05126953125,0,"S"
"970",970,"SG10",30,66,0.25048851966858,1,1,28.55224609375,0,"S"
"971",971,"SG10",30,65,0.25048851966858,1,1,25.830078125,0,"S"
"972",972,"SG10",30,67,0.24743378162384,0,1,22.8271484375,0,"S"
"973",973,"SG10",30,70,0.24743378162384,1,1,18.792724609375,0,"S"
"974",974,"SG10",30,62,0.25048851966858,0,1,29.6875,0,"S"
"975",975,"SG10",30,56,0.25048851966858,1,7,0.98876953125,1,"S"
"976",976,"SG10",30,71,0.24743378162384,0,1,8.41064453125,0,"S"
"977",977,"SG10",30,69,0.25048851966858,0,1,20.91064453125,0,"S"
"978",978,"SG10",30,68,0.25048851966858,1,1,13.4521484375,0,"S"
"979",979,"SG10",31,70,10.3885602799767,1,2,15.9221065131592,0,"S"
"980",980,"SG10",31,56,4.2373621905778,1,8,0.28842125342868,1,"S"
"981",981,"SG10",31,65,9.0000076862724,1,2,21.3321093094383,0,"S"
"982",982,"SG10",31,72,4.6338832744315,1,1,5.15746705984931,0,"S"
"983",983,"SG10",31,68,3.608195816608,1,2,13.1095488259476,0,"S"
"984",984,"SG10",31,61,8.0723681145999,1,2,-2.32030004099215e-08,1,"S"
"985",985,"SG10",32,73,0.72757230293912,1,1,2.09799068784378e-07,1,"S"
"986",986,"SG10",32,56,9.6733615981681,1,9,1.27428965119213,0,"S"
"987",987,"SG10",32,68,4.38709903626667,1,3,13.9789453053167,0,"S"
"988",988,"SG10",32,66,0.25048851966858,1,3,31.671142578125,0,"S"
"989",989,"SG10",32,70,7.45108376056361,1,3,17.6591168731146,0,"S"
"990",990,"SG10",32,74,0.25048851966858,1,1,1.348876953125,1,"S"
"991",991,"SG10",32,65,13.1803973584769,1,3,22.0598973098688,0,"S"
"992",992,"SG10",32,72,6.12175106998025,1,2,5.45214776498088,0,"S"
"993",993,"SG10",32,61,11.6632006556381,1,3,-0.00946160561083786,1,"S"
"994",994,"SG10",33,70,7.1112540335209,1,4,17.298065951671,0,"S"
"995",995,"SG10",33,68,5.0649388662869,1,4,13.9476617924223,0,"S"
"996",996,"SG10",33,65,22.1011331580631,1,4,22.8298976204273,0,"S"
"997",997,"SG10",33,61,20.8212594923447,1,4,-1.01080743775128e-07,1,"S"
"998",998,"SG10",33,66,2.2065685656571,0,4,30.3993627524015,0,"S"
"999",999,"SG10",33,72,7.6706002042636,1,3,5.84262325671831,0,"S"
"1000",1000,"SG10",33,74,1.7674134564168,0,2,0.754903690810721,1,"S"
"1001",1001,"SG10",33,56,5.992560629952,1,10,1.69864135320626,1,"S"
"1002",1002,"SG11",23,79,3.11748745912893,1,1,14.2272335510393,0,"S"
"1003",1003,"SG11",23,80,1.08990628309707,0,1,10.5848820673823,0,"S"
"1004",1004,"SG11",24,82,0.6126523916128,0,1,30.0707841693396,0,"S"
"1005",1005,"SG11",24,79,4.37727107004672,1,2,13.3045098370657,0,"S"
"1006",1006,"SG11",24,81,3.19062060067275,1,1,-1.75684704117884e-07,1,"S"
"1007",1007,"SG11",25,81,8.07715916427927,1,2,-1.048783957458e-07,1,"S"
"1008",1008,"SG11",25,79,3.78789518547823,1,3,14.5474784455126,0,"S"
"1009",1009,"SG11",26,81,7.52638753571829,1,3,1.16153245244277e-07,1,"S"
"1010",1010,"SG11",26,79,3.7597540891205,0,4,14.1077698932971,0,"S"
"1011",1011,"SG11",27,83,19.0612751267512,0,1,37.8175039439363,0,"S"
"1012",1012,"SG11",27,81,17.8183186758254,1,4,-0.112554986512507,1,"S"
"1013",1013,"SG11",28,81,18.3295623565519,1,5,-0.0561367575602389,1,"S"
"1014",1014,"SG11",29,81,23.6137323695095,1,6,-0.0882035702885133,1,"S"
"1015",1015,"SG11",30,81,16.7891508521705,1,7,-1.57831607339176e-07,1,"S"
"1016",1016,"SG11",31,84,3.54362668270902,1,1,-0.0370647723025391,1,"S"
"1017",1017,"SG11",31,81,19.8557726758171,1,8,9.64464703656631e-08,1,"S"
"1018",1018,"SG11",31,85,0.25048851966858,0,1,29.852294921875,0,"S"
"1019",1019,"SG11",32,84,1.49385696016127,0,2,5.54382734163639e-08,1,"S"
"1020",1020,"SG11",32,81,28.2953496929829,1,9,-0.136048173932295,1,"S"
"1021",1021,"SG11",32,86,0.25048851966858,0,1,18.02978515625,0,"S"
"1022",1022,"SG11",33,81,16.0071542296466,1,10,5.25795371686399e-08,1,"S"
"1023",1023,"SG11",33,87,0.25048851966858,0,1,24.10888671875,0,"S"
"1024",1024,"SG12",23,72,3.81853557404463,0,1,13.0940871061771,0,"S"
"1025",1025,"SG12",28,74,0.24743378162384,0,1,1.812744140625,1,"S"
"1026",1026,"SG12",30,75,2.14998369613121,1,1,5.43448175349681e-08,1,"S"
"1027",1027,"SG12",30,77,0.25048851966858,1,1,5.767822265625,0,"S"
"1028",1028,"SG12",30,76,0.24743378162384,0,1,3.472900390625,1,"S"
"1029",1029,"SG12",31,75,7.05421008221082,1,2,0.132706995451784,1,"S"
"1030",1030,"SG12",31,77,7.10150084236802,0,2,5.74761572891405,0,"S"
"1031",1031,"SG12",32,78,0.25048851966858,1,1,20.751953125,0,"S"
"1032",1032,"SG12",32,75,11.8248788773423,1,3,-0.0488663321681099,0,"S"
"1033",1033,"SG12",33,78,2.92697569269723,1,2,23.2924292103147,0,"S"
"1034",1034,"SG12",33,75,15.3376371358822,1,4,0.607170805823531,0,"S"
"1035",1035,"SG13",23,114,0.25048851966858,0,1,46.331787109375,0,"S"
"1036",1036,"SG13",23,112,0.25048851966858,0,1,10.888671875,0,"S"
"1037",1037,"SG13",23,117,0.25048851966858,0,1,8.2275390625,0,"S"
"1038",1038,"SG13",23,110,0.25048851966858,0,1,4.071044921875,1,"S"
"1039",1039,"SG13",23,111,0.25048851966858,0,1,6.591796875,0,"S"
"1040",1040,"SG13",23,121,0.24132430553436,0,1,-0.01220703125,1,"S"
"1041",1041,"SG13",23,120,0.24743378162384,0,1,1.23291015625,1,"S"
"1042",1042,"SG13",23,113,0.2596527338028,0,1,44.952392578125,0,"S"
"1043",1043,"SG13",23,116,0.26915222406387,0,1,44.952392578125,0,"S"
"1044",1044,"SG13",23,115,0.23826956748962,0,1,42.96875,0,"S"
"1045",1045,"SG13",23,119,0.25048851966858,0,1,2.349853515625,1,"S"
"1046",1046,"SG13",23,109,3.60226465036523,1,1,32.2634008089832,0,"S"
"1047",1047,"SG13",23,118,0.25048851966858,0,1,0.689697265625,1,"S"
"1048",1048,"SG13",24,109,2.86130380683006,0,2,32.3726524553089,0,"S"
"1049",1049,"SG13",31,122,7.57527207565081,1,1,20.0652880924471,0,"S"
"1050",1050,"SG13",32,123,0.86968310842337,1,1,-1.7581989197879e-07,1,"S"
"1051",1051,"SG13",32,122,9.76509242657165,1,2,18.0253313983224,0,"S"
"1052",1052,"SG13",33,123,2.2453188789546,1,2,-1.26635839592382e-07,1,"S"
"1053",1053,"SG13",33,122,9.766006237709,1,3,19.2038306800677,0,"S"
"1054",1054,"SG14",23,4,11.4750457902599,0,1,22.3117882287167,0,"S"
"1055",1055,"SG14",23,5,1.36746787964823,0,1,6.07857142936158,0,"S"
"1056",1056,"SG14",24,9,3.14868935644513,0,1,28.8918398495717,0,"S"
"1057",1057,"SG14",24,7,1.75795241884095,0,1,6.19192092772778,0,"S"
"1058",1058,"SG14",24,15,0.24743378162384,0,1,19.15283203125,0,"S"
"1059",1059,"SG14",24,16,0.25048851966858,0,1,25.531005859375,0,"S"
"1060",1060,"SG14",24,8,1.07977415245606,0,1,13.6830470153565,0,"S"
"1061",1061,"SG14",24,17,0.25048851966858,0,1,34.130859375,0,"S"
"1062",1062,"SG14",24,10,3.11431291887524,0,1,28.5005120253866,0,"S"
"1063",1063,"SG14",24,14,1.31885445348191,0,1,6.70683218749308,0,"S"
"1064",1064,"SG14",24,6,3.39714782628135,0,1,9.1018482496395,0,"S"
"1065",1065,"SG14",24,12,1.67122804900167,0,1,12.4119557111484,0,"S"
"1066",1066,"SG14",24,11,5.39105685697037,0,1,17.0519819399544,0,"S"
"1067",1067,"SG14",24,13,3.37839482165977,0,1,5.25332998461587,0,"S"
"1068",1068,"SG14",25,18,0.25048851966858,0,1,6.97021484375,0,"S"
"1069",1069,"SG14",29,19,0.2504885196686,1,1,4.168701171875,1,"S"
"1070",1070,"SG14",30,19,4.78164397363588,1,2,1.95568329141663,1,"S"
"1071",1071,"SG14",31,19,12.5748587921946,1,3,1.55396428434113,0,"S"
"1072",1072,"SG14",32,19,8.95223876254728,1,4,2.90613116871941,0,"S"
"1073",1073,"SG14",32,20,0.25048851966858,1,1,14.17236328125,0,"S"
"1074",1074,"SG14",33,20,4.88261134349474,0,2,12.9306318336135,0,"S"
"1075",1075,"SG14",33,19,5.27939616127816,1,5,2.30117849604973,0,"S"
"1076",1076,"SG15",23,38,4.57972329721492,1,1,22.0847728561044,0,"S"
"1077",1077,"SG15",24,40,1.142006298607,0,1,6.86184631043831,0,"S"
"1078",1078,"SG15",24,38,3.51211827588811,1,2,20.6557438930685,0,"S"
"1079",1079,"SG15",24,39,2.2287803554621,0,1,8.85683185100818,0,"S"
"1080",1080,"SG15",26,38,15.065463742881,1,4,18.143872186432,0,"S"
"1081",1081,"SG15",27,38,21.4959794108702,1,5,19.455998477762,0,"S"
"1082",1082,"SG15",28,38,28.8995414653146,1,6,18.7260504700564,0,"S"
"1083",1083,"SG15",29,38,14.4409916150392,1,7,18.6119410394337,0,"S"
"1084",1084,"SG15",29,41,1.99701629227518,1,1,-1.72867209435879e-07,1,"S"
"1085",1085,"SG15",30,38,36.4505436677959,1,8,17.2944902600369,0,"S"
"1086",1086,"SG15",31,38,24.2202967295962,1,9,16.7836416472717,0,"S"
"1087",1087,"SG15",32,38,27.1645723416711,1,10,15.7871095710231,0,"S"
"1088",1088,"SG15",32,41,4.3472933956161,1,4,0.0191917697350025,1,"S"
"1089",1089,"SG15",33,44,0.25048851966858,0,1,23.529052734375,0,"S"
"1090",1090,"SG15",33,43,0.25048851966858,0,1,36.810302734375,0,"S"
"1091",1091,"SG15",33,42,0.23838132619858,0,1,12.432861328125,0,"S"
"1092",1092,"SG15",33,41,3.92307823457831,1,5,-1.28919377950787e-07,1,"S"
"1093",1093,"SG16",23,82,0.25048851966858,0,1,31.512451171875,0,"S"
"1094",1094,"SG16",24,83,4.68835855051125,1,1,2.89296824485762,0,"S"
"1095",1095,"SG16",25,83,12.4562585610378,1,2,-0.0359445343824927,1,"S"
"1096",1096,"SG16",26,83,19.6639742170494,1,3,1.7508634542196e-07,0,"S"
"1097",1097,"SG16",26,84,4.45452719674264,1,1,39.7710847860689,0,"S"
"1098",1098,"SG16",27,83,18.8466692388526,1,4,-6.03045086089438e-08,0,"S"
"1099",1099,"SG16",27,84,10.4648912444351,1,2,37.5232657441666,0,"S"
"1100",1100,"SG16",28,84,5.50836209836819,1,3,36.996341806207,0,"S"
"1101",1101,"SG16",28,83,13.2463655223477,1,5,2.14492784644804e-08,1,"S"
"1102",1102,"SG16",29,84,11.5397648349593,1,4,37.851535339837,0,"S"
"1103",1103,"SG16",29,83,19.7425122311503,1,6,-0.126837601038687,0,"S"
"1104",1104,"SG16",30,84,20.1090174883148,1,5,37.2806334181051,0,"S"
"1105",1105,"SG16",30,83,13.909080398772,1,7,1.01221214743319e-07,0,"S"
"1106",1106,"SG16",30,86,5.72497037078997,1,1,9.20487525355445,0,"S"
"1107",1107,"SG16",30,85,4.0260570684842,1,1,25.9274042204049,0,"S"
"1108",1108,"SG16",30,87,0.25048851966858,1,1,5.169677734375,0,"S"
"1109",1109,"SG16",31,86,8.4501755403505,1,2,8.78940576487291,0,"S"
"1110",1110,"SG16",31,85,4.0833246877187,1,2,23.9991380882975,0,"S"
"1111",1111,"SG16",31,84,22.4433665676945,1,6,35.0312780717339,0,"S"
"1112",1112,"SG16",31,87,5.4277042726246,1,2,3.60890983032525,0,"S"
"1113",1113,"SG16",31,83,19.9572936726113,1,8,6.37023322980212e-08,0,"S"
"1114",1114,"SG16",32,86,15.1688349309028,1,3,9.23791389225454,0,"S"
"1115",1115,"SG16",32,83,8.91745233354765,1,9,1.47710945957584,0,"S"
"1116",1116,"SG16",32,85,14.423315468772,1,3,24.4064220126102,0,"S"
"1117",1117,"SG16",32,84,15.870568766808,1,7,37.1473714725637,0,"S"
"1118",1118,"SG16",32,90,3.77203121083864,1,1,11.2797018080797,0,"S"
"1119",1119,"SG16",32,89,4.58388478378154,1,1,7.35681182298014,0,"S"
"1120",1120,"SG16",32,87,9.81343792810586,1,3,3.17239592785916,0,"S"
"1121",1121,"SG16",32,91,2.56484587672265,0,1,8.92596817296103,0,"S"
"1122",1122,"SG16",32,88,4.75847383530931,1,1,-0.0236609564116463,1,"S"
"1123",1123,"SG16",33,87,12.2176776688456,0,4,3.4168214484805,0,"S"
"1124",1124,"SG16",33,85,14.4959845267348,1,4,24.5365145906257,0,"S"
"1125",1125,"SG16",33,84,23.377666036466,1,8,36.7548148531818,0,"S"
"1126",1126,"SG16",33,86,22.4457659042246,1,4,8.01554614436041,0,"S"
"1127",1127,"SG16",33,83,12.5006787553829,1,10,1.3597208627185,0,"S"
"1128",1128,"SG16",33,93,0.25048851966858,0,1,18.988037109375,0,"S"
"1129",1129,"SG16",33,89,26.0433133739694,1,2,6.62477668529522,0,"S"
"1130",1130,"SG16",33,90,0.25048851966858,0,2,13.17138671875,0,"S"
"1131",1131,"SG16",33,88,8.16822273620665,1,2,-1.28452541048318e-07,1,"S"
"1132",1132,"SG16",33,92,7.14365441653614,0,1,-0.0838594832670764,1,"S"
"1133",1133,"SG17",23,227,2.15823258273933,0,1,6.67742431738063,0,"S"
"1134",1134,"SG17",23,228,1.67249927845987,0,1,14.9606095501163,0,"S"
"1135",1135,"SG17",23,226,2.04008046619769,1,1,4.09016780432295,0,"S"
"1136",1136,"SG17",23,229,0.25048851966858,0,1,31.610107421875,0,"S"
"1137",1137,"SG17",24,230,2.41784581268635,1,1,22.8540135963356,0,"S"
"1138",1138,"SG17",24,233,0.25048851966858,1,1,38.909912109375,0,"S"
"1139",1139,"SG17",24,226,2.79112333638474,0,2,4.48907224317571,0,"S"
"1140",1140,"SG17",24,232,1.29533777480613,0,1,27.2105255718929,0,"S"
"1141",1141,"SG17",24,231,7.56534152133995,0,1,28.1271599344447,0,"S"
"1142",1142,"SG17",25,230,0.250488519668579,0,2,25.2685546875,0,"S"
"1143",1143,"SG17",25,233,2.40842082879134,1,2,33.2035931002714,0,"S"
"1144",1144,"SG17",26,233,7.28162606557391,1,3,32.5493473451806,0,"S"
"1145",1145,"SG17",27,233,6.87815684726597,0,4,32.1609670402025,0,"S"
"1146",1146,"SG17",27,234,7.74405320147483,1,1,4.0141710703109,0,"S"
"1147",1147,"SG17",27,235,3.40655897910643,0,1,14.3180148718827,0,"S"
"1148",1148,"SG17",28,238,0.25048851966858,0,1,32.110595703125,0,"S"
"1149",1149,"SG17",28,239,0.25048851966858,0,1,15.33203125,0,"S"
"1150",1150,"SG17",28,237,0.24743378162384,1,1,40.972900390625,0,"S"
"1151",1151,"SG17",28,236,6.99795169991557,1,1,40.5375467421043,0,"S"
"1152",1152,"SG17",28,234,11.0275862235909,1,2,1.91473087756184,0,"S"
"1153",1153,"SG17",29,240,0.25048851966858,1,1,2.508544921875,1,"S"
"1154",1154,"SG17",29,234,22.8260858335403,1,3,2.41864276926632,0,"S"
"1155",1155,"SG17",29,236,15.1914592870052,1,2,39.1151503296652,0,"S"
"1156",1156,"SG17",29,237,0.25048851966858,0,2,38.427734375,0,"S"
"1157",1157,"SG17",30,234,21.701896958474,1,4,1.75627499569851,0,"S"
"1158",1158,"SG17",30,243,0.2596527338028,0,1,12.548828125,0,"S"
"1159",1159,"SG17",30,242,0.23826956748962,0,1,10.491943359375,0,"S"
"1160",1160,"SG17",30,246,0.25048851966858,0,1,30.548095703125,0,"S"
"1161",1161,"SG17",30,247,0.25048851966858,0,1,26.11083984375,0,"S"
"1162",1162,"SG17",30,240,0.25048851966858,1,2,2.130126953125,1,"S"
"1163",1163,"SG17",30,236,14.7859546075685,1,3,37.5537687144485,0,"S"
"1164",1164,"SG17",30,241,3.53050149683851,1,1,8.52183289295519,0,"S"
"1165",1165,"SG17",30,244,0.25048851966858,0,1,14.17236328125,0,"S"
"1166",1166,"SG17",30,245,0.25048851966858,0,1,36.26708984375,0,"S"
"1167",1167,"SG17",31,241,6.57657492491393,1,2,6.34983202832424,0,"S"
"1168",1168,"SG17",31,234,28.7496892973599,1,5,1.39953222287838,0,"S"
"1169",1169,"SG17",31,236,34.3219541185904,1,4,35.7476775708561,0,"S"
"1170",1170,"SG17",31,240,4.8662625948523,1,3,0.346982694735823,1,"S"
"1171",1171,"SG17",32,248,0.25048851966858,0,1,17.68798828125,0,"S"
"1172",1172,"SG17",32,241,8.51730104894128,1,3,7.0083545981633,0,"S"
"1173",1173,"SG17",32,240,10.7028636898745,1,4,1.27445210065436,1,"S"
"1174",1174,"SG17",32,236,28.6782565479102,1,5,35.6086336645784,0,"S"
"1175",1175,"SG17",32,250,0.25048851966858,0,1,20.5078125,0,"S"
"1176",1176,"SG17",32,251,0.25048851966858,0,1,9.490966796875,0,"S"
"1177",1177,"SG17",32,249,0.25048851966858,0,1,20.751953125,0,"S"
"1178",1178,"SG17",32,234,17.0917806930124,1,6,0.378213665627772,0,"S"
"1179",1179,"SG17",33,236,23.8281485580601,1,6,36.3157406438773,0,"S"
"1180",1180,"SG17",33,241,10.6343176117734,1,4,6.89665934883708,0,"S"
"1181",1181,"SG17",33,234,19.8643772455938,1,7,0.4157999708475,0,"S"
"1182",1182,"SG17",33,240,11.9795220635786,1,5,1.66903049991871,0,"S"
"1183",1183,"SG19",31,107,2.33379321922948,1,1,6.69201796199559e-08,1,"S"
"1184",1184,"SG19",32,107,6.81062393398511,1,2,-2.04024843242223e-07,1,"S"
"1185",1185,"SG19",33,108,7.53549089039968,1,1,-0.014955110378196,1,"S"
"1186",1186,"SG19",33,107,22.1533254861992,1,3,1.97949105995576e-07,1,"S"
"1187",1187,"SG20",31,60,4.48602967131176,1,1,4.29687269912972,0,"S"
"1188",1188,"SG20",31,59,10.1535644800321,1,1,8.07790638133167,0,"S"
"1189",1189,"SG3",27,34,3.35198448334099,1,1,-0.0132216615947414,1,"S"
"1190",1190,"SG3",28,34,4.95275109523042,1,2,-0.0337534866315536,1,"S"
"1191",1191,"SG3",29,34,12.7281587652232,1,3,-2.5911489842656e-08,1,"S"
"1192",1192,"SG3",30,34,22.9392790600155,1,4,-0.0133291682744101,0,"S"
"1193",1193,"SG3",31,34,29.3309099551107,1,5,-0.00526412456807179,0,"S"
"1194",1194,"SG3",32,34,0.51014125347138,1,6,1.031494140625,0,"S"
"1195",1195,"SG3",33,34,8.08995645704583,0,7,0.503896560041454,1,"S"
"1196",1196,"SG6",26,26,2.30170526012701,1,1,18.975878930989,0,"S"
"1197",1197,"SG6",27,26,4.30386211075046,0,2,18.7145361120292,0,"S"
"1198",1198,"SG8",23,65,1.62198305937408,0,1,0.33773856531603,1,"S"
"1199",1199,"SG8",23,64,3.02422671433158,1,1,0.165125840833269,1,"S"
"1200",1200,"SG8",23,66,4.52795973361323,1,1,0.294585161732186,1,"S"
"1201",1201,"SG8",24,66,0.56771420737092,1,2,0.64306690533391,1,"S"
"1202",1202,"SG8",24,64,3.34502851094655,1,2,0.315093029422925,1,"S"
"1203",1203,"SG8",25,66,2.18037938428856,1,3,0.94386132720858,1,"S"
"1204",1204,"SG8",25,64,8.4280527120145,1,3,-0.0999344800654001,1,"S"
"1205",1205,"SG8",26,64,14.8724454319493,1,4,-0.0701167246451035,1,"S"
"1206",1206,"SG8",26,66,2.40892649356901,1,4,0.460371148950571,1,"S"
"1207",1207,"SG8",27,64,28.7627472273116,1,5,2.09303593123877e-07,1,"S"
"1208",1208,"SG8",27,67,9.44639197983565,0,1,14.7198308812039,0,"S"
"1209",1209,"SG8",27,66,8.19900949666589,1,5,-0.00465371998279807,1,"S"
"1210",1210,"SG8",27,69,0.25048851966858,0,1,5.65185546875,0,"S"
"1211",1211,"SG8",27,68,0.25048851966858,0,1,31.109619140625,0,"S"
"1212",1212,"SG8",28,66,5.68613700942712,1,6,5.64232038868795e-09,1,"S"
"1213",1213,"SG8",28,64,6.98660640309164,1,6,5.64232038868795e-09,1,"S"
"1214",1214,"SG8",28,70,0.25048851966858,0,1,2.008056640625,1,"S"
"1215",1215,"SG8",28,71,0.24132430553436,0,1,12.451171875,0,"S"
"1216",1216,"SG8",29,64,19.2152469267306,1,7,-0.02044477525925,1,"S"
"1217",1217,"SG8",29,66,3.89321703172207,1,7,3.39796599746478e-08,1,"S"
"1218",1218,"SG8",29,72,5.62332977406053,0,1,14.2880959649296,0,"S"
"1219",1219,"SG8",29,73,0.25048851966858,1,1,22.930908203125,0,"S"
"1220",1220,"SG8",30,64,8.38188695855894,1,8,-0.065499091258431,1,"S"
"1221",1221,"SG8",30,73,2.60523348127165,0,2,22.9915606560994,0,"S"
"1222",1222,"SG8",30,66,6.14063116354402,1,8,-1.5320513568895e-07,1,"S"
"1223",1223,"SG8",31,66,5.22954649809673,1,9,1.91194331478073e-07,1,"S"
"1224",1224,"SG8",31,74,2.24028278817294,0,1,6.26301862729078,0,"S"
"1225",1225,"SG8",31,64,6.36507200845198,0,9,1.91194331478073e-07,1,"S"
"1226",1226,"SG8",32,75,9.23797337465754,1,1,12.0739187721914,0,"S"
"1227",1227,"SG8",32,76,0.25048851966858,0,1,3.02734375,1,"S"
"1228",1228,"SG8",32,66,0.25048851966858,0,10,-0.01220703125,1,"S"
"1229",1229,"SG8",32,77,0.25048851966858,0,1,21.307373046875,0,"S"
"1230",1230,"SG8",33,75,6.18868517399161,1,2,10.2195505565311,0,"S"
"1231",1231,"SG9",25,124,0.25048851966858,1,1,3.509521484375,1,"S"
"1232",1232,"SG9",25,123,1.26583602774578,1,1,3.98654260098108,0,"S"
"1233",1233,"SG9",25,122,0.66610251672689,0,1,-0.09681673460382,1,"S"
"1234",1234,"SG9",26,124,2.6266138614326,1,2,3.98117335656008,0,"S"
"1235",1235,"SG9",27,127,0.25048851966858,1,1,2.6123046875,1,"S"
"1236",1236,"SG9",27,126,0.24743378162384,0,1,10.552978515625,0,"S"
"1237",1237,"SG9",27,124,4.69489679053409,1,3,3.02864943459704,0,"S"
"1238",1238,"SG9",27,128,0.25048851966858,0,1,36.4501953125,0,"S"
"1239",1239,"SG9",27,123,7.40045597250197,1,3,3.18938440609419,0,"S"
"1240",1240,"SG9",27,125,0.2596527338028,0,1,1.9287109375,1,"S"
"1241",1241,"SG9",27,129,0.25048851966858,1,1,5.2490234375,0,"S"
"1242",1242,"SG9",28,123,6.73391354479592,1,4,3.0862876795395,0,"S"
"1243",1243,"SG9",28,127,0.25048851966858,1,2,2.508544921875,1,"S"
"1244",1244,"SG9",28,124,4.40408437193378,1,4,2.92686390590153,0,"S"
"1245",1245,"SG9",28,130,0.25048851966858,0,1,33.75244140625,0,"S"
"1246",1246,"SG9",29,131,2.05149131249592,1,1,-0.0612219324206791,1,"S"
"1247",1247,"SG9",29,123,13.9571108440924,1,5,2.41074820215144,0,"S"
"1248",1248,"SG9",29,124,9.70339684790719,1,5,1.91394614501867,0,"S"
"1249",1249,"SG9",29,127,0.25048851966858,1,3,2.99072265625,1,"S"
"1250",1250,"SG9",30,124,11.6981416887774,1,6,2.87972917832387,0,"S"
"1251",1251,"SG9",30,141,0.25048851966858,1,1,-0.01220703125,1,"S"
"1252",1252,"SG9",30,123,16.9502461581994,1,6,3.63659734222861,0,"S"
"1253",1253,"SG9",30,140,0.25048851966858,0,1,12.188720703125,0,"S"
"1254",1254,"SG9",30,132,2.04151198954533,1,1,9.92571256806311,0,"S"
"1255",1255,"SG9",30,133,2.71540603956846,1,1,-5.50458179038316e-08,1,"S"
"1256",1256,"SG9",30,139,0.25048851966858,1,1,23.968505859375,0,"S"
"1257",1257,"SG9",30,127,2.26117926703014,1,4,3.58253523517978,0,"S"
"1258",1258,"SG9",30,138,0.25048851966858,0,1,27.42919921875,0,"S"
"1259",1259,"SG9",30,131,5.29895705641393,1,2,0.0144379496618967,1,"S"
"1260",1260,"SG9",30,137,0.25048851966858,1,1,21.051025390625,0,"S"
"1261",1261,"SG9",30,136,0.25048851966858,0,1,22.247314453125,0,"S"
"1262",1262,"SG9",30,134,0.25048851966858,0,1,0.390625,1,"S"
"1263",1263,"SG9",30,135,0.25048851966858,1,1,13.1103515625,0,"S"
"1264",1264,"SG9",30,129,0.25048851966858,1,4,2.569580078125,1,"S"
"1265",1265,"SG9",31,132,0.25048851966858,1,2,13.568115234375,0,"S"
"1266",1266,"SG9",31,123,42.6657765746044,1,7,1.36659581812185,0,"S"
"1267",1267,"SG9",31,127,8.53696661590739,1,5,3.9116175149955,0,"S"
"1268",1268,"SG9",31,124,17.9565134948132,1,7,2.01638845926048,0,"S"
"1269",1269,"SG9",31,131,11.2315565899889,1,3,1.8308902838271e-07,1,"S"
"1270",1270,"SG9",31,142,7.61187497640938,0,1,0.135700436685285,1,"S"
"1271",1271,"SG9",31,141,3.25866317139355,1,2,-0.00707787395054993,1,"S"
"1272",1272,"SG9",31,135,4.08155969456213,1,2,11.5466768215743,0,"S"
"1273",1273,"SG9",31,133,7.87869866664588,1,2,0.826229810820994,1,"S"
"1274",1274,"SG9",31,139,7.3127924656292,1,2,20.9820804730629,0,"S"
"1275",1275,"SG9",32,132,0.25048851966858,1,3,11.4501953125,0,"S"
"1276",1276,"SG9",32,131,16.637891085373,1,4,2.18045158817404e-07,1,"S"
"1277",1277,"SG9",32,147,0.25048851966858,0,1,-0.01220703125,1,"S"
"1278",1278,"SG9",32,135,8.14016186618266,1,3,11.5057116005786,0,"S"
"1279",1279,"SG9",32,137,6.9600617737624,1,3,19.7982901387346,0,"S"
"1280",1280,"SG9",32,127,6.37758178654482,1,6,4.16387430998991,0,"S"
"1281",1281,"SG9",32,129,0.25048851966858,1,6,6.488037109375,0,"S"
"1282",1282,"SG9",32,133,4.06759050347502,1,3,0.870414633077776,1,"S"
"1283",1283,"SG9",32,124,27.570626800396,1,8,2.05111499333735,0,"S"
"1284",1284,"SG9",32,146,0.25048851966858,1,1,19.59228515625,0,"S"
"1285",1285,"SG9",32,145,0.24743378162384,0,1,24.67041015625,0,"S"
"1286",1286,"SG9",32,139,16.5298216721817,1,3,21.8554351617445,0,"S"
"1287",1287,"SG9",32,144,0.25048851966858,0,1,19.232177734375,0,"S"
"1288",1288,"SG9",32,123,30.5264075750688,1,8,0.836279276114766,0,"S"
"1289",1289,"SG9",32,143,0.25048851966858,0,1,9.490966796875,0,"S"
"1290",1290,"SG9",32,141,7.99479523605539,1,3,-0.0318340986787717,1,"S"
"1291",1291,"SG9",33,151,0.25048851966858,0,1,25.1708984375,0,"S"
"1292",1292,"SG9",33,135,3.75477022710954,1,4,12.3723084929918,0,"S"
"1293",1293,"SG9",33,123,72.9965814849177,1,9,2.19748162442875,0,"S"
"1294",1294,"SG9",33,127,4.6693903431486,1,7,5.50167887309235,0,"S"
"1295",1295,"SG9",33,133,3.30563552300479,1,4,-0.0334319194907978,1,"S"
"1296",1296,"SG9",33,150,0.25048851966858,0,1,7.28759765625,0,"S"
"1297",1297,"SG9",33,153,0.25048851966858,0,1,42.108154296875,0,"S"
"1298",1298,"SG9",33,124,28.6105178182468,1,9,3.19398576843506,0,"S"
"1299",1299,"SG9",33,148,3.26926178903966,0,1,23.9632210407927,0,"S"
"1300",1300,"SG9",33,152,0.25048851966858,0,1,39.48974609375,0,"S"
"1301",1301,"SG9",33,146,1.15806484874192,0,2,20.449233914366,0,"S"
"1302",1302,"SG9",33,149,8.10095086862426,0,1,0.459838012818167,1,"S"
"1303",1303,"SG9",33,131,16.9927373208899,0,5,0.466712018398937,1,"S"
"1304",1304,"SG9",33,139,19.0943116402615,0,4,22.3205567793229,0,"S"
"1305",1305,"SG9",33,129,2.06306037202182,0,7,6.061810997693,0,"S"
"1306",1306,"SG9",33,132,2.07956467764998,0,4,11.0185885414935,0,"S"
"1307",1307,"SG9",33,137,10.3070475371137,0,4,20.1869970120884,0,"S"
"1308",1308,"SG9",33,141,3.23328082454165,0,4,2.8441817789826e-08,1,"S"
"1309",1309,"WD1",21,6,4.89841597640718,1,1,-0.105077707475658,1,"W"
"1310",1310,"WD1",22,7,4.26692696076073,1,1,2.1413659222312,1,"W"
"1311",1311,"WD1",22,6,6.69502535598947,1,2,-0.0346085256843054,1,"W"
"1312",1312,"WD1",22,8,3.36408816117045,0,1,0.819436440263459,1,"W"
"1313",1313,"WD1",23,7,4.51906183233502,0,2,1.27052811511356,1,"W"
"1314",1314,"WD1",23,6,8.72960898645159,1,3,8.08129527740675e-08,1,"W"
"1315",1315,"WD1",24,10,1.8224618848402,0,1,-0.0276456963978831,1,"W"
"1316",1316,"WD1",24,9,2.88497792652028,0,1,1.08257983478669,1,"W"
"1317",1317,"WD1",24,6,6.87408260873939,1,4,-0.0223908936410169,1,"W"
"1318",1318,"WD1",27,6,17.0796919008523,1,7,-0.0192582614931212,1,"W"
"1319",1319,"WD1",28,6,13.2906393873787,1,8,2.03415069677249e-07,1,"W"
"1320",1320,"WD1",29,6,13.5455758429385,1,9,-0.0287606021869351,1,"W"
"1321",1321,"WD1",30,6,23.1021313421751,1,10,-0.0265244033785592,0,"W"
"1322",1322,"WD1",31,6,18.1524016278401,1,11,2.01314804826325e-08,1,"W"
"1323",1323,"WD11",21,81,3.86091552280213,1,1,12.3892420990174,0,"W"
"1324",1324,"WD11",22,81,10.2685997775979,1,2,7.10156543619608,0,"W"
"1325",1325,"WD11",23,81,9.32668250084867,1,3,4.83628230612815,0,"W"
"1326",1326,"WD11",24,82,2.3247201811563,0,1,8.40532338175493e-08,1,"W"
"1327",1327,"WD11",24,84,5.73001063491498,0,1,0.320748801486051,1,"W"
"1328",1328,"WD11",24,85,6.02889805375274,0,1,12.901503950322,0,"W"
"1329",1329,"WD11",24,81,4.3275253205479,1,4,5.89656887206777,0,"W"
"1330",1330,"WD11",24,83,0.521142296046097,0,1,0.463706741947092,1,"W"
"1331",1331,"WD11",24,86,3.78849873337922,0,1,1.8937509884218,0,"W"
"1332",1332,"WD11",27,81,17.6968320835762,1,7,3.34800973516663,0,"W"
"1333",1333,"WD11",28,81,11.7294448061282,1,8,4.28976953664038,0,"W"
"1334",1334,"WD11",29,81,13.4194261185887,1,9,2.53299273108911,0,"W"
"1335",1335,"WD11",30,81,12.1456322789463,1,10,3.47024071001289,0,"W"
"1336",1336,"WD11",31,81,14.9098812536857,1,11,3.159971967448,0,"W"
"1337",1337,"WD11",32,81,19.2866117854049,1,12,3.94801941224461,0,"W"
"1338",1338,"WD15",24,83,0.250488519668579,0,1,26.849365234375,0,"W"
"1339",1339,"WD15",24,82,0.250488519668579,0,1,38.48876953125,0,"W"
"1340",1340,"WD17",22,99,2.00565328323567,0,1,4.5811094425927,0,"W"
"1341",1341,"WD19",21,56,2.90442045469128,1,1,3.3354228382435,0,"W"
"1342",1342,"WD19",21,58,2.82994754779435,0,1,5.61999401200642,0,"W"
"1343",1343,"WD19",21,57,1.84939568467359,0,1,9.08623920973162,0,"W"
"1344",1344,"WD19",22,62,3.21388652821431,0,1,2.41327675784144,1,"W"
"1345",1345,"WD19",22,60,4.00902694286491,0,1,10.4151604614936,0,"W"
"1346",1346,"WD19",22,61,3.69954037901328,0,1,16.7506348180029,0,"W"
"1347",1347,"WD19",22,59,8.25135595570174,0,1,35.3966520034691,0,"W"
"1348",1348,"WD19",22,56,13.0983739066102,0,2,1.53502112629913,0,"W"
"1349",1349,"WD19",23,63,5.03095759785369,0,1,4.88005194534481,0,"W"
"1350",1350,"WD19",23,64,0.259652733802795,0,1,9.72900390625,0,"W"
"1351",1351,"WD19",23,65,0.250488519668579,0,1,14.208984375,0,"W"
"1352",1352,"WD19",28,66,4.16767579823611,1,1,1.62299704559793,1,"W"
"1353",1353,"WD19",28,67,0.25048851966858,0,1,22.991943359375,0,"W"
"1354",1354,"WD19",29,66,6.16917804709605,1,2,1.13211779803528,1,"W"
"1355",1355,"WD19",32,66,23.8805632547296,1,5,0.664189895691028,0,"W"
"1356",1356,"WD19",32,68,10.2098239679097,1,3,3.78987334775336,0,"W"
"1357",1357,"WD19",32,69,11.8674078995593,1,3,13.3492665651599,0,"W"
"1358",1358,"WD25",21,20,3.92004857948763,1,1,4.63439473314549,0,"W"
"1359",1359,"WD25",21,19,4.63268431770934,1,1,9.63198599742073,0,"W"
"1360",1360,"WD25",24,20,5.91503104022442,0,4,3.84149425561277,0,"W"
"1361",1361,"WD25",24,24,9.72750987846235,1,3,9.46867620201358,0,"W"
"1362",1362,"WD25",27,24,32.7611326800344,1,6,8.22595216170889,0,"W"
"1363",1363,"WD25",28,24,15.2484581026817,1,7,6.94064329630596,0,"W"
"1364",1364,"WD25",30,24,0.25048851966858,1,9,6.610107421875,0,"W"
"1365",1365,"WD25",31,24,6.44849672885206,1,10,5.65461303728343,0,"W"
"1366",1366,"WD5",20,53,30.3174325160459,1,3,17.892982036532,0,"W"
"1367",1367,"WD5",20,54,8.39008652401818,1,3,10.5955412736597,0,"W"
"1368",1368,"WD5",21,54,13.3669192134413,1,4,10.6594909402402,0,"W"
"1369",1369,"WD5",21,64,2.73312850115875,1,1,24.2706190204,0,"W"
"1370",1370,"WD5",21,53,28.5874598618405,1,4,17.5178121184782,0,"W"
"1371",1371,"WD5",22,53,18.0933257648922,1,5,17.1145334826296,0,"W"
"1372",1372,"WD5",22,64,4.93723626263678,0,2,23.7896500204583,0,"W"
"1373",1373,"WD5",22,54,20.3894887691138,1,5,6.4403613581,0,"W"
"1374",1374,"WD5",24,54,2.62656027049832,1,7,8.95814146646542,0,"W"
"1375",1375,"WD5",24,53,5.58994012080774,0,7,24.1266611549053,0,"W"
"1376",1376,"WD5",27,54,17.2363938741932,1,10,5.32806795637977,0,"W"
"1377",1377,"WD5",28,54,6.75370749852901,1,11,5.84515460161901,0,"W"
"1378",1378,"WD5",28,67,3.7022887232986,1,1,30.5234428895264,0,"W"
"1379",1379,"WD5",28,66,3.65231671675916,0,1,13.7171685187998,0,"W"
"1380",1380,"WD5",29,54,2.8475577493825,1,12,6.53635667677195,0,"W"
"1381",1381,"WD5",29,67,3.59455548252251,1,2,30.0404256334904,0,"W"
"1382",1382,"WD5",30,54,8.92720403329189,1,13,5.20361726983678,0,"W"
"1383",1383,"WD5",30,67,10.1553938183231,0,3,30.3069863823099,0,"W"
"1384",1384,"WD5",31,54,16.262413315971,1,14,3.13971620543239,0,"W"
"1385",1385,"WD9",21,60,0.25048851966858,1,1,6.591796875,0,"W"
"1386",1386,"WD9",22,60,5.1305446305716,1,2,5.07611612783987,0,"W"
"1387",1387,"WD9",22,61,1.49750609853417,1,1,21.4718554345849,0,"W"
"1388",1388,"WD9",23,60,9.40828547382545,1,3,6.39429934090003,0,"W"
"1389",1389,"WD9",23,61,3.50933062236633,1,2,21.0352506041271,0,"W"
"1390",1390,"WD9",23,62,3.27119825557061,0,1,5.09724909066679,0,"W"
"1391",1391,"WD9",24,61,4.56971096680653,1,3,20.709943523414,0,"W"
"1392",1392,"WD9",24,60,4.47735383887072,1,4,6.02832390790518,0,"W"
"1393",1393,"WD9",25,61,6.21873303930157,1,4,20.2665161894019,0,"W"
"1394",1394,"WD9",25,60,9.91126361857101,1,5,3.20480653242404,0,"W"
"1395",1395,"WD9",26,60,14.9017341660751,1,6,3.79220359586128,0,"W"
"1396",1396,"WD9",26,61,10.7679830531716,1,5,20.315360832391,0,"W"
"1397",1397,"WD9",27,61,28.92950482944,1,6,19.0275691158663,0,"W"
"1398",1398,"WD9",27,63,7.15204884105839,1,1,6.03977809987555e-08,1,"W"
"1399",1399,"WD9",27,60,28.3025508903138,1,7,2.99449853335345,0,"W"
"1400",1400,"WD9",28,60,18.8407188885121,1,8,2.36161059163544,0,"W"
"1401",1401,"WD9",28,64,3.24918536357242,1,1,10.3290820289655,0,"W"
"1402",1402,"WD9",28,65,0.25659799575806,0,1,0,1,"W"
"1403",1403,"WD9",28,66,0.24743378162384,1,1,5.74951171875,0,"W"
"1404",1404,"WD9",28,61,16.72259446594,1,7,18.6545197104855,0,"W"
"1405",1405,"WD9",28,67,0.25048851966858,1,1,27.508544921875,0,"W"
"1406",1406,"WD9",29,61,40.8393431819453,1,8,18.6932925772299,0,"W"
"1407",1407,"WD9",29,63,2.18100164871277,1,3,-0.0287721916446909,1,"W"
"1408",1408,"WD9",29,64,10.0751216835382,1,2,9.78041511862989,0,"W"
"1409",1409,"WD9",29,60,41.3924851059144,1,9,1.51585638269748,0,"W"
"1410",1410,"WD9",29,67,9.10083039182017,1,2,26.5290207720526,0,"W"
"1411",1411,"WD9",29,66,4.56516356204002,1,2,4.93738782024157,0,"W"
"1412",1412,"WD9",30,60,29.750496050531,1,10,0.794891788039084,0,"W"
"1413",1413,"WD9",30,61,44.5845204712794,1,9,18.8738892655873,0,"W"
"1414",1414,"WD9",30,64,16.5911038720088,1,3,10.5006513700181,0,"W"
"1415",1415,"WD9",30,66,8.77061351880455,1,3,5.0023397389382,0,"W"
"1416",1416,"WD9",30,67,12.811448273845,1,3,27.2054691549275,0,"W"
"1417",1417,"WD9",30,63,4.136064930673,1,4,-0.0307657004514267,1,"W"
"1418",1418,"WD9",30,68,6.85475298230582,1,1,39.1196282365105,0,"W"
"1419",1419,"WD9",31,60,12.5972554240584,1,11,0.794465555723614,0,"W"
"1420",1420,"WD9",31,61,57.7479217492213,1,10,16.621866174271,0,"W"
"1421",1421,"WD9",31,63,10.0948093989137,1,5,7.16517123411364e-09,1,"W"
"1422",1422,"WD9",31,64,18.5553297157263,1,4,8.51907540632559,0,"W"
"1423",1423,"WD9",31,66,12.5063193059846,1,4,5.4002622681061,0,"W"
"1424",1424,"WD9",31,67,7.30482309744645,1,4,27.6672496693695,0,"W"
"1425",1425,"WD9",31,68,4.60216051645839,1,2,37.1187856284692,0,"W"
"1426",1426,"WD9",31,69,3.68014673021685,1,1,14.3764737354491,0,"W"
"1427",1427,"WD9",31,70,2.85450008454381,1,1,7.16517123411364e-09,1,"W"
"1428",1428,"WD9",32,60,13.4426494948048,1,12,0.531232564902154,0,"W"
"1429",1429,"WD9",32,61,44.4331383778122,1,11,16.3988707608743,0,"W"
"1430",1430,"WD9",32,63,8.91343051380345,1,6,-1.72383238239426e-07,1,"W"
"1431",1431,"WD9",32,66,10.5171323290329,1,5,2.79205757614651,0,"W"
"1432",1432,"WD9",32,67,6.99722979828004,1,5,23.712158203125,0,"W"
"1433",1433,"WD9",32,68,3.85628219890312,1,3,37.4627481969958,0,"W"
"1434",1434,"WD9",32,69,7.55568361107899,1,2,14.4319335356113,0,"W"
"1435",1435,"WD9",32,70,6.40780908383581,1,2,-0.0184877507492159,1,"W"
"1436",1436,"WD9",32,71,0.25048851966858,1,1,0.2685546875,1,"W"
"1437",1437,"WD9",32,72,0.25048851966858,0,1,3.74755859375,1,"W"
"1438",1438,"WD9",32,73,0.25048851966858,0,1,6.591796875,0,"W"
"1439",1439,"WD9",32,74,0.25048851966858,1,1,18.988037109375,0,"W"
"1440",1440,"WD9",32,64,19.7389055618648,1,5,9.4955127489149,0,"W"
"1441",1441,"WD9",33,61,57.1053282730112,1,12,16.1708013603179,0,"W"
"1442",1442,"WD9",33,64,17.5003592850949,1,6,9.64487568148753,0,"W"
"1443",1443,"WD9",33,66,11.0294513681139,1,6,2.6908909498657,0,"W"
"1444",1444,"WD9",33,60,11.237409409004,1,13,0.116250063075762,0,"W"
"1445",1445,"WD9",33,68,7.15860243861187,0,4,36.6138588700586,0,"W"
"1446",1446,"WD9",33,69,7.31426002810605,0,3,13.7959057471354,0,"W"
"1447",1447,"WD9",33,70,9.50159576193369,0,3,1.0538059314058e-07,1,"W"
"1448",1448,"WD9",33,71,0.78668400935384,0,2,0.608730496630017,1,"W"
"1449",1449,"WD9",33,74,1.68834952800217,0,2,17.9694528755086,0,"W"
"1450",1450,"WD9",33,75,0.25048851966858,0,1,32.550048828125,0,"W"
"1451",1451,"WD9",33,67,23.3287180910663,1,6,29.4358292121193,0,"W"
"1452",1452,"WD9",34,60,5.41668431824443,1,14,0.941070184257606,0,"W"
"1453",1453,"WD9",34,61,21.6849859582914,1,13,17.1326553538805,0,"W"
"1454",1454,"WD9",34,66,10.2110028340709,1,7,4.61414916928905,0,"W"
"1455",1455,"WD9",34,76,0.67569683008526,1,1,-1.44861447837208e-07,1,"W"
"1456",1456,"WD9",34,77,0.24743378162384,0,1,48.992919921875,0,"W"
"1457",1457,"WD9",34,64,6.12278658075321,0,7,8.8877662431205,0,"W"
