"","quad","year","trackID","area","survives","age","distEdgeMin","allEdge","seedling","QuadName","Grazing","Group"
"1","Q1",32,7,21.3694819407106,1,1,5.85136751299147,0,0,"E1 Q1","no","E1"
"2","Q1",32,6,134.922737423481,1,1,11.6781230081257,0,0,"E1 Q1","no","E1"
"3","Q1",32,8,9.5969245316791,0,1,9.16895714908605e-09,1,0,"E1 Q1","no","E1"
"4","Q1",33,9,55.464623148229,1,1,1.40410572058158e-08,0,0,"E1 Q1","no","E1"
"5","Q1",34,15,0.25,0,1,39.9942558502892,0,1,"E1 Q1","no","E1"
"6","Q1",34,12,0.25,0,1,7.5185253512938,0,1,"E1 Q1","no","E1"
"7","Q1",34,14,0.25,0,1,36.6830480347055,0,1,"E1 Q1","no","E1"
"8","Q1",34,13,0.25,0,1,0.699594094943194,1,1,"E1 Q1","no","E1"
"9","Q1",34,16,0.25,0,1,4.6283097236021,0,1,"E1 Q1","no","E1"
"10","Q1",34,10,17.6934656188817,1,1,0.00537925228796254,1,0,"E1 Q1","no","E1"
"11","Q1",34,11,10.9946956446939,1,1,-7.08493264056642e-09,0,0,"E1 Q1","no","E1"
"12","Q1",41,19,0.25,0,1,16.5306222346871,0,1,"E1 Q1","no","E1"
"13","Q1",41,17,0.25,0,1,30.8945097480644,0,1,"E1 Q1","no","E1"
"14","Q1",41,20,0.25,0,1,3.7105737852474,1,1,"E1 Q1","no","E1"
"15","Q1",41,18,0.25,0,1,5.60172769325861,0,1,"E1 Q1","no","E1"
"16","Q1",45,24,0.25,0,1,18.9667417682058,0,1,"E1 Q1","no","E1"
"17","Q1",49,26,58.1158094234377,1,1,-1.79969872338148e-08,0,0,"E1 Q1","no","E1"
"18","Q1",49,27,14.7988599837709,1,1,1.12578057986923e-08,0,0,"E1 Q1","no","E1"
"19","Q1",51,29,0.25,0,1,26.4483339626736,0,1,"E1 Q1","no","E1"
"20","Q1",51,30,0.25,0,1,28.8739964649328,0,1,"E1 Q1","no","E1"
"21","Q1",51,28,0.25,0,1,30.0288339660082,0,1,"E1 Q1","no","E1"
"22","Q1",55,31,78.0954030756159,0,1,0.00334016695948125,0,0,"E1 Q1","no","E1"
"23","Q10",33,8,0.25,1,1,4.8596425363176,0,0,"P1 E1 Q4","no","P1E1"
"24","Q10",33,9,0.25,0,1,4.89717847385251,0,0,"P1 E1 Q4","no","P1E1"
"25","Q10",34,16,0.25,0,1,18.5577581740749,0,0,"P1 E1 Q4","no","P1E1"
"26","Q10",34,11,0.25,0,1,16.6602948910578,0,1,"P1 E1 Q4","no","P1E1"
"27","Q10",34,15,0.25,0,1,21.0659214576609,0,0,"P1 E1 Q4","no","P1E1"
"28","Q10",34,10,0.25,0,1,7.1032605071571,0,1,"P1 E1 Q4","no","P1E1"
"29","Q10",34,13,0.25,0,1,28.2135902143177,0,1,"P1 E1 Q4","no","P1E1"
"30","Q10",34,17,0.25,0,1,2.2311659713697,1,1,"P1 E1 Q4","no","P1E1"
"31","Q10",34,12,0.25,0,1,9.7159167595903,0,1,"P1 E1 Q4","no","P1E1"
"32","Q10",34,14,0.25,0,1,12.1431417618508,0,1,"P1 E1 Q4","no","P1E1"
"33","Q10",35,18,0.600557255101,1,1,1.54910821947851e-08,1,0,"P1 E1 Q4","no","P1E1"
"34","Q10",35,19,0.25,1,1,10.2400995725786,0,1,"P1 E1 Q4","no","P1E1"
"35","Q10",36,20,0.25,0,1,14.3945480139477,0,1,"P1 E1 Q4","no","P1E1"
"36","Q10",36,21,0.25,0,1,14.090952701165,0,1,"P1 E1 Q4","no","P1E1"
"37","Q10",37,22,0.25,0,1,4.1150808168741,1,1,"P1 E1 Q4","no","P1E1"
"38","Q10",37,25,0.25,0,1,13.9478394197817,0,1,"P1 E1 Q4","no","P1E1"
"39","Q10",37,24,0.25,0,1,0.271208938294308,1,1,"P1 E1 Q4","no","P1E1"
"40","Q10",37,23,0.25,0,1,28.1463284955051,0,1,"P1 E1 Q4","no","P1E1"
"41","Q10",38,26,0.25,0,1,29.2380863090218,0,1,"P1 E1 Q4","no","P1E1"
"42","Q10",41,31,0.25,0,1,24.1779816168093,0,1,"P1 E1 Q4","no","P1E1"
"43","Q10",41,32,0.25,0,1,33.4805839692228,0,1,"P1 E1 Q4","no","P1E1"
"44","Q10",41,30,0.25,0,1,3.7792839415614,1,0,"P1 E1 Q4","no","P1E1"
"45","Q10",41,33,0.25,0,1,41.6042519455387,0,1,"P1 E1 Q4","no","P1E1"
"46","Q10",41,28,0.25,0,1,22.4402644276909,0,1,"P1 E1 Q4","no","P1E1"
"47","Q10",41,35,0.25,0,1,7.336144882374,0,1,"P1 E1 Q4","no","P1E1"
"48","Q10",41,29,0.25,0,1,30.8568816230294,0,1,"P1 E1 Q4","no","P1E1"
"49","Q10",41,27,0.25,0,1,29.0712722463664,0,1,"P1 E1 Q4","no","P1E1"
"50","Q10",41,34,0.25,0,1,14.2247909825395,0,1,"P1 E1 Q4","no","P1E1"
"51","Q10",51,38,0.25,0,1,22.5433456777868,0,1,"P1 E1 Q4","no","P1E1"
"52","Q11",30,9,21.5135286493471,1,1,0.228158152462981,0,0,"P1 Q1","yes","P1"
"53","Q11",35,10,0.25,0,1,5.96819019359991,0,1,"P1 Q1","yes","P1"
"54","Q11",37,12,0.25,0,1,3.9660870667354,1,1,"P1 Q1","yes","P1"
"55","Q11",37,11,0.25,0,1,1.7748558146947,1,0,"P1 Q1","yes","P1"
"56","Q11",41,13,0.25,0,1,12.8018222312143,0,1,"P1 Q1","yes","P1"
"57","Q11",46,14,0.25,0,1,8.3736456645902,0,1,"P1 Q1","yes","P1"
"58","Q12",33,11,0.25,0,1,10.0229206661263,0,0,"P1 Q2","yes","P1"
"59","Q12",33,12,0.25,0,1,17.9031636422153,0,0,"P1 Q2","yes","P1"
"60","Q12",33,13,0.25,0,1,12.2994097307464,0,0,"P1 Q2","yes","P1"
"61","Q12",34,16,0.25,0,1,35.8494847526791,0,0,"P1 Q2","yes","P1"
"62","Q12",34,15,0.25,0,1,2.12036050251641,1,0,"P1 Q2","yes","P1"
"63","Q12",34,17,0.25,0,1,35.0426417831777,0,0,"P1 Q2","yes","P1"
"64","Q12",34,14,26.3557514157034,0,1,2.44664022375218e-09,1,0,"P1 Q2","yes","P1"
"65","Q12",35,18,0.25,1,1,34.630568345294,0,1,"P1 Q2","yes","P1"
"66","Q12",36,19,0.25,0,1,17.2677527041236,0,1,"P1 Q2","yes","P1"
"67","Q12",37,21,0.25,0,1,20.0091558316766,0,1,"P1 Q2","yes","P1"
"68","Q12",37,20,0.25,0,1,27.8632941202414,0,1,"P1 Q2","yes","P1"
"69","Q12",37,22,0.25,0,1,2.0924198774904,1,1,"P1 Q2","yes","P1"
"70","Q12",38,23,0.25,1,1,2.0458378461971,1,1,"P1 Q2","yes","P1"
"71","Q12",45,25,20.4708569787718,1,1,-6.24243989832962e-09,1,0,"P1 Q2","yes","P1"
"72","Q12",45,26,17.1189145343626,0,1,2.09579695820139e-08,1,0,"P1 Q2","yes","P1"
"73","Q12",46,27,36.9949294780682,1,1,0.229486299999998,0,0,"P1 Q2","yes","P1"
"74","Q12",51,137,0.25,0,1,7.4846394137623,0,1,"P1 Q2","yes","P1"
"75","Q12",51,128,0.25,0,1,17.1273894227428,0,1,"P1 Q2","yes","P1"
"76","Q12",51,175,0.25,0,1,3.082958940913,1,1,"P1 Q2","yes","P1"
"77","Q12",51,50,0.25,1,1,16.6589206723066,0,1,"P1 Q2","yes","P1"
"78","Q12",51,136,0.25,0,1,17.0805948914492,0,1,"P1 Q2","yes","P1"
"79","Q12",51,103,0.25,0,1,5.67166363082382,0,1,"P1 Q2","yes","P1"
"80","Q12",51,130,0.25,0,1,12.4916503559254,0,1,"P1 Q2","yes","P1"
"81","Q12",51,100,0.25,0,1,24.450461304563,0,1,"P1 Q2","yes","P1"
"82","Q12",51,134,0.25,0,1,30.7857886542133,0,1,"P1 Q2","yes","P1"
"83","Q12",51,101,0.25,0,1,20.3714613007641,0,1,"P1 Q2","yes","P1"
"84","Q12",51,129,0.25,0,1,13.4938894193589,0,1,"P1 Q2","yes","P1"
"85","Q12",51,32,0.25,0,1,2.1409769087856,1,1,"P1 Q2","yes","P1"
"86","Q12",51,98,0.25,0,1,30.7000339666333,0,1,"P1 Q2","yes","P1"
"87","Q12",51,64,0.25,0,1,26.1417886498882,0,1,"P1 Q2","yes","P1"
"88","Q12",51,177,0.25,0,1,5.2115386303953,0,1,"P1 Q2","yes","P1"
"89","Q12",51,135,0.25,0,1,28.0122886516301,0,1,"P1 Q2","yes","P1"
"90","Q12",51,169,0.25,0,1,2.5347886279024,1,1,"P1 Q2","yes","P1"
"91","Q12",51,99,0.25,0,1,28.4662113083029,0,1,"P1 Q2","yes","P1"
"92","Q12",51,127,0.25,0,1,21.1586777077472,0,1,"P1 Q2","yes","P1"
"93","Q12",51,168,0.25,0,1,5.3301550367558,0,1,"P1 Q2","yes","P1"
"94","Q12",51,121,0.25,0,1,8.6348894148335,0,1,"P1 Q2","yes","P1"
"95","Q12",51,90,0.25,0,1,45.6877113243417,0,1,"P1 Q2","yes","P1"
"96","Q12",51,119,0.25,0,1,40.1216394441578,0,1,"P1 Q2","yes","P1"
"97","Q12",51,176,0.25,0,1,0.3284308133475,1,1,"P1 Q2","yes","P1"
"98","Q12",51,178,0.25,0,1,0.2127886257398,1,1,"P1 Q2","yes","P1"
"99","Q12",51,28,0.21587478,0,1,0,1,1,"P1 Q2","yes","P1"
"100","Q12",51,29,0.25,0,1,5.8685284747572,0,1,"P1 Q2","yes","P1"
"101","Q12",51,69,0.25,0,1,37.3002886602804,0,1,"P1 Q2","yes","P1"
"102","Q12",51,30,0.25,0,1,1.4382886268812,1,1,"P1 Q2","yes","P1"
"103","Q12",51,102,0.25,0,1,19.7815152064646,0,1,"P1 Q2","yes","P1"
"104","Q12",51,170,0.25,0,1,1.0639753452826,1,1,"P1 Q2","yes","P1"
"105","Q12",51,171,0.25,0,1,4.3265956608212,1,1,"P1 Q2","yes","P1"
"106","Q12",51,174,0.25,0,1,1.0190386264907,1,1,"P1 Q2","yes","P1"
"107","Q12",51,133,0.25,0,1,25.8777292746422,0,1,"P1 Q2","yes","P1"
"108","Q12",51,132,0.25,0,1,8.0126284767541,0,1,"P1 Q2","yes","P1"
"109","Q12",51,60,0.25,1,1,24.0777886479659,0,1,"P1 Q2","yes","P1"
"110","Q12",51,122,0.25,0,1,3.9371394104584,1,1,"P1 Q2","yes","P1"
"111","Q12",51,66,0.25,0,1,29.219020684004,0,1,"P1 Q2","yes","P1"
"112","Q12",51,67,0.25,0,1,29.8650058408557,0,1,"P1 Q2","yes","P1"
"113","Q12",51,126,0.25,0,1,17.3866073917342,0,1,"P1 Q2","yes","P1"
"114","Q12",51,55,0.25,0,1,16.721694109865,0,1,"P1 Q2","yes","P1"
"115","Q12",51,96,0.25,0,1,36.9536800662076,0,1,"P1 Q2","yes","P1"
"116","Q12",51,167,0.25,0,1,2.3319253464634,1,1,"P1 Q2","yes","P1"
"117","Q12",51,72,0.25,0,1,38.9450386618121,0,1,"P1 Q2","yes","P1"
"118","Q12",51,104,0.25,0,1,4.09186284810249,1,1,"P1 Q2","yes","P1"
"119","Q12",51,173,0.25,0,1,0.7768675325152,1,1,"P1 Q2","yes","P1"
"120","Q12",51,159,0.25,0,1,10.2675534788541,0,1,"P1 Q2","yes","P1"
"121","Q12",51,105,0.25,0,1,3.49526519129691,1,1,"P1 Q2","yes","P1"
"122","Q12",51,36,0.25,0,1,5.5662886307257,0,1,"P1 Q2","yes","P1"
"123","Q12",51,63,0.25,0,1,7.97186128921601,0,1,"P1 Q2","yes","P1"
"124","Q12",51,62,0.25,0,1,21.8677003646576,0,1,"P1 Q2","yes","P1"
"125","Q12",51,92,0.25,0,1,24.419361304534,0,1,"P1 Q2","yes","P1"
"126","Q12",51,68,0.25,0,1,33.3012886565559,0,1,"P1 Q2","yes","P1"
"127","Q12",51,97,0.25,0,1,6.00543316238461,0,1,"P1 Q2","yes","P1"
"128","Q12",51,138,0.25,0,1,4.5821394110592,0,1,"P1 Q2","yes","P1"
"129","Q12",51,70,0.25,0,1,38.0729206922498,0,1,"P1 Q2","yes","P1"
"130","Q12",51,56,0.25,0,1,14.6476112954334,0,1,"P1 Q2","yes","P1"
"131","Q12",51,57,0.25,0,1,16.8083612974457,0,1,"P1 Q2","yes","P1"
"132","Q12",51,58,0.25,0,1,20.7559589573722,0,1,"P1 Q2","yes","P1"
"133","Q12",51,172,0.25,0,1,3.5345386288335,1,1,"P1 Q2","yes","P1"
"134","Q12",51,158,0.25,0,1,0.3896394071546,1,1,"P1 Q2","yes","P1"
"135","Q12",51,48,0.25,0,1,19.1757886434005,0,1,"P1 Q2","yes","P1"
"136","Q12",51,160,0.25,0,1,10.2102886350508,0,1,"P1 Q2","yes","P1"
"137","Q12",51,91,0.25,0,1,23.6306527100494,0,1,"P1 Q2","yes","P1"
"138","Q12",51,61,0.25,0,1,19.5721058312696,0,1,"P1 Q2","yes","P1"
"139","Q12",51,65,0.25,0,1,25.9146081809265,0,1,"P1 Q2","yes","P1"
"140","Q12",51,111,0.25,0,1,0.3382909696068,1,1,"P1 Q2","yes","P1"
"141","Q12",51,125,0.25,0,1,26.447639431423,0,1,"P1 Q2","yes","P1"
"142","Q12",51,166,0.25,0,1,9.1461191028097,0,1,"P1 Q2","yes","P1"
"143","Q12",51,71,0.25,0,1,38.2677886611813,0,1,"P1 Q2","yes","P1"
"144","Q12",51,141,0.25,0,1,25.174288648987,0,1,"P1 Q2","yes","P1"
"145","Q12",51,73,0.25,0,1,43.7180386662572,0,1,"P1 Q2","yes","P1"
"146","Q12",51,74,0.25,0,1,44.1379878853983,0,1,"P1 Q2","yes","P1"
"147","Q12",51,131,0.25,0,1,9.3658894155144,0,1,"P1 Q2","yes","P1"
"148","Q12",51,59,0.25,0,1,20.9139706762694,0,1,"P1 Q2","yes","P1"
"149","Q12",51,106,0.25,0,1,9.967889416075,0,1,"P1 Q2","yes","P1"
"150","Q12",51,107,0.25,0,1,7.0023011320631,0,1,"P1 Q2","yes","P1"
"151","Q12",51,108,0.25,0,1,0.4218894071846,1,1,"P1 Q2","yes","P1"
"152","Q12",51,110,0.25,0,1,18.256139423794,0,1,"P1 Q2","yes","P1"
"153","Q12",51,123,0.25,0,1,0.4141440946774,1,1,"P1 Q2","yes","P1"
"154","Q12",51,81,0.25,0,1,43.3069628846245,0,1,"P1 Q2","yes","P1"
"155","Q12",51,113,0.25,0,1,32.8653894374,0,1,"P1 Q2","yes","P1"
"156","Q12",51,95,0.25,0,1,18.7302581742357,0,0,"P1 Q2","yes","P1"
"157","Q12",51,139,0.25,0,1,2.0262206586788,1,1,"P1 Q2","yes","P1"
"158","Q12",51,31,0.25,0,1,6.2112886313264,0,1,"P1 Q2","yes","P1"
"159","Q12",51,47,0.25,0,1,12.3387886370331,0,1,"P1 Q2","yes","P1"
"160","Q12",51,33,0.25,0,1,7.6302886326479,0,1,"P1 Q2","yes","P1"
"161","Q12",51,34,0.25,0,1,2.5025386278723,1,1,"P1 Q2","yes","P1"
"162","Q12",51,117,0.25,0,1,18.9978894244849,0,1,"P1 Q2","yes","P1"
"163","Q12",51,49,0.25,0,1,17.6690691107473,0,1,"P1 Q2","yes","P1"
"164","Q12",51,118,0.25,0,1,3.269883159837,1,1,"P1 Q2","yes","P1"
"165","Q12",51,51,0.25,0,1,15.0907886395962,0,1,"P1 Q2","yes","P1"
"166","Q12",51,39,0.25,0,1,7.5657886325879,0,1,"P1 Q2","yes","P1"
"167","Q12",51,124,0.25,0,1,32.5428894370996,0,1,"P1 Q2","yes","P1"
"168","Q12",51,54,0.25,0,1,15.0713003583279,0,1,"P1 Q2","yes","P1"
"169","Q12",51,94,0.25,0,1,31.6656167800327,0,1,"P1 Q2","yes","P1"
"170","Q12",51,165,0.25,0,1,8.7183206649113,0,1,"P1 Q2","yes","P1"
"171","Q12",51,46,0.25,0,1,11.4357886361921,0,1,"P1 Q2","yes","P1"
"172","Q12",51,140,0.25,0,1,0.4541394072147,1,1,"P1 Q2","yes","P1"
"173","Q12",51,87,0.25,0,1,45.8621394495042,0,1,"P1 Q2","yes","P1"
"174","Q12",51,116,0.25,0,1,21.1586394264972,0,1,"P1 Q2","yes","P1"
"175","Q12",51,142,0.25,0,1,24.1221167730071,0,1,"P1 Q2","yes","P1"
"176","Q12",51,35,0.25,0,1,5.5872659744952,0,1,"P1 Q2","yes","P1"
"177","Q12",51,75,0.25,0,1,44.6532886671284,0,1,"P1 Q2","yes","P1"
"178","Q12",51,37,0.25,0,1,8.8235386337593,0,1,"P1 Q2","yes","P1"
"179","Q12",51,120,0.25,0,1,6.9896566008013,0,1,"P1 Q2","yes","P1"
"180","Q12",51,80,0.25,0,1,34.1647472511101,0,1,"P1 Q2","yes","P1"
"181","Q12",51,40,0.25,0,1,13.7362886383345,0,1,"P1 Q2","yes","P1"
"182","Q12",51,112,0.25,0,1,6.4357425377854,0,1,"P1 Q2","yes","P1"
"183","Q12",51,83,0.25,0,1,33.5027113129936,0,1,"P1 Q2","yes","P1"
"184","Q12",51,42,0.25,0,1,10.0490386349006,0,1,"P1 Q2","yes","P1"
"185","Q12",51,85,0.25,0,1,48.0419613265342,0,1,"P1 Q2","yes","P1"
"186","Q12",51,86,0.25,0,1,43.7849613225696,0,1,"P1 Q2","yes","P1"
"187","Q12",51,143,0.25,0,1,21.0032886451025,0,1,"P1 Q2","yes","P1"
"188","Q12",51,156,0.25,0,1,14.5151394203099,0,1,"P1 Q2","yes","P1"
"189","Q12",51,154,0.25,0,1,14.1125386386851,0,1,"P1 Q2","yes","P1"
"190","Q12",51,89,0.25,0,1,42.9140277280086,0,1,"P1 Q2","yes","P1"
"191","Q12",51,88,0.25,0,1,44.1337417916444,0,1,"P1 Q2","yes","P1"
"192","Q12",51,76,0.25,0,1,43.9437886664676,0,1,"P1 Q2","yes","P1"
"193","Q12",51,161,0.25,0,1,11.0664941045981,0,1,"P1 Q2","yes","P1"
"194","Q12",51,162,0.25,0,1,8.2107886331886,0,1,"P1 Q2","yes","P1"
"195","Q12",51,93,0.25,0,1,29.2204074027554,0,1,"P1 Q2","yes","P1"
"196","Q12",51,164,0.25,0,1,7.0497886321073,0,1,"P1 Q2","yes","P1"
"197","Q12",51,150,0.25,0,1,14.6930386392257,0,1,"P1 Q2","yes","P1"
"198","Q12",51,41,0.25,0,1,9.1789878528403,0,1,"P1 Q2","yes","P1"
"199","Q12",51,44,0.25,0,1,10.6940386355013,0,1,"P1 Q2","yes","P1"
"200","Q12",51,157,0.25,0,1,4.9046394113595,0,1,"P1 Q2","yes","P1"
"201","Q12",51,115,0.25,1,1,21.8681394271579,0,1,"P1 Q2","yes","P1"
"202","Q12",51,155,0.25,0,1,13.6506550445049,0,1,"P1 Q2","yes","P1"
"203","Q12",51,84,0.25,0,1,46.2741113248879,0,1,"P1 Q2","yes","P1"
"204","Q12",51,79,0.25,0,1,29.3858613091594,0,1,"P1 Q2","yes","P1"
"205","Q12",51,78,0.25,0,1,24.6743566172715,0,1,"P1 Q2","yes","P1"
"206","Q12",51,38,0.25,0,1,2.5229042528914,1,1,"P1 Q2","yes","P1"
"207","Q12",51,109,0.25,0,1,23.2632113034573,0,1,"P1 Q2","yes","P1"
"208","Q12",51,43,0.25,0,1,10.9373222294778,0,1,"P1 Q2","yes","P1"
"209","Q12",51,45,0.25,0,1,11.7905386365225,0,1,"P1 Q2","yes","P1"
"210","Q12",51,53,0.25,0,1,14.5497480140922,0,1,"P1 Q2","yes","P1"
"211","Q12",51,147,0.25,0,1,17.4928894230832,0,1,"P1 Q2","yes","P1"
"212","Q12",51,77,0.25,0,1,44.1976199167039,0,1,"P1 Q2","yes","P1"
"213","Q12",51,52,0.25,0,1,14.4995777015455,0,1,"P1 Q2","yes","P1"
"214","Q12",51,114,0.25,0,1,23.6099245850302,0,1,"P1 Q2","yes","P1"
"215","Q12",51,153,0.25,0,1,10.7166222292724,0,1,"P1 Q2","yes","P1"
"216","Q12",51,146,0.25,0,1,19.558519893757,0,1,"P1 Q2","yes","P1"
"217","Q12",51,163,0.25,0,1,7.3710120699065,0,1,"P1 Q2","yes","P1"
"218","Q12",51,144,0.25,0,1,24.7872886486267,0,1,"P1 Q2","yes","P1"
"219","Q12",51,152,0.25,0,1,10.7821331668334,0,1,"P1 Q2","yes","P1"
"220","Q12",51,148,0.25,0,1,16.2566394219319,0,1,"P1 Q2","yes","P1"
"221","Q12",51,145,0.25,0,1,25.2963769303508,0,1,"P1 Q2","yes","P1"
"222","Q12",51,151,0.25,0,1,15.0037870770151,0,1,"P1 Q2","yes","P1"
"223","Q12",51,149,0.25,0,1,13.2251394191086,0,1,"P1 Q2","yes","P1"
"224","Q12",51,82,0.25,0,1,28.471711308308,0,1,"P1 Q2","yes","P1"
"225","Q12",55,179,0.25,1,1,21.8012308333457,0,1,"P1 Q2","yes","P1"
"226","Q12",56,180,154.277737684776,0,1,9.49205714029233e-09,0,0,"P1 Q2","yes","P1"
"227","Q13",34,15,0.25,0,1,5.2936870679718,0,1,"P1 Q3","yes","P1"
"228","Q13",34,14,0.25,0,1,5.653539412057,0,0,"P1 Q3","yes","P1"
"229","Q13",34,13,0.25,0,1,8.83438863376931,0,0,"P1 Q3","yes","P1"
"230","Q13",35,16,0.25,0,1,31.7327941238452,0,1,"P1 Q3","yes","P1"
"231","Q13",37,18,0.25,0,1,28.8671183399263,0,1,"P1 Q3","yes","P1"
"232","Q13",37,22,0.25,0,1,1.4604081581518,1,1,"P1 Q3","yes","P1"
"233","Q13",37,17,0.25,0,1,28.3338777144297,0,1,"P1 Q3","yes","P1"
"234","Q13",37,21,0.25,0,1,16.407151922072,0,1,"P1 Q3","yes","P1"
"235","Q13",37,19,0.25,0,1,15.1554769209064,0,1,"P1 Q3","yes","P1"
"236","Q13",37,20,0.25,0,1,16.3622652032802,0,1,"P1 Q3","yes","P1"
"237","Q13",38,24,0.25,0,1,0.9097136263889,1,1,"P1 Q3","yes","P1"
"238","Q13",38,23,0.25,0,1,18.2183480175088,0,1,"P1 Q3","yes","P1"
"239","Q13",40,25,0.25,0,1,11.3629456673742,0,0,"P1 Q3","yes","P1"
"240","Q13",41,26,0.25,0,1,16.0507277029901,0,1,"P1 Q3","yes","P1"
"241","Q13",45,31,0.249999999999998,1,1,12.8720816062798,0,1,"P1 Q3","yes","P1"
"242","Q13",45,30,0.25,0,1,2.79915503439861,1,1,"P1 Q3","yes","P1"
"243","Q14",32,17,16.9520260032807,0,1,-1.35665256806305e-08,1,0,"P1 Q4","yes","P1"
"244","Q14",33,18,0.25,1,1,21.2778488016083,0,0,"P1 Q4","yes","P1"
"245","Q14",33,19,0.25,1,1,10.2595003538467,0,0,"P1 Q4","yes","P1"
"246","Q14",34,22,9.7096938202685,0,1,4.21881907186616e-09,1,0,"P1 Q4","yes","P1"
"247","Q14",34,23,0.25,0,1,16.4691862971298,0,0,"P1 Q4","yes","P1"
"248","Q14",34,21,4.6356598717346,1,1,4.21881907186616e-09,1,0,"P1 Q4","yes","P1"
"249","Q14",34,20,2.8067868357166,1,1,4.21881907186616e-09,1,0,"P1 Q4","yes","P1"
"250","Q14",35,24,0.25,0,1,11.1482901984243,0,1,"P1 Q4","yes","P1"
"251","Q14",36,25,0.25,0,1,27.2193222446417,0,1,"P1 Q4","yes","P1"
"252","Q14",37,57,0.25,0,1,30.0631769347902,0,1,"P1 Q4","yes","P1"
"253","Q14",37,60,0.25,0,1,10.7626128543151,0,1,"P1 Q4","yes","P1"
"254","Q14",37,52,0.25,0,1,15.1844870771834,0,1,"P1 Q4","yes","P1"
"255","Q14",37,55,0.25,0,1,18.9642378619535,0,1,"P1 Q4","yes","P1"
"256","Q14",37,54,0.25,0,1,6.17148550628941,0,1,"P1 Q4","yes","P1"
"257","Q14",37,44,0.25,0,1,36.7360402222549,0,1,"P1 Q4","yes","P1"
"258","Q14",37,59,0.25,0,1,8.9350769151132,0,1,"P1 Q4","yes","P1"
"259","Q14",37,62,0.25,0,1,29.8237363095672,0,1,"P1 Q4","yes","P1"
"260","Q14",37,56,0.25,0,1,29.6174363093752,0,1,"P1 Q4","yes","P1"
"261","Q14",37,34,0.25,0,1,10.902051916945,0,1,"P1 Q4","yes","P1"
"262","Q14",37,51,0.25,0,1,5.4673440993836,0,1,"P1 Q4","yes","P1"
"263","Q14",37,48,0.25,0,1,1.0099394077323,1,1,"P1 Q4","yes","P1"
"264","Q14",37,53,0.25,0,1,0.220850344497507,1,1,"P1 Q4","yes","P1"
"265","Q14",37,27,0.25,0,1,0.538585501043315,1,1,"P1 Q4","yes","P1"
"266","Q14",37,26,0.25,0,1,0.850603470083911,1,1,"P1 Q4","yes","P1"
"267","Q14",37,36,0.25,0,1,14.2541487950668,0,1,"P1 Q4","yes","P1"
"268","Q14",37,29,0.25,0,1,14.3655839514207,0,1,"P1 Q4","yes","P1"
"269","Q14",37,42,0.25,0,1,10.9556691044949,0,1,"P1 Q4","yes","P1"
"270","Q14",37,31,0.25,0,1,4.3496667545926,1,1,"P1 Q4","yes","P1"
"271","Q14",37,43,0.25,0,1,43.4411089784993,0,1,"P1 Q4","yes","P1"
"272","Q14",37,45,0.25,0,1,17.0086972351323,0,1,"P1 Q4","yes","P1"
"273","Q14",37,61,0.25,0,1,12.5901487935172,0,1,"P1 Q4","yes","P1"
"274","Q14",37,32,0.25,0,1,5.37486988054751,0,1,"P1 Q4","yes","P1"
"275","Q14",37,50,0.25,0,1,7.2057323822526,0,1,"P1 Q4","yes","P1"
"276","Q14",37,49,0.175506815,0,1,0,1,1,"P1 Q4","yes","P1"
"277","Q14",37,47,0.25,0,1,2.3471605027276,1,1,"P1 Q4","yes","P1"
"278","Q14",37,38,0.25,0,1,22.4913050527384,0,1,"P1 Q4","yes","P1"
"279","Q14",37,37,0.25,0,1,15.8051972340115,0,1,"P1 Q4","yes","P1"
"280","Q14",37,30,0.25,0,1,3.01244487834721,1,1,"P1 Q4","yes","P1"
"281","Q14",37,28,0.25,0,1,0.5922026885932,1,1,"P1 Q4","yes","P1"
"282","Q14",37,46,0.25,0,1,1.89809409605941,1,1,"P1 Q4","yes","P1"
"283","Q14",37,40,0.25,0,1,13.2735198879037,0,1,"P1 Q4","yes","P1"
"284","Q14",37,33,0.25,1,1,7.157831600958,0,1,"P1 Q4","yes","P1"
"285","Q14",37,58,0.25,0,1,26.3635308375946,0,1,"P1 Q4","yes","P1"
"286","Q14",37,41,0.25,0,1,12.2483167619487,0,1,"P1 Q4","yes","P1"
"287","Q14",37,35,0.25,0,1,14.4770191077745,0,1,"P1 Q4","yes","P1"
"288","Q14",37,39,0.25,0,1,10.9110948857034,0,1,"P1 Q4","yes","P1"
"289","Q14",38,82,0.25,0,1,0.414743313428104,1,1,"P1 Q4","yes","P1"
"290","Q14",38,66,0.25,0,1,10.7339980105385,0,1,"P1 Q4","yes","P1"
"291","Q14",38,75,0.25,0,1,17.4647331730571,0,1,"P1 Q4","yes","P1"
"292","Q14",38,68,0.25,0,1,11.1865612922099,0,1,"P1 Q4","yes","P1"
"293","Q14",38,65,0.25,0,1,7.23712691353171,0,1,"P1 Q4","yes","P1"
"294","Q14",38,63,0.25,0,1,1.4338323768771,1,1,"P1 Q4","yes","P1"
"295","Q14",38,70,0.25,0,1,1.8634542522772,1,1,"P1 Q4","yes","P1"
"296","Q14",38,80,0.25,0,1,26.7875269317396,0,1,"P1 Q4","yes","P1"
"297","Q14",38,67,0.25,0,1,14.7165511392475,0,1,"P1 Q4","yes","P1"
"298","Q14",38,74,0.25,0,1,2.55361284667,1,1,"P1 Q4","yes","P1"
"299","Q14",38,71,0.186089235,0,1,0,1,1,"P1 Q4","yes","P1"
"300","Q14",38,76,0.25,0,1,16.5822362972352,0,1,"P1 Q4","yes","P1"
"301","Q14",38,64,0.25,1,1,13.4267464505463,0,1,"P1 Q4","yes","P1"
"302","Q14",38,72,0.25,0,1,15.0782878583345,0,1,"P1 Q4","yes","P1"
"303","Q14",38,77,0.25,0,1,17.3968487979938,0,1,"P1 Q4","yes","P1"
"304","Q14",38,69,0.25,0,1,18.0652027048663,0,1,"P1 Q4","yes","P1"
"305","Q14",38,78,0.25,0,1,12.871221450029,0,1,"P1 Q4","yes","P1"
"306","Q14",38,79,0.25,0,1,9.9748191035815,0,1,"P1 Q4","yes","P1"
"307","Q14",38,73,0.25,0,1,1.4561480018978,1,1,"P1 Q4","yes","P1"
"308","Q14",38,81,0.25,0,1,1.61403472079481,1,1,"P1 Q4","yes","P1"
"309","Q14",39,84,0.25,0,1,10.7676987918199,0,1,"P1 Q4","yes","P1"
"310","Q14",39,85,0.25,0,1,47.8481027326037,0,1,"P1 Q4","yes","P1"
"311","Q14",39,83,0.25,0,1,13.9112519197476,0,1,"P1 Q4","yes","P1"
"312","Q14",40,87,0.25,0,1,17.6973784857737,0,1,"P1 Q4","yes","P1"
"313","Q14",40,86,0.25,0,1,18.9029589556464,0,1,"P1 Q4","yes","P1"
"314","Q14",41,93,0.25,0,1,7.02035503833001,0,1,"P1 Q4","yes","P1"
"315","Q14",41,90,0.25,0,1,32.0678550616572,0,1,"P1 Q4","yes","P1"
"316","Q14",41,91,0.25,0,1,31.5664120924401,0,1,"P1 Q4","yes","P1"
"317","Q14",41,88,0.25,0,1,29.2187449027538,0,1,"P1 Q4","yes","P1"
"318","Q14",41,92,0.25,0,1,21.6989683332504,0,0,"P1 Q4","yes","P1"
"319","Q14",41,89,0.25,0,1,29.0591949026052,0,1,"P1 Q4","yes","P1"
"320","Q14",49,103,44.7853924907932,1,1,-9.21775722417806e-09,0,0,"P1 Q4","yes","P1"
"321","Q14",56,124,0.11802066629564,0,1,27.5971222244457,0,0,"P1 Q4","yes","P1"
"322","Q15",30,27,3.5832,0,1,1.46086435371066,1,0,"P2 Q1","yes","P2"
"323","Q15",30,25,2.9857,1,1,12.764345283167,0,0,"P2 Q1","yes","P2"
"324","Q15",30,26,3.83805,0,1,3.19086435371064,0,0,"P2 Q1","yes","P2"
"325","Q15",30,28,2.28365,1,1,7.79434528316705,0,0,"P2 Q1","yes","P2"
"326","Q15",34,31,0.25,0,1,3.7713987853041,1,1,"P2 Q1","yes","P2"
"327","Q15",34,30,0.25,0,1,7.63909332015611,0,1,"P2 Q1","yes","P2"
"328","Q15",34,29,48.1063,0,1,0.113430861458838,0,0,"P2 Q1","yes","P2"
"329","Q16",30,28,2.7324580357818,1,1,33.194710545394,0,0,"P2 Q2","yes","P2"
"330","Q16",34,35,0.25,0,1,3.8628636291393,1,1,"P2 Q2","yes","P2"
"331","Q16",34,36,0.25,0,1,1.2680800329728,1,1,"P2 Q2","yes","P2"
"332","Q16",34,34,0.25,0,1,28.8126964648756,0,1,"P2 Q2","yes","P2"
"333","Q16",56,91,49.566762052602,0,1,-8.30139867957769e-09,0,0,"P2 Q2","yes","P2"
"334","Q18",34,44,0.25,0,1,20.1432073943014,0,0,"P2 Q4","yes","P2"
"335","Q18",34,43,9.09802109139567,0,1,18.9944237929725,0,0,"P2 Q4","yes","P2"
"336","Q18",56,78,0.25,0,1,17.595530003834,0,1,"P2 Q4","yes","P2"
"337","Q18",56,77,3.7241,0,1,18.5160766910336,0,0,"P2 Q4","yes","P2"
"338","Q19",26,48,0.25,1,1,7.368380038654,0,0,"P7 E1 Q1","no","P7E1"
"339","Q19",32,51,0.25,0,1,25.5367066180746,0,0,"P7 E1 Q1","no","P7E1"
"340","Q19",32,50,0.25,1,1,22.5145988027601,0,0,"P7 E1 Q1","no","P7E1"
"341","Q19",32,49,0.25,1,1,16.4506886408626,0,0,"P7 E1 Q1","no","P7E1"
"342","Q19",34,53,0.25,0,1,31.4763058423563,0,0,"P7 E1 Q1","no","P7E1"
"343","Q19",34,52,42.4321880235399,1,1,27.603191,0,0,"P7 E1 Q1","no","P7E1"
"344","Q19",35,54,0.25,0,1,12.2864964494843,0,1,"P7 E1 Q1","no","P7E1"
"345","Q19",36,58,0.25,0,1,9.75882300963031,0,1,"P7 E1 Q1","no","P7E1"
"346","Q19",36,56,0.25,0,1,20.1125605192729,0,1,"P7 E1 Q1","no","P7E1"
"347","Q19",36,55,0.25,1,1,13.0836612939767,0,1,"P7 E1 Q1","no","P7E1"
"348","Q19",36,57,0.25,0,1,16.639138641038,0,1,"P7 E1 Q1","no","P7E1"
"349","Q19",36,60,0.25,0,1,26.3363464625693,0,1,"P7 E1 Q1","no","P7E1"
"350","Q19",36,59,0.25,1,1,27.2867199009545,0,1,"P7 E1 Q1","no","P7E1"
"351","Q19",37,66,0.25,0,1,12.2475597306981,0,1,"P7 E1 Q1","no","P7E1"
"352","Q19",37,64,0.25,0,1,1.8150605022321,1,1,"P7 E1 Q1","no","P7E1"
"353","Q19",37,63,0.25,1,1,2.1455261275399,1,1,"P7 E1 Q1","no","P7E1"
"354","Q19",37,65,0.25,0,1,2.15352222129741,1,1,"P7 E1 Q1","no","P7E1"
"355","Q19",37,62,0.25,0,1,25.5337777118218,0,1,"P7 E1 Q1","no","P7E1"
"356","Q19",37,67,0.25,0,1,30.7392722479199,0,1,"P7 E1 Q1","no","P7E1"
"357","Q19",37,69,0.25,0,1,0.1199401881534,1,1,"P7 E1 Q1","no","P7E1"
"358","Q19",37,68,0.25,0,1,6.0780261312023,0,1,"P7 E1 Q1","no","P7E1"
"359","Q19",37,61,0.25,0,1,23.4994738036774,0,1,"P7 E1 Q1","no","P7E1"
"360","Q19",40,72,0.25,0,1,21.9157222397023,0,1,"P7 E1 Q1","no","P7E1"
"361","Q19",40,73,0.25,0,1,32.2417886555693,0,1,"P7 E1 Q1","no","P7E1"
"362","Q19",40,74,0.25,0,1,33.082289437602,0,1,"P7 E1 Q1","no","P7E1"
"363","Q19",40,71,0.25,1,1,7.3748792574101,0,1,"P7 E1 Q1","no","P7E1"
"364","Q19",40,70,0.25,1,1,0.440923782202304,1,1,"P7 E1 Q1","no","P7E1"
"365","Q19",41,77,0.25,0,1,25.8272566183452,0,0,"P7 E1 Q1","no","P7E1"
"366","Q19",41,75,0.25,0,1,6.5057394128507,0,1,"P7 E1 Q1","no","P7E1"
"367","Q19",41,76,0.25,0,1,4.0027370667695,1,1,"P7 E1 Q1","no","P7E1"
"368","Q19",45,83,0.25,0,1,7.90087847664991,0,1,"P7 E1 Q1","no","P7E1"
"369","Q19",45,87,0.25,0,1,18.8110714555608,0,0,"P7 E1 Q1","no","P7E1"
"370","Q19",45,84,0.25,0,1,7.88903472663901,0,1,"P7 E1 Q1","no","P7E1"
"371","Q19",45,85,0.25,0,1,25.8095284933287,0,1,"P7 E1 Q1","no","P7E1"
"372","Q19",45,86,0.25,0,1,26.0921331810918,0,0,"P7 E1 Q1","no","P7E1"
"373","Q19",49,88,0.25,0,1,22.2043995837212,0,1,"P7 E1 Q1","no","P7E1"
"374","Q19",51,112,0.25,0,1,31.5520831861769,0,1,"P7 E1 Q1","no","P7E1"
"375","Q19",51,118,0.25,1,1,8.2815675395045,0,1,"P7 E1 Q1","no","P7E1"
"376","Q19",51,114,0.25,0,1,38.8968831930172,0,1,"P7 E1 Q1","no","P7E1"
"377","Q19",51,100,0.25,0,1,16.8927847350244,0,1,"P7 E1 Q1","no","P7E1"
"378","Q19",51,113,0.25,0,1,3.6990675352368,1,1,"P7 E1 Q1","no","P7E1"
"379","Q19",51,116,0.25,0,1,23.264067553458,0,1,"P7 E1 Q1","no","P7E1"
"380","Q19",51,115,0.25,0,1,36.7743449097905,0,1,"P7 E1 Q1","no","P7E1"
"381","Q19",51,102,0.25,0,1,23.3374698972764,0,1,"P7 E1 Q1","no","P7E1"
"382","Q19",51,117,0.25,0,1,20.9584370825608,0,1,"P7 E1 Q1","no","P7E1"
"383","Q19",51,106,0.25,0,1,22.3184323963274,0,1,"P7 E1 Q1","no","P7E1"
"384","Q19",51,93,0.25,0,1,20.20593239436,0,1,"P7 E1 Q1","no","P7E1"
"385","Q19",51,92,0.25,0,1,17.2809323916358,0,1,"P7 E1 Q1","no","P7E1"
"386","Q19",51,95,0.25,0,1,15.3375487960759,0,1,"P7 E1 Q1","no","P7E1"
"387","Q19",51,110,0.25,0,1,17.1220831727379,0,1,"P7 E1 Q1","no","P7E1"
"388","Q19",51,101,0.25,0,1,18.2951355175803,0,1,"P7 E1 Q1","no","P7E1"
"389","Q19",51,89,0.25,0,1,3.3379167536503,1,1,"P7 E1 Q1","no","P7E1"
"390","Q19",51,109,0.25,0,1,18.3603894238912,0,1,"P7 E1 Q1","no","P7E1"
"391","Q19",51,119,0.25,0,1,5.404455036825,0,1,"P7 E1 Q1","no","P7E1"
"392","Q19",51,94,0.25,0,1,19.0226909870079,0,1,"P7 E1 Q1","no","P7E1"
"393","Q19",51,111,0.25,0,1,3.1349800347114,1,1,"P7 E1 Q1","no","P7E1"
"394","Q19",51,105,0.25,0,1,37.6909324106441,0,1,"P7 E1 Q1","no","P7E1"
"395","Q19",51,91,0.25,0,1,13.1562777002945,0,1,"P7 E1 Q1","no","P7E1"
"396","Q19",51,103,0.25,0,1,25.4933605242842,0,1,"P7 E1 Q1","no","P7E1"
"397","Q19",51,99,0.25,0,1,26.7012917754093,0,1,"P7 E1 Q1","no","P7E1"
"398","Q19",51,98,0.25,0,1,24.6800988047769,0,1,"P7 E1 Q1","no","P7E1"
"399","Q19",51,107,0.25,0,1,21.6304800519366,0,1,"P7 E1 Q1","no","P7E1"
"400","Q19",51,90,0.25,0,1,4.6059323798313,0,1,"P7 E1 Q1","no","P7E1"
"401","Q19",51,104,0.25,0,1,33.0335675625566,0,1,"P7 E1 Q1","no","P7E1"
"402","Q19",51,96,0.25,0,1,19.2959323935125,0,1,"P7 E1 Q1","no","P7E1"
"403","Q19",51,108,0.25,0,1,25.0264409925994,0,1,"P7 E1 Q1","no","P7E1"
"404","Q19",51,97,0.25,0,1,18.1867027049794,0,1,"P7 E1 Q1","no","P7E1"
"405","Q19",54,126,0.25,0,1,35.4758175648311,0,1,"P7 E1 Q1","no","P7E1"
"406","Q19",54,125,0.25,0,1,38.0147628796957,0,1,"P7 E1 Q1","no","P7E1"
"407","Q19",54,127,0.25,0,1,5.79880113094231,0,1,"P7 E1 Q1","no","P7E1"
"408","Q19",54,123,0.25,0,1,26.3192449000535,0,1,"P7 E1 Q1","no","P7E1"
"409","Q19",54,122,0.25,0,1,28.6989628710197,0,1,"P7 E1 Q1","no","P7E1"
"410","Q19",54,124,0.25,0,1,39.0701831931786,0,1,"P7 E1 Q1","no","P7E1"
"411","Q19",55,129,0.25,0,1,27.6979324013374,0,1,"P7 E1 Q1","no","P7E1"
"412","Q19",55,128,0.25,0,1,25.4663573992591,0,1,"P7 E1 Q1","no","P7E1"
"413","Q2",32,48,20.8806618237569,1,1,-2.33523138604141e-08,1,0,"E1 Q2","no","E1"
"414","Q2",33,51,0.25,0,1,26.522869900243,0,0,"E1 Q2","no","E1"
"415","Q2",33,50,0.25,0,1,17.1666722352793,0,0,"E1 Q2","no","E1"
"416","Q2",33,49,5.16991236953195,1,1,6.46804096155964,0,0,"E1 Q2","no","E1"
"417","Q2",34,53,0.25,1,1,17.149054266513,0,1,"E1 Q2","no","E1"
"418","Q2",34,55,0.25,0,1,32.667860530966,0,1,"E1 Q2","no","E1"
"419","Q2",34,59,0.25,1,1,18.857333955604,0,1,"E1 Q2","no","E1"
"420","Q2",34,58,0.25,0,1,21.0266300513743,0,1,"E1 Q2","no","E1"
"421","Q2",34,54,0.25,0,1,10.1822784787747,0,1,"E1 Q2","no","E1"
"422","Q2",34,60,0.25,0,1,4.38145816087221,1,1,"E1 Q2","no","E1"
"423","Q2",34,56,0.25,1,1,22.1303730211523,0,1,"E1 Q2","no","E1"
"424","Q2",34,52,34.9797629571861,1,1,4.90486049422952,0,0,"E1 Q2","no","E1"
"425","Q2",34,57,0.25,0,1,3.0238855033579,1,1,"E1 Q2","no","E1"
"426","Q2",35,80,0.25,0,1,40.3574410068775,0,1,"E1 Q2","no","E1"
"427","Q2",35,65,0.25,0,1,19.0298214557645,0,1,"E1 Q2","no","E1"
"428","Q2",35,68,0.25,0,1,11.39068394865,0,1,"E1 Q2","no","E1"
"429","Q2",35,69,0.25,0,1,11.716944105204,0,1,"E1 Q2","no","E1"
"430","Q2",35,81,0.25,0,1,34.3716417825528,0,1,"E1 Q2","no","E1"
"431","Q2",35,62,0.25,0,1,7.6650417576803,0,1,"E1 Q2","no","E1"
"432","Q2",35,61,0.25,0,1,33.91761287588,0,1,"E1 Q2","no","E1"
"433","Q2",35,63,0.25,0,1,10.6241464479363,0,1,"E1 Q2","no","E1"
"434","Q2",35,64,0.25,0,1,14.1902472325074,0,1,"E1 Q2","no","E1"
"435","Q2",35,66,0.25,0,1,0.532840188537904,1,1,"E1 Q2","no","E1"
"436","Q2",35,77,0.25,0,1,41.7848300707068,0,1,"E1 Q2","no","E1"
"437","Q2",35,76,0.25,0,1,43.1398871032189,0,1,"E1 Q2","no","E1"
"438","Q2",35,67,0.25,0,1,19.0985823933286,0,1,"E1 Q2","no","E1"
"439","Q2",35,78,0.25,0,1,36.288421471838,0,1,"E1 Q2","no","E1"
"440","Q2",35,70,0.25,0,1,5.85649331849601,0,1,"E1 Q2","no","E1"
"441","Q2",35,72,0.25,0,1,28.1319144329915,0,1,"E1 Q2","no","E1"
"442","Q2",35,74,0.25,0,1,40.8560652260919,0,1,"E1 Q2","no","E1"
"443","Q2",35,73,0.25,0,1,39.1839808495347,0,1,"E1 Q2","no","E1"
"444","Q2",35,75,0.25,0,1,40.7744996010159,0,1,"E1 Q2","no","E1"
"445","Q2",35,79,0.25,0,1,45.2105628863972,0,1,"E1 Q2","no","E1"
"446","Q2",35,71,0.25,0,1,2.26763081515351,1,1,"E1 Q2","no","E1"
"447","Q2",36,88,0.25,0,1,12.5207941059525,0,1,"E1 Q2","no","E1"
"448","Q2",36,84,0.25,1,1,20.6352839572597,0,1,"E1 Q2","no","E1"
"449","Q2",36,87,0.25,0,1,12.1849300431398,0,1,"E1 Q2","no","E1"
"450","Q2",36,85,0.25,0,1,19.1037355183335,0,1,"E1 Q2","no","E1"
"451","Q2",36,82,0.25,1,1,18.7651589555181,0,1,"E1 Q2","no","E1"
"452","Q2",36,83,0.25,0,1,11.4433159799491,0,1,"E1 Q2","no","E1"
"453","Q2",36,86,0.25,1,1,16.2824745782059,0,1,"E1 Q2","no","E1"
"454","Q2",37,99,0.25,0,1,4.1540511294105,1,1,"E1 Q2","no","E1"
"455","Q2",37,97,0.25,0,1,9.5089941031477,0,1,"E1 Q2","no","E1"
"456","Q2",37,96,0.25,0,1,18.8259394243247,0,1,"E1 Q2","no","E1"
"457","Q2",37,93,0.25,0,1,4.4720355047066,1,1,"E1 Q2","no","E1"
"458","Q2",37,98,0.25,0,1,7.9190722266669,0,1,"E1 Q2","no","E1"
"459","Q2",37,91,0.25,0,1,35.634512877479,0,1,"E1 Q2","no","E1"
"460","Q2",37,92,0.25,0,1,16.8734300475063,0,1,"E1 Q2","no","E1"
"461","Q2",37,90,0.25,0,1,7.82367691407801,0,1,"E1 Q2","no","E1"
"462","Q2",37,95,0.25,0,1,22.8961402093655,0,1,"E1 Q2","no","E1"
"463","Q2",37,89,16.4626946497623,0,1,0.0514581499999944,1,0,"E1 Q2","no","E1"
"464","Q2",37,94,0.25,0,1,12.8925769187989,0,1,"E1 Q2","no","E1"
"465","Q2",39,100,23.6867921054091,1,1,0.272250344769191,0,0,"E1 Q2","no","E1"
"466","Q2",41,101,0.25,0,1,16.6270620785268,0,1,"E1 Q2","no","E1"
"467","Q2",45,105,70.9341558034672,1,1,0.0278823999999958,0,0,"E1 Q2","no","E1"
"468","Q2",49,107,6.0759673928296,0,1,0.0212557999999916,1,0,"E1 Q2","no","E1"
"469","Q2",49,108,0.25,0,1,22.0930714586175,0,0,"E1 Q2","no","E1"
"470","Q20",35,56,0.25,0,1,4.8366815987962,0,1,"P7 E1 Q2","no","P7E1"
"471","Q20",35,57,0.25,0,1,4.1405394106479,1,1,"P7 E1 Q2","no","P7E1"
"472","Q20",36,58,0.25,0,1,47.9561832014543,0,1,"P7 E1 Q2","no","P7E1"
"473","Q20",36,59,0.25,0,1,14.5580886390999,0,1,"P7 E1 Q2","no","P7E1"
"474","Q20",40,69,0.25,0,1,22.1796784899482,0,1,"P7 E1 Q2","no","P7E1"
"475","Q20",40,62,0.25,0,1,12.8829862937899,0,1,"P7 E1 Q2","no","P7E1"
"476","Q20",40,60,0.25,0,1,29.4556589654745,0,1,"P7 E1 Q2","no","P7E1"
"477","Q20",40,63,0.25,0,1,15.3341409835728,0,1,"P7 E1 Q2","no","P7E1"
"478","Q20",40,64,0.25,0,1,24.7276277110711,0,1,"P7 E1 Q2","no","P7E1"
"479","Q20",40,61,0.25,0,1,28.5323433396144,0,1,"P7 E1 Q2","no","P7E1"
"480","Q20",40,70,0.25,0,1,19.1512042683776,0,1,"P7 E1 Q2","no","P7E1"
"481","Q20",40,66,0.25,0,1,13.352383950477,0,1,"P7 E1 Q2","no","P7E1"
"482","Q20",40,67,0.25,0,1,36.4352652219747,0,1,"P7 E1 Q2","no","P7E1"
"483","Q20",40,73,0.25,0,1,30.0096472472403,0,1,"P7 E1 Q2","no","P7E1"
"484","Q20",40,72,0.25,0,1,27.0025370881898,0,1,"P7 E1 Q2","no","P7E1"
"485","Q20",40,71,0.25,1,1,6.3881589439911,0,1,"P7 E1 Q2","no","P7E1"
"486","Q20",40,68,0.25,0,1,41.7098089768869,0,1,"P7 E1 Q2","no","P7E1"
"487","Q20",40,65,0.25,0,1,33.1858519376985,0,1,"P7 E1 Q2","no","P7E1"
"488","Q20",41,78,0.25,0,1,33.1001738126187,0,1,"P7 E1 Q2","no","P7E1"
"489","Q20",41,81,0.25,0,1,42.9919464780812,0,1,"P7 E1 Q2","no","P7E1"
"490","Q20",41,76,0.25,0,1,26.1440925561402,0,1,"P7 E1 Q2","no","P7E1"
"491","Q20",41,80,0.25,0,1,8.7982659774858,0,1,"P7 E1 Q2","no","P7E1"
"492","Q20",41,74,0.25,1,1,18.5896198928547,0,1,"P7 E1 Q2","no","P7E1"
"493","Q20",41,75,0.25,0,1,17.3032558291565,0,1,"P7 E1 Q2","no","P7E1"
"494","Q20",41,77,0.25,0,1,18.8096058305595,0,1,"P7 E1 Q2","no","P7E1"
"495","Q20",41,83,0.25,0,1,17.5770355169116,0,1,"P7 E1 Q2","no","P7E1"
"496","Q20",41,79,0.25,0,1,28.1553167767634,0,1,"P7 E1 Q2","no","P7E1"
"497","Q20",41,82,0.25,0,1,18.419274580196,0,1,"P7 E1 Q2","no","P7E1"
"498","Q20",45,85,18.0590323693663,1,1,9.62963042638876e-10,1,0,"P7 E1 Q2","no","P7E1"
"499","Q20",46,86,0.25,0,1,14.2227886387877,0,1,"P7 E1 Q2","no","P7E1"
"500","Q20",51,88,0.25,0,1,32.3103136556331,0,1,"P7 E1 Q2","no","P7E1"
"501","Q20",54,89,0.25,0,1,7.37735035116251,0,1,"P7 E1 Q2","no","P7E1"
"502","Q21",30,57,87.6570626612881,1,1,1.53199408714499e-08,0,0,"P7 E1 Q3","no","P7E1"
"503","Q21",30,56,38.5554829155539,1,1,1.53199408714499e-08,0,0,"P7 E1 Q3","no","P7E1"
"504","Q21",34,58,0.25,0,1,19.747540987683,0,1,"P7 E1 Q3","no","P7E1"
"505","Q21",35,65,0.25,0,1,17.1726097352849,0,1,"P7 E1 Q3","no","P7E1"
"506","Q21",35,69,0.25,0,1,4.4492495671854,1,1,"P7 E1 Q3","no","P7E1"
"507","Q21",35,63,0.25,0,1,22.7166238029481,0,1,"P7 E1 Q3","no","P7E1"
"508","Q21",35,60,0.25,0,1,18.2088995800001,0,1,"P7 E1 Q3","no","P7E1"
"509","Q21",35,74,0.25,0,1,5.2763690992057,0,1,"P7 E1 Q3","no","P7E1"
"510","Q21",35,61,0.25,0,1,9.1906128528512,0,1,"P7 E1 Q3","no","P7E1"
"511","Q21",35,62,0.25,0,1,13.3205511379475,0,1,"P7 E1 Q3","no","P7E1"
"512","Q21",35,59,0.25,0,1,3.9997472230168,1,1,"P7 E1 Q3","no","P7E1"
"513","Q21",35,66,0.25,0,1,23.782560522691,0,1,"P7 E1 Q3","no","P7E1"
"514","Q21",35,67,0.25,0,1,18.5483987990662,0,1,"P7 E1 Q3","no","P7E1"
"515","Q21",35,68,0.25,0,1,16.5990245785008,0,1,"P7 E1 Q3","no","P7E1"
"516","Q21",35,70,0.25,0,1,3.89545034791971,1,1,"P7 E1 Q3","no","P7E1"
"517","Q21",35,71,0.25,0,1,9.52088629065871,0,1,"P7 E1 Q3","no","P7E1"
"518","Q21",35,73,0.25,0,1,31.1142995920191,0,1,"P7 E1 Q3","no","P7E1"
"519","Q21",35,72,0.25,0,1,11.0656948858474,0,1,"P7 E1 Q3","no","P7E1"
"520","Q21",35,64,0.25,0,1,13.5582253569189,0,1,"P7 E1 Q3","no","P7E1"
"521","Q21",36,77,0.25,0,1,13.9117091627069,0,1,"P7 E1 Q3","no","P7E1"
"522","Q21",36,78,0.25,0,1,16.0153839737983,0,1,"P7 E1 Q3","no","P7E1"
"523","Q21",36,75,0.25,0,1,7.2646199579076,0,1,"P7 E1 Q3","no","P7E1"
"524","Q21",36,76,0.25,0,1,20.7894857235316,0,1,"P7 E1 Q3","no","P7E1"
"525","Q21",37,79,0.25,0,1,37.8333785045268,0,1,"P7 E1 Q3","no","P7E1"
"526","Q21",38,80,0.25,1,1,8.4951050397035,0,1,"P7 E1 Q3","no","P7E1"
"527","Q21",40,91,0.25,0,1,26.0336863060374,0,1,"P7 E1 Q3","no","P7E1"
"528","Q21",40,84,0.25,0,1,26.7402191191954,0,1,"P7 E1 Q3","no","P7E1"
"529","Q21",40,90,0.25,0,1,19.2970870810134,0,1,"P7 E1 Q3","no","P7E1"
"530","Q21",40,86,0.25,0,1,1.7948144084632,1,1,"P7 E1 Q3","no","P7E1"
"531","Q21",40,87,0.25,0,1,26.8692706818156,0,1,"P7 E1 Q3","no","P7E1"
"532","Q21",40,85,0.25,0,1,24.2301113043578,0,1,"P7 E1 Q3","no","P7E1"
"533","Q21",40,83,0.25,0,1,29.486322246753,0,1,"P7 E1 Q3","no","P7E1"
"534","Q21",40,89,0.25,0,1,10.5818948853969,0,1,"P7 E1 Q3","no","P7E1"
"535","Q21",40,82,0.25,0,1,23.2992706784908,0,1,"P7 E1 Q3","no","P7E1"
"536","Q21",40,88,0.25,0,1,24.1448761480284,0,1,"P7 E1 Q3","no","P7E1"
"537","Q21",40,92,0.25,0,1,37.2042878789408,0,1,"P7 E1 Q3","no","P7E1"
"538","Q21",40,81,0.25,0,1,8.99335738391741,0,1,"P7 E1 Q3","no","P7E1"
"539","Q21",40,93,0.25,0,1,29.2122550589977,0,1,"P7 E1 Q3","no","P7E1"
"540","Q21",41,94,0.25,0,1,2.7435355030968,1,1,"P7 E1 Q3","no","P7E1"
"541","Q21",41,96,0.25,0,1,26.5542808377722,0,1,"P7 E1 Q3","no","P7E1"
"542","Q21",41,97,0.25,0,1,24.0740019292124,0,0,"P7 E1 Q3","no","P7E1"
"543","Q21",41,95,0.25,0,1,29.3902659966636,0,1,"P7 E1 Q3","no","P7E1"
"544","Q21",45,98,0.25,0,1,25.6732792744519,0,1,"P7 E1 Q3","no","P7E1"
"545","Q21",49,99,13.0400419230513,0,1,1.35814254350978,0,0,"P7 E1 Q3","no","P7E1"
"546","Q21",54,101,0.25,0,1,22.5723597403139,0,1,"P7 E1 Q3","no","P7E1"
"547","Q21",54,100,0.25,0,1,12.5735831685017,0,1,"P7 E1 Q3","no","P7E1"
"548","Q22",32,61,68.121247872808,1,1,0.293825320126828,0,0,"P7 E1 Q4","no","P7E1"
"549","Q22",33,62,0.25,0,1,3.62751987892,1,0,"P7 E1 Q4","no","P7E1"
"550","Q22",33,63,0.25,0,1,26.6135113065774,0,0,"P7 E1 Q4","no","P7E1"
"551","Q22",35,71,0.25,0,1,17.8852800484487,0,1,"P7 E1 Q4","no","P7E1"
"552","Q22",35,68,0.25,0,1,5.2701401929499,0,1,"P7 E1 Q4","no","P7E1"
"553","Q22",35,67,0.25,0,1,12.199090199403,0,1,"P7 E1 Q4","no","P7E1"
"554","Q22",35,65,0.25,0,1,4.2417620669922,1,1,"P7 E1 Q4","no","P7E1"
"555","Q22",35,70,0.25,0,1,17.5297245793676,0,1,"P7 E1 Q4","no","P7E1"
"556","Q22",35,69,0.25,0,1,21.7133081770138,0,1,"P7 E1 Q4","no","P7E1"
"557","Q22",35,72,0.25,0,1,17.7983175483677,0,1,"P7 E1 Q4","no","P7E1"
"558","Q22",35,66,0.25,0,1,11.6017620738467,0,1,"P7 E1 Q4","no","P7E1"
"559","Q22",35,64,0.25,0,1,14.3981003577009,0,1,"P7 E1 Q4","no","P7E1"
"560","Q22",36,75,0.25,0,1,12.1070628555673,0,1,"P7 E1 Q4","no","P7E1"
"561","Q22",36,73,0.25,0,1,9.8700737909839,0,1,"P7 E1 Q4","no","P7E1"
"562","Q22",36,74,0.25,0,1,11.4999409800019,0,1,"P7 E1 Q4","no","P7E1"
"563","Q22",37,76,0.25,0,1,15.6724230151378,0,1,"P7 E1 Q4","no","P7E1"
"564","Q22",38,77,0.25,0,1,4.0865933168476,1,1,"P7 E1 Q4","no","P7E1"
"565","Q22",39,78,0.25,0,1,24.7524769298443,0,1,"P7 E1 Q4","no","P7E1"
"566","Q22",39,80,0.25,0,1,19.8520964565305,0,1,"P7 E1 Q4","no","P7E1"
"567","Q22",39,79,0.25,0,1,26.2312308374714,0,1,"P7 E1 Q4","no","P7E1"
"568","Q22",40,82,0.25,0,1,34.4867402201599,0,1,"P7 E1 Q4","no","P7E1"
"569","Q22",40,81,0.25,0,1,2.4051105027816,1,1,"P7 E1 Q4","no","P7E1"
"570","Q22",41,83,0.25,0,1,5.8096792559523,0,1,"P7 E1 Q4","no","P7E1"
"571","Q22",41,84,0.25,1,1,32.0935800616811,0,1,"P7 E1 Q4","no","P7E1"
"572","Q22",49,90,27.953699969824,1,1,2.32757257911942e-08,1,0,"P7 E1 Q4","no","P7E1"
"573","Q22",51,96,0.25,1,1,9.5602558219454,0,1,"P7 E1 Q4","no","P7E1"
"574","Q22",51,93,0.25,0,1,5.8854159747729,0,1,"P7 E1 Q4","no","P7E1"
"575","Q22",51,91,0.25,0,1,33.8921011571062,0,1,"P7 E1 Q4","no","P7E1"
"576","Q22",51,95,0.25,0,1,41.2554785077138,0,1,"P7 E1 Q4","no","P7E1"
"577","Q22",51,94,0.25,0,1,3.82660737910561,1,1,"P7 E1 Q4","no","P7E1"
"578","Q22",51,92,0.25,0,1,8.23164878945811,0,1,"P7 E1 Q4","no","P7E1"
"579","Q22",55,101,0.25,0,1,14.457168326506,0,1,"P7 E1 Q4","no","P7E1"
"580","Q22",55,102,0.25,0,1,9.9074011347687,0,1,"P7 E1 Q4","no","P7E1"
"581","Q22",55,100,42.932500935196,0,1,5.65277613512643,0,0,"P7 E1 Q4","no","P7E1"
"582","Q22",55,99,1.97266504641,0,1,1.24720503161322,1,0,"P7 E1 Q4","no","P7E1"
"583","Q23",32,66,12.5647713274098,1,1,0.0533737709961031,1,0,"P10 E1 Q1","no","P10E1"
"584","Q23",32,67,5.8744069871404,1,1,23.7966886721134,0,0,"P10 E1 Q1","no","P10E1"
"585","Q23",33,69,0.25,0,1,33.6271566256095,0,0,"P10 E1 Q1","no","P10E1"
"586","Q23",33,68,2.8228574820349,0,1,33.3223198877028,0,0,"P10 E1 Q1","no","P10E1"
"587","Q23",34,70,0.25,0,1,27.3820831822933,0,1,"P10 E1 Q1","no","P10E1"
"588","Q23",34,71,0.25,0,1,13.4015800442729,0,1,"P10 E1 Q1","no","P10E1"
"589","Q23",34,73,0.25,0,1,4.07630269183811,1,1,"P10 E1 Q1","no","P10E1"
"590","Q23",34,72,0.25,0,1,15.8945847340947,0,1,"P10 E1 Q1","no","P10E1"
"591","Q23",35,74,0.25,0,1,2.1451683150395,1,1,"P10 E1 Q1","no","P10E1"
"592","Q23",37,78,0.25,0,1,8.2419901957177,0,1,"P10 E1 Q1","no","P10E1"
"593","Q23",37,76,0.25,0,1,37.1350824101264,0,1,"P10 E1 Q1","no","P10E1"
"594","Q23",37,75,0.25,0,1,36.9182425661745,0,1,"P10 E1 Q1","no","P10E1"
"595","Q23",37,77,0.25,0,1,20.8578863012172,0,1,"P10 E1 Q1","no","P10E1"
"596","Q23",38,80,0.25,0,1,19.0622347370449,0,1,"P10 E1 Q1","no","P10E1"
"597","Q23",38,79,0.25,0,1,12.2712120744702,0,1,"P10 E1 Q1","no","P10E1"
"598","Q23",41,108,0.25,0,1,45.7344042931352,0,1,"P10 E1 Q1","no","P10E1"
"599","Q23",41,104,0.25,0,1,23.5634003662368,0,1,"P10 E1 Q1","no","P10E1"
"600","Q23",41,85,0.25,0,1,11.1795183234534,0,1,"P10 E1 Q1","no","P10E1"
"601","Q23",41,89,0.25,0,1,21.7387066145374,0,1,"P10 E1 Q1","no","P10E1"
"602","Q23",41,91,0.25,0,1,6.3073667564158,0,1,"P10 E1 Q1","no","P10E1"
"603","Q23",41,90,0.25,0,1,26.585125369051,0,1,"P10 E1 Q1","no","P10E1"
"604","Q23",41,95,0.25,0,1,18.5306347365497,0,1,"P10 E1 Q1","no","P10E1"
"605","Q23",41,103,0.25,0,1,13.69900816955,0,1,"P10 E1 Q1","no","P10E1"
"606","Q23",41,102,0.25,0,1,14.385226920189,0,1,"P10 E1 Q1","no","P10E1"
"607","Q23",41,87,0.25,0,1,15.6399394213575,0,1,"P10 E1 Q1","no","P10E1"
"608","Q23",41,88,0.25,0,1,7.9494933204452,0,1,"P10 E1 Q1","no","P10E1"
"609","Q23",41,107,0.25,0,1,1.48431753317411,1,1,"P10 E1 Q1","no","P10E1"
"610","Q23",41,101,0.25,0,1,15.9401597341372,0,1,"P10 E1 Q1","no","P10E1"
"611","Q23",41,109,0.25,0,1,36.5819636596113,0,1,"P10 E1 Q1","no","P10E1"
"612","Q23",41,92,0.25,0,1,7.2080284760047,0,1,"P10 E1 Q1","no","P10E1"
"613","Q23",41,100,0.25,0,1,1.9365026898452,1,1,"P10 E1 Q1","no","P10E1"
"614","Q23",41,96,0.25,0,1,17.0295316101516,0,1,"P10 E1 Q1","no","P10E1"
"615","Q23",41,81,0.25,0,1,3.617738628911,1,1,"P10 E1 Q1","no","P10E1"
"616","Q23",41,84,0.25,0,1,10.1501909787448,0,0,"P10 E1 Q1","no","P10E1"
"617","Q23",41,83,0.25,0,1,10.5790769166442,0,1,"P10 E1 Q1","no","P10E1"
"618","Q23",41,105,0.25,0,1,18.6740925491833,0,1,"P10 E1 Q1","no","P10E1"
"619","Q23",41,86,0.25,0,1,12.294623793242,0,1,"P10 E1 Q1","no","P10E1"
"620","Q23",41,98,0.25,0,1,0.515033938521398,1,1,"P10 E1 Q1","no","P10E1"
"621","Q23",41,99,0.25,0,1,20.8075136449202,0,1,"P10 E1 Q1","no","P10E1"
"622","Q23",41,94,0.25,0,1,17.9730823922805,0,1,"P10 E1 Q1","no","P10E1"
"623","Q23",41,82,0.25,0,1,5.2475073804288,0,1,"P10 E1 Q1","no","P10E1"
"624","Q23",41,111,0.25,0,1,34.0515324072547,0,1,"P10 E1 Q1","no","P10E1"
"625","Q23",41,110,0.25,0,1,34.8664175642636,0,1,"P10 E1 Q1","no","P10E1"
"626","Q23",41,106,0.25,0,1,23.0167894282277,0,1,"P10 E1 Q1","no","P10E1"
"627","Q23",41,97,0.25,0,1,5.5353706619469,0,1,"P10 E1 Q1","no","P10E1"
"628","Q23",41,93,0.25,0,1,12.0544472305183,0,1,"P10 E1 Q1","no","P10E1"
"629","Q23",45,114,0.25,0,1,10.5450933228627,0,0,"P10 E1 Q1","no","P10E1"
"630","Q23",45,115,0.25,0,1,31.5775191237006,0,1,"P10 E1 Q1","no","P10E1"
"631","Q23",51,118,0.25,0,1,31.1822558420824,0,1,"P10 E1 Q1","no","P10E1"
"632","Q23",51,117,0.25,0,1,22.3419738025993,0,1,"P10 E1 Q1","no","P10E1"
"633","Q23",51,123,0.25,0,1,6.7547636318326,0,1,"P10 E1 Q1","no","P10E1"
"634","Q23",51,120,0.25,0,1,3.40935034746691,1,1,"P10 E1 Q1","no","P10E1"
"635","Q23",51,119,0.25,0,1,27.4499042761065,0,1,"P10 E1 Q1","no","P10E1"
"636","Q23",51,122,0.25,0,1,30.6372456853249,0,1,"P10 E1 Q1","no","P10E1"
"637","Q23",51,121,0.25,0,1,10.1840636350263,0,1,"P10 E1 Q1","no","P10E1"
"638","Q23",55,124,54.7173108508238,0,1,-1.89443483122886e-09,0,0,"P10 E1 Q1","no","P10E1"
"639","Q23",55,125,0.25,0,1,5.6295745682846,0,1,"P10 E1 Q1","no","P10E1"
"640","Q24",37,68,0.25,0,1,12.5317651997128,0,1,"P10 E1 Q2","no","P10E1"
"641","Q24",38,69,0.25,0,1,11.618176917612,0,1,"P10 E1 Q2","no","P10E1"
"642","Q24",40,70,0.25,0,1,12.7915370749547,0,1,"P10 E1 Q2","no","P10E1"
"643","Q24",41,73,0.25,0,1,21.7891878645844,0,1,"P10 E1 Q2","no","P10E1"
"644","Q24",41,72,0.25,0,1,8.9608316026371,0,1,"P10 E1 Q2","no","P10E1"
"645","Q24",41,74,0.25,0,1,22.9460597406618,0,1,"P10 E1 Q2","no","P10E1"
"646","Q24",41,71,0.25,0,1,3.371898784932,1,1,"P10 E1 Q2","no","P10E1"
"647","Q24",50,76,36.2782128563601,1,1,1.58771884528619e-08,0,0,"P10 E1 Q2","no","P10E1"
"648","Q24",51,78,0.25,0,1,43.5860730411344,0,1,"P10 E1 Q2","no","P10E1"
"649","Q24",51,77,0.25,0,1,14.2974081701072,0,1,"P10 E1 Q2","no","P10E1"
"650","Q24",54,80,0.25,0,1,1.7413472209135,1,1,"P10 E1 Q2","no","P10E1"
"651","Q24",54,81,0.25,0,1,3.3860972224452,1,1,"P10 E1 Q2","no","P10E1"
"652","Q24",54,83,0.25,0,1,8.6202112898199,0,1,"P10 E1 Q2","no","P10E1"
"653","Q24",54,82,0.25,0,1,20.4307769258194,0,1,"P10 E1 Q2","no","P10E1"
"654","Q25",32,71,84.1897635709112,0,1,0.19826985734899,0,0,"P10 E1 Q3","no","P10E1"
"655","Q25",34,72,0.25,0,1,34.5109175639325,0,1,"P10 E1 Q3","no","P10E1"
"656","Q25",35,74,0.25,0,1,5.2826714429616,0,1,"P10 E1 Q3","no","P10E1"
"657","Q25",35,73,0.25,0,1,1.5638823769982,1,1,"P10 E1 Q3","no","P10E1"
"658","Q25",36,75,26.0394942637138,1,1,1.09312168206088e-08,0,0,"P10 E1 Q3","no","P10E1"
"659","Q25",37,82,0.25,0,1,11.4243105111815,0,1,"P10 E1 Q3","no","P10E1"
"660","Q25",37,81,0.25,0,1,0.118252688151813,1,1,"P10 E1 Q3","no","P10E1"
"661","Q25",37,92,0.25,0,1,44.9077808548653,0,1,"P10 E1 Q3","no","P10E1"
"662","Q25",37,76,52.3060848196382,1,1,4.4547050492838e-09,0,0,"P10 E1 Q3","no","P10E1"
"663","Q25",37,88,0.25,0,1,23.5059870849334,0,1,"P10 E1 Q3","no","P10E1"
"664","Q25",37,77,0.25,0,1,1.0499136265195,1,1,"P10 E1 Q3","no","P10E1"
"665","Q25",37,80,0.25,0,1,5.9964472248763,0,1,"P10 E1 Q3","no","P10E1"
"666","Q25",37,90,0.25,0,1,12.8568339500156,0,1,"P10 E1 Q3","no","P10E1"
"667","Q25",37,84,0.25,0,1,17.0258706726483,0,1,"P10 E1 Q3","no","P10E1"
"668","Q25",37,83,0.25,0,1,14.6033534828922,0,1,"P10 E1 Q3","no","P10E1"
"669","Q25",37,93,0.25,0,1,9.6771901970543,0,1,"P10 E1 Q3","no","P10E1"
"670","Q25",37,91,0.25,0,1,41.7243152269006,0,1,"P10 E1 Q3","no","P10E1"
"671","Q25",37,98,0.25,0,1,27.9687355265896,0,1,"P10 E1 Q3","no","P10E1"
"672","Q25",37,97,0.25,0,1,5.5348214431964,0,1,"P10 E1 Q3","no","P10E1"
"673","Q25",37,89,0.25,0,1,23.7060448976197,0,1,"P10 E1 Q3","no","P10E1"
"674","Q25",37,87,0.25,0,1,21.9064323959437,0,1,"P10 E1 Q3","no","P10E1"
"675","Q25",37,99,0.25,0,1,0.981833157706106,1,1,"P10 E1 Q3","no","P10E1"
"676","Q25",37,96,0.25,0,1,25.9448823997048,0,1,"P10 E1 Q3","no","P10E1"
"677","Q25",37,85,0.25,0,1,18.5797503615954,0,1,"P10 E1 Q3","no","P10E1"
"678","Q25",37,79,0.25,0,1,9.0002058214238,0,1,"P10 E1 Q3","no","P10E1"
"679","Q25",37,78,0.25,0,1,8.9226308213516,0,1,"P10 E1 Q3","no","P10E1"
"680","Q25",37,86,0.25,0,1,18.915260518158,0,1,"P10 E1 Q3","no","P10E1"
"681","Q25",37,95,0.25,1,1,15.5148011399909,0,1,"P10 E1 Q3","no","P10E1"
"682","Q25",37,94,0.25,0,1,4.19914566070241,1,1,"P10 E1 Q3","no","P10E1"
"683","Q25",38,105,0.25,0,1,20.4774878633629,0,1,"P10 E1 Q3","no","P10E1"
"684","Q25",38,103,0.25,0,1,8.82127847750721,0,1,"P10 E1 Q3","no","P10E1"
"685","Q25",38,104,0.25,0,1,8.9746401964,0,1,"P10 E1 Q3","no","P10E1"
"686","Q25",38,101,0.25,1,1,0.576917532329006,1,1,"P10 E1 Q3","no","P10E1"
"687","Q25",38,100,0.25,0,1,17.2945019228985,0,1,"P10 E1 Q3","no","P10E1"
"688","Q25",38,102,0.25,1,1,0.999840970222905,1,1,"P10 E1 Q3","no","P10E1"
"689","Q25",39,107,0.25,0,1,21.5382417706007,0,1,"P10 E1 Q3","no","P10E1"
"690","Q25",39,106,0.25,1,1,25.057119117628,0,1,"P10 E1 Q3","no","P10E1"
"691","Q25",40,123,0.25,1,1,4.0524565980658,1,1,"P10 E1 Q3","no","P10E1"
"692","Q25",40,124,0.25,0,1,12.5811753560088,0,1,"P10 E1 Q3","no","P10E1"
"693","Q25",40,111,0.25,0,1,15.4999136399772,0,1,"P10 E1 Q3","no","P10E1"
"694","Q25",40,129,0.25,0,1,0.7398855012308,1,1,"P10 E1 Q3","no","P10E1"
"695","Q25",40,108,0.25,0,1,0.914401126393301,1,1,"P10 E1 Q3","no","P10E1"
"696","Q25",40,120,0.25,0,1,8.6672972273638,0,1,"P10 E1 Q3","no","P10E1"
"697","Q25",40,121,0.25,0,1,7.88380347663411,0,1,"P10 E1 Q3","no","P10E1"
"698","Q25",40,122,0.25,0,1,2.7753409718765,1,1,"P10 E1 Q3","no","P10E1"
"699","Q25",40,116,0.25,0,1,6.0958417562189,0,1,"P10 E1 Q3","no","P10E1"
"700","Q25",40,109,0.25,0,1,7.9735206642176,0,1,"P10 E1 Q3","no","P10E1"
"701","Q25",40,110,0.25,0,1,10.7101964480164,0,1,"P10 E1 Q3","no","P10E1"
"702","Q25",40,112,0.25,0,1,15.5358245775105,0,1,"P10 E1 Q3","no","P10E1"
"703","Q25",40,131,0.25,0,1,11.7417362927271,0,1,"P10 E1 Q3","no","P10E1"
"704","Q25",40,117,0.25,0,1,22.7326222404632,0,1,"P10 E1 Q3","no","P10E1"
"705","Q25",40,119,0.25,0,1,6.6066878504446,0,1,"P10 E1 Q3","no","P10E1"
"706","Q25",40,132,0.25,0,1,7.8554144141076,0,1,"P10 E1 Q3","no","P10E1"
"707","Q25",40,125,0.25,0,1,7.4814737887593,0,1,"P10 E1 Q3","no","P10E1"
"708","Q25",40,133,0.25,0,1,4.5462120672757,0,1,"P10 E1 Q3","no","P10E1"
"709","Q25",40,126,0.25,0,1,21.3383480204146,0,1,"P10 E1 Q3","no","P10E1"
"710","Q25",40,128,0.25,0,1,31.8205714676769,0,1,"P10 E1 Q3","no","P10E1"
"711","Q25",40,130,0.25,0,1,32.5312027183387,0,1,"P10 E1 Q3","no","P10E1"
"712","Q25",40,115,0.25,1,1,6.4062972252581,0,1,"P10 E1 Q3","no","P10E1"
"713","Q25",40,118,0.25,1,1,1.498225345687,1,1,"P10 E1 Q3","no","P10E1"
"714","Q25",40,114,0.25,0,1,4.0159675355318,1,1,"P10 E1 Q3","no","P10E1"
"715","Q25",40,113,0.25,0,1,20.6828972385541,0,1,"P10 E1 Q3","no","P10E1"
"716","Q25",40,127,0.25,0,1,8.8591042587924,0,1,"P10 E1 Q3","no","P10E1"
"717","Q25",41,135,0.25,0,1,4.5115558172434,0,1,"P10 E1 Q3","no","P10E1"
"718","Q25",41,142,0.25,0,1,13.9840441073153,0,1,"P10 E1 Q3","no","P10E1"
"719","Q25",41,136,0.25,1,1,15.231298795977,0,1,"P10 E1 Q3","no","P10E1"
"720","Q25",41,141,0.25,0,1,44.9030269486109,0,1,"P10 E1 Q3","no","P10E1"
"721","Q25",41,134,0.25,1,1,5.0936144115355,0,1,"P10 E1 Q3","no","P10E1"
"722","Q25",41,146,0.25,0,1,21.3775691142012,0,1,"P10 E1 Q3","no","P10E1"
"723","Q25",41,143,0.25,0,1,8.9696081651453,0,1,"P10 E1 Q3","no","P10E1"
"724","Q25",41,147,0.25,0,1,14.5197495765642,0,1,"P10 E1 Q3","no","P10E1"
"725","Q25",41,140,0.25,0,1,14.2891175450995,0,1,"P10 E1 Q3","no","P10E1"
"726","Q25",41,145,0.25,0,1,4.2889808170361,1,1,"P10 E1 Q3","no","P10E1"
"727","Q25",41,149,0.25,0,1,24.6604777110085,0,1,"P10 E1 Q3","no","P10E1"
"728","Q25",41,144,0.25,0,1,15.2975300460387,0,1,"P10 E1 Q3","no","P10E1"
"729","Q25",41,137,0.25,0,1,16.9277191100568,0,1,"P10 E1 Q3","no","P10E1"
"730","Q25",41,139,0.25,0,1,18.1933261424856,0,1,"P10 E1 Q3","no","P10E1"
"731","Q25",41,148,0.25,1,1,33.8169527195362,0,1,"P10 E1 Q3","no","P10E1"
"732","Q25",41,138,0.25,0,1,25.1173284926839,0,1,"P10 E1 Q3","no","P10E1"
"733","Q25",45,151,29.1343234576965,1,1,14.6929308146101,0,0,"P10 E1 Q3","no","P10E1"
"734","Q25",45,152,0.25,0,1,20.3723097382648,0,0,"P10 E1 Q3","no","P10E1"
"735","Q25",45,153,0.25,0,1,32.4208784994859,0,1,"P10 E1 Q3","no","P10E1"
"736","Q25",49,154,24.0022875619483,0,1,3.33803005187674,0,0,"P10 E1 Q3","no","P10E1"
"737","Q25",50,155,0.25,0,1,21.3906339579632,0,1,"P10 E1 Q3","no","P10E1"
"738","Q25",51,164,0.25,0,1,3.2656269098331,1,1,"P10 E1 Q3","no","P10E1"
"739","Q25",51,160,0.25,0,1,10.0469831661487,0,1,"P10 E1 Q3","no","P10E1"
"740","Q25",51,163,0.25,0,1,14.18223863875,0,1,"P10 E1 Q3","no","P10E1"
"741","Q25",51,203,0.25,0,1,40.8934269448766,0,1,"P10 E1 Q3","no","P10E1"
"742","Q25",51,199,0.25,0,1,8.2369112894629,0,1,"P10 E1 Q3","no","P10E1"
"743","Q25",51,170,0.25,0,1,10.1662269162598,0,1,"P10 E1 Q3","no","P10E1"
"744","Q25",51,171,0.25,0,1,9.2165831653754,0,1,"P10 E1 Q3","no","P10E1"
"745","Q25",51,188,0.25,0,1,3.5260269100755,1,1,"P10 E1 Q3","no","P10E1"
"746","Q25",51,161,0.25,0,1,11.7477105114827,0,1,"P10 E1 Q3","no","P10E1"
"747","Q25",51,162,0.25,0,1,11.7823136365148,0,1,"P10 E1 Q3","no","P10E1"
"748","Q25",51,202,0.25,0,1,39.6565269437247,0,1,"P10 E1 Q3","no","P10E1"
"749","Q25",51,167,0.25,0,1,4.0782612855898,1,1,"P10 E1 Q3","no","P10E1"
"750","Q25",51,204,0.25,0,1,6.9112269132284,0,1,"P10 E1 Q3","no","P10E1"
"751","Q25",51,169,0.25,0,1,8.07235191430961,0,1,"P10 E1 Q3","no","P10E1"
"752","Q25",51,183,0.25,0,1,0.283359719555605,1,1,"P10 E1 Q3","no","P10E1"
"753","Q25",51,184,0.25,0,1,23.7241152101366,0,1,"P10 E1 Q3","no","P10E1"
"754","Q25",51,198,0.25,0,1,7.1710081634702,0,1,"P10 E1 Q3","no","P10E1"
"755","Q25",51,200,0.25,0,1,32.1049269366917,0,1,"P10 E1 Q3","no","P10E1"
"756","Q25",51,201,0.25,0,1,37.5889761605491,0,1,"P10 E1 Q3","no","P10E1"
"757","Q25",51,186,0.25,0,1,34.0119105322178,0,1,"P10 E1 Q3","no","P10E1"
"758","Q25",51,174,0.25,0,1,13.2668003566474,0,1,"P10 E1 Q3","no","P10E1"
"759","Q25",51,175,0.25,0,1,14.7814823893081,0,1,"P10 E1 Q3","no","P10E1"
"760","Q25",51,165,0.25,0,1,4.5412386297711,0,1,"P10 E1 Q3","no","P10E1"
"761","Q25",51,166,0.25,0,1,3.78642691031821,1,1,"P10 E1 Q3","no","P10E1"
"762","Q25",51,192,0.25,0,1,23.8876988040389,0,1,"P10 E1 Q3","no","P10E1"
"763","Q25",51,168,0.25,0,1,7.69242691395591,0,1,"P10 E1 Q3","no","P10E1"
"764","Q25",51,207,0.25,0,1,20.4989628633829,0,1,"P10 E1 Q3","no","P10E1"
"765","Q25",51,208,0.25,0,1,14.3194902013777,0,1,"P10 E1 Q3","no","P10E1"
"766","Q25",51,210,0.25,0,1,8.68834019613341,0,1,"P10 E1 Q3","no","P10E1"
"767","Q25",51,197,0.25,0,1,6.3144448814225,0,1,"P10 E1 Q3","no","P10E1"
"768","Q25",51,158,0.25,0,1,10.2178605100578,0,1,"P10 E1 Q3","no","P10E1"
"769","Q25",51,159,0.25,0,1,7.28533472607671,0,1,"P10 E1 Q3","no","P10E1"
"770","Q25",51,173,0.25,0,1,11.6262339488694,0,1,"P10 E1 Q3","no","P10E1"
"771","Q25",51,187,0.25,0,1,33.3283605315812,0,1,"P10 E1 Q3","no","P10E1"
"772","Q25",51,194,0.25,0,1,26.9620269319021,0,1,"P10 E1 Q3","no","P10E1"
"773","Q25",51,189,0.25,0,1,5.0884269115306,0,1,"P10 E1 Q3","no","P10E1"
"774","Q25",51,191,0.25,0,1,7.97704410172091,0,1,"P10 E1 Q3","no","P10E1"
"775","Q25",51,205,0.25,0,1,11.4031269174117,0,1,"P10 E1 Q3","no","P10E1"
"776","Q25",51,209,0.25,0,1,13.7986902008928,0,1,"P10 E1 Q3","no","P10E1"
"777","Q25",51,181,0.25,0,1,24.8979105237297,0,1,"P10 E1 Q3","no","P10E1"
"778","Q25",51,182,0.25,0,1,23.0065784907183,0,1,"P10 E1 Q3","no","P10E1"
"779","Q25",51,196,0.25,0,1,32.0398269366312,0,1,"P10 E1 Q3","no","P10E1"
"780","Q25",51,177,0.25,0,1,2.67972690928751,1,1,"P10 E1 Q3","no","P10E1"
"781","Q25",51,156,30.1646427591816,0,1,1.03364357073588e-08,1,0,"P10 E1 Q3","no","P10E1"
"782","Q25",51,185,0.25,0,1,25.1732058364861,0,1,"P10 E1 Q3","no","P10E1"
"783","Q25",51,190,0.25,0,1,6.455526912804,0,1,"P10 E1 Q3","no","P10E1"
"784","Q25",51,179,0.25,0,1,22.5265933340213,0,1,"P10 E1 Q3","no","P10E1"
"785","Q25",51,206,0.25,0,1,31.9457378740435,0,1,"P10 E1 Q3","no","P10E1"
"786","Q25",51,193,0.25,0,1,24.5533269296587,0,1,"P10 E1 Q3","no","P10E1"
"787","Q25",51,195,0.25,0,1,29.6962269344485,0,1,"P10 E1 Q3","no","P10E1"
"788","Q25",51,172,0.25,0,1,10.7836605105847,0,1,"P10 E1 Q3","no","P10E1"
"789","Q25",51,176,0.25,0,1,2.22402690886291,1,1,"P10 E1 Q3","no","P10E1"
"790","Q25",51,157,0.25,0,1,4.2746769107728,1,1,"P10 E1 Q3","no","P10E1"
"791","Q25",51,178,0.25,0,1,21.3174105203951,0,1,"P10 E1 Q3","no","P10E1"
"792","Q25",51,180,0.25,0,1,22.7170605216985,0,1,"P10 E1 Q3","no","P10E1"
"793","Q25",54,215,0.25,0,1,13.5625605131727,0,1,"P10 E1 Q3","no","P10E1"
"794","Q25",54,214,0.25,0,1,12.064910511778,0,1,"P10 E1 Q3","no","P10E1"
"795","Q25",54,213,0.25,0,1,24.7958105236347,0,1,"P10 E1 Q3","no","P10E1"
"796","Q25",54,212,0.25,0,1,27.9070605265322,0,1,"P10 E1 Q3","no","P10E1"
"797","Q26",32,77,0.4017579799459,0,1,0.118598000000006,1,0,"P10 E1 Q4","no","P10E1"
"798","Q26",34,84,0.25,0,1,4.55112300478031,0,1,"P10 E1 Q4","no","P10E1"
"799","Q26",34,79,0.25,0,1,4.887001911343,0,1,"P10 E1 Q4","no","P10E1"
"800","Q26",34,82,0.25,0,1,32.0245784991169,0,1,"P10 E1 Q4","no","P10E1"
"801","Q26",34,80,0.25,0,1,6.05481988118071,0,1,"P10 E1 Q4","no","P10E1"
"802","Q26",34,87,0.25,0,1,38.9002269430204,0,1,"P10 E1 Q4","no","P10E1"
"803","Q26",34,83,0.25,0,1,20.1924980193475,0,1,"P10 E1 Q4","no","P10E1"
"804","Q26",34,78,0.25,1,1,1.9711214398775,1,0,"P10 E1 Q4","no","P10E1"
"805","Q26",34,86,0.25,0,1,42.190835539835,0,1,"P10 E1 Q4","no","P10E1"
"806","Q26",34,81,0.25,0,1,14.5004948890464,0,1,"P10 E1 Q4","no","P10E1"
"807","Q26",34,85,0.25,0,1,11.8512987928292,0,1,"P10 E1 Q4","no","P10E1"
"808","Q26",35,88,0.25,0,1,11.1689144171935,0,1,"P10 E1 Q4","no","P10E1"
"809","Q26",35,89,0.25,0,1,9.6025011344847,0,1,"P10 E1 Q4","no","P10E1"
"810","Q26",35,91,0.25,0,1,17.3343730166856,0,1,"P10 E1 Q4","no","P10E1"
"811","Q26",35,90,0.25,0,1,40.8729035073576,0,1,"P10 E1 Q4","no","P10E1"
"812","Q26",36,92,39.0629946656902,1,1,2.06004528990889e-08,1,0,"P10 E1 Q4","no","P10E1"
"813","Q26",37,106,0.25,0,1,17.9337573922437,0,1,"P10 E1 Q4","no","P10E1"
"814","Q26",37,103,0.25,0,1,17.7101628607856,0,1,"P10 E1 Q4","no","P10E1"
"815","Q26",37,105,0.25,0,1,5.99250425612261,0,1,"P10 E1 Q4","no","P10E1"
"816","Q26",37,97,0.25,0,1,45.8624636682544,0,1,"P10 E1 Q4","no","P10E1"
"817","Q26",37,107,0.25,0,1,27.6387488075322,0,1,"P10 E1 Q4","no","P10E1"
"818","Q26",37,104,0.25,0,1,4.141656598149,1,1,"P10 E1 Q4","no","P10E1"
"819","Q26",37,96,0.25,0,1,21.7698167708165,0,1,"P10 E1 Q4","no","P10E1"
"820","Q26",37,99,0.25,0,1,0.2869730008089,1,1,"P10 E1 Q4","no","P10E1"
"821","Q26",37,100,0.159132985,0,1,0,1,1,"P10 E1 Q4","no","P10E1"
"822","Q26",37,102,0.25,0,1,5.54132300570241,0,1,"P10 E1 Q4","no","P10E1"
"823","Q26",37,98,0.25,0,1,0.9485683139251,1,1,"P10 E1 Q4","no","P10E1"
"824","Q26",37,108,0.25,0,1,3.89583706667,1,1,"P10 E1 Q4","no","P10E1"
"825","Q26",37,109,0.25,0,1,4.3233581608181,1,1,"P10 E1 Q4","no","P10E1"
"826","Q26",37,93,0.25,0,1,6.9513800382657,0,1,"P10 E1 Q4","no","P10E1"
"827","Q26",37,94,0.25,0,1,1.5773706582607,1,1,"P10 E1 Q4","no","P10E1"
"828","Q26",37,95,0.25,0,1,30.042642559771,0,1,"P10 E1 Q4","no","P10E1"
"829","Q26",37,101,0.25,0,1,13.2391066066216,0,1,"P10 E1 Q4","no","P10E1"
"830","Q26",38,110,0.25,0,1,21.2486230203309,0,1,"P10 E1 Q4","no","P10E1"
"831","Q26",38,111,0.25,0,1,26.7882214629902,0,1,"P10 E1 Q4","no","P10E1"
"832","Q26",38,114,0.25,0,1,29.8042417782991,0,1,"P10 E1 Q4","no","P10E1"
"833","Q26",38,113,0.25,0,1,4.8541315988125,0,1,"P10 E1 Q4","no","P10E1"
"834","Q26",38,112,0.25,0,1,5.9544339435873,0,1,"P10 E1 Q4","no","P10E1"
"835","Q26",39,115,0.25,0,1,28.7109956835309,0,1,"P10 E1 Q4","no","P10E1"
"836","Q26",41,159,0.25,0,1,25.6483620869286,0,1,"P10 E1 Q4","no","P10E1"
"837","Q26",41,146,0.25,0,1,25.0828269301519,0,1,"P10 E1 Q4","no","P10E1"
"838","Q26",41,137,0.25,0,1,22.5707448965624,0,1,"P10 E1 Q4","no","P10E1"
"839","Q26",41,160,0.25,0,1,19.2000480184231,0,1,"P10 E1 Q4","no","P10E1"
"840","Q26",41,158,0.25,0,1,32.1195480304553,0,1,"P10 E1 Q4","no","P10E1"
"841","Q26",41,127,0.25,0,1,5.999383162379,0,1,"P10 E1 Q4","no","P10E1"
"842","Q26",41,138,0.25,0,1,25.5289800555675,0,1,"P10 E1 Q4","no","P10E1"
"843","Q26",41,139,0.25,0,1,23.4278448973605,0,1,"P10 E1 Q4","no","P10E1"
"844","Q26",41,136,0.25,0,1,18.3615730176422,0,1,"P10 E1 Q4","no","P10E1"
"845","Q26",41,144,0.25,0,1,44.5226410107566,0,1,"P10 E1 Q4","no","P10E1"
"846","Q26",41,145,0.25,0,1,25.1158433364326,0,1,"P10 E1 Q4","no","P10E1"
"847","Q26",41,118,0.25,0,1,1.25176206420761,1,1,"P10 E1 Q4","no","P10E1"
"848","Q26",41,140,0.25,0,1,26.093311306093,0,1,"P10 E1 Q4","no","P10E1"
"849","Q26",41,134,0.25,0,1,14.7552792642836,0,1,"P10 E1 Q4","no","P10E1"
"850","Q26",41,135,0.25,0,1,18.3896300489183,0,1,"P10 E1 Q4","no","P10E1"
"851","Q26",41,124,0.25,0,1,12.7015019186209,0,1,"P10 E1 Q4","no","P10E1"
"852","Q26",41,123,0.25,1,1,11.0626128545946,0,1,"P10 E1 Q4","no","P10E1"
"853","Q26",41,150,0.25,0,1,9.55233707193811,0,1,"P10 E1 Q4","no","P10E1"
"854","Q26",41,125,0.25,0,1,11.550601917549,0,1,"P10 E1 Q4","no","P10E1"
"855","Q26",41,128,0.25,0,1,3.7722230040548,1,1,"P10 E1 Q4","no","P10E1"
"856","Q26",41,142,0.25,0,1,35.4712683460769,0,1,"P10 E1 Q4","no","P10E1"
"857","Q26",41,143,0.25,0,1,38.0525011609809,0,1,"P10 E1 Q4","no","P10E1"
"858","Q26",41,157,0.25,0,1,22.1449980211658,0,1,"P10 E1 Q4","no","P10E1"
"859","Q26",41,117,0.25,0,1,4.23111284823221,1,1,"P10 E1 Q4","no","P10E1"
"860","Q26",41,129,0.25,0,1,14.2963167638561,0,1,"P10 E1 Q4","no","P10E1"
"861","Q26",41,119,0.25,0,1,14.1303230137016,0,1,"P10 E1 Q4","no","P10E1"
"862","Q26",41,120,0.25,0,1,2.4669698778392,1,1,"P10 E1 Q4","no","P10E1"
"863","Q26",41,121,0.25,0,1,0.6363573761343,1,0,"P10 E1 Q4","no","P10E1"
"864","Q26",41,122,0.25,0,1,10.8960589481895,0,1,"P10 E1 Q4","no","P10E1"
"865","Q26",41,149,0.25,0,1,9.46187535310381,0,1,"P10 E1 Q4","no","P10E1"
"866","Q26",41,116,0.25,0,1,7.88702691413711,0,1,"P10 E1 Q4","no","P10E1"
"867","Q26",41,151,0.25,0,1,5.48155113064669,0,1,"P10 E1 Q4","no","P10E1"
"868","Q26",41,141,0.25,0,1,31.1159019357707,0,1,"P10 E1 Q4","no","P10E1"
"869","Q26",41,153,0.25,0,1,17.6845730170117,0,1,"P10 E1 Q4","no","P10E1"
"870","Q26",41,130,0.25,0,1,2.9544058157932,1,1,"P10 E1 Q4","no","P10E1"
"871","Q26",41,156,0.25,0,1,14.980081608243,0,1,"P10 E1 Q4","no","P10E1"
"872","Q26",41,155,0.25,0,1,14.79431910807,0,1,"P10 E1 Q4","no","P10E1"
"873","Q26",41,133,0.25,0,1,14.2384636388023,0,1,"P10 E1 Q4","no","P10E1"
"874","Q26",41,131,0.25,0,1,10.1458269162407,0,1,"P10 E1 Q4","no","P10E1"
"875","Q26",41,132,0.25,0,1,20.7649230198806,0,1,"P10 E1 Q4","no","P10E1"
"876","Q26",41,126,0.25,0,1,10.2868683226221,0,1,"P10 E1 Q4","no","P10E1"
"877","Q26",41,152,0.25,0,1,41.7121464768892,0,1,"P10 E1 Q4","no","P10E1"
"878","Q26",41,154,0.25,0,1,17.5082019230974,0,1,"P10 E1 Q4","no","P10E1"
"879","Q26",41,148,0.25,0,1,9.105626915272,0,1,"P10 E1 Q4","no","P10E1"
"880","Q26",41,147,0.25,0,1,7.29078941358171,0,1,"P10 E1 Q4","no","P10E1"
"881","Q26",51,179,0.25,0,1,9.51684254065491,0,1,"P10 E1 Q4","no","P10E1"
"882","Q26",51,178,0.25,0,1,12.5370464497177,0,1,"P10 E1 Q4","no","P10E1"
"883","Q26",51,208,0.25,0,1,30.3257300600347,0,1,"P10 E1 Q4","no","P10E1"
"884","Q26",51,205,0.25,1,1,24.1977230230776,0,1,"P10 E1 Q4","no","P10E1"
"885","Q26",51,186,0.25,0,1,8.5855816022877,0,1,"P10 E1 Q4","no","P10E1"
"886","Q26",51,225,0.25,0,1,6.8939534757122,0,1,"P10 E1 Q4","no","P10E1"
"887","Q26",51,226,0.25,0,1,7.8899894141398,0,1,"P10 E1 Q4","no","P10E1"
"888","Q26",51,180,0.25,0,1,12.3390667620333,0,1,"P10 E1 Q4","no","P10E1"
"889","Q26",51,171,0.25,0,1,10.6868464479947,0,1,"P10 E1 Q4","no","P10E1"
"890","Q26",51,177,0.25,0,1,21.7947058333396,0,1,"P10 E1 Q4","no","P10E1"
"891","Q26",51,217,0.25,0,1,36.8493613161104,0,1,"P10 E1 Q4","no","P10E1"
"892","Q26",51,218,0.25,0,1,35.5073488148605,0,1,"P10 E1 Q4","no","P10E1"
"893","Q26",51,219,0.25,1,1,3.2986456598638,1,1,"P10 E1 Q4","no","P10E1"
"894","Q26",51,220,0.25,0,1,3.3539433161653,1,1,"P10 E1 Q4","no","P10E1"
"895","Q26",51,221,0.25,1,1,4.3419534733355,1,1,"P10 E1 Q4","no","P10E1"
"896","Q26",51,209,0.25,0,1,38.3264933487361,0,1,"P10 E1 Q4","no","P10E1"
"897","Q26",51,170,0.25,0,1,13.9087464509953,0,1,"P10 E1 Q4","no","P10E1"
"898","Q26",51,224,0.25,0,1,2.294964408929,1,1,"P10 E1 Q4","no","P10E1"
"899","Q26",51,198,0.25,0,1,19.7027316126413,0,1,"P10 E1 Q4","no","P10E1"
"900","Q26",51,199,0.25,0,1,19.6422456750849,0,1,"P10 E1 Q4","no","P10E1"
"901","Q26",51,200,0.25,0,1,24.7375480235803,0,1,"P10 E1 Q4","no","P10E1"
"902","Q26",51,201,0.25,0,1,25.2830675553384,0,1,"P10 E1 Q4","no","P10E1"
"903","Q26",51,202,0.25,0,1,25.4212761492172,0,1,"P10 E1 Q4","no","P10E1"
"904","Q26",51,230,0.25,0,1,5.7568136309032,0,1,"P10 E1 Q4","no","P10E1"
"905","Q26",51,204,0.25,0,1,32.7174870935123,0,1,"P10 E1 Q4","no","P10E1"
"906","Q26",51,164,0.25,1,1,2.0024675336567,1,1,"P10 E1 Q4","no","P10E1"
"907","Q26",51,206,0.25,0,1,25.0271167738501,0,1,"P10 E1 Q4","no","P10E1"
"908","Q26",51,207,0.25,0,1,28.660730839734,0,1,"P10 E1 Q4","no","P10E1"
"909","Q26",51,222,0.25,0,1,0.3225534695921,1,1,"P10 E1 Q4","no","P10E1"
"910","Q26",51,223,0.25,0,1,0.4182534696813,1,1,"P10 E1 Q4","no","P10E1"
"911","Q26",51,237,0.25,0,1,3.2308183160506,1,1,"P10 E1 Q4","no","P10E1"
"912","Q26",51,211,0.25,0,1,30.3364331850446,0,1,"P10 E1 Q4","no","P10E1"
"913","Q26",51,172,0.25,0,1,4.0080050355245,1,1,"P10 E1 Q4","no","P10E1"
"914","Q26",51,173,0.25,0,1,20.5971128634742,0,1,"P10 E1 Q4","no","P10E1"
"915","Q26",51,174,0.25,0,1,22.3016128650617,0,1,"P10 E1 Q4","no","P10E1"
"916","Q26",51,175,0.25,0,1,18.0106331735655,0,1,"P10 E1 Q4","no","P10E1"
"917","Q26",51,203,0.25,1,1,24.9609152112884,0,1,"P10 E1 Q4","no","P10E1"
"918","Q26",51,188,0.25,0,1,14.6533980141888,0,1,"P10 E1 Q4","no","P10E1"
"919","Q26",51,231,0.25,0,1,3.0549425346368,1,1,"P10 E1 Q4","no","P10E1"
"920","Q26",51,232,0.25,0,1,10.7177362917734,0,1,"P10 E1 Q4","no","P10E1"
"921","Q26",51,233,0.25,0,1,15.6831300463978,0,1,"P10 E1 Q4","no","P10E1"
"922","Q26",51,167,0.25,0,1,15.6632464526292,0,1,"P10 E1 Q4","no","P10E1"
"923","Q26",51,168,0.25,0,1,13.1250566065154,0,1,"P10 E1 Q4","no","P10E1"
"924","Q26",51,210,0.25,0,1,38.5236160051696,0,1,"P10 E1 Q4","no","P10E1"
"925","Q26",51,182,0.25,0,1,13.5822144194411,0,1,"P10 E1 Q4","no","P10E1"
"926","Q26",51,183,0.25,0,1,15.1442816083959,0,1,"P10 E1 Q4","no","P10E1"
"927","Q26",51,184,0.25,0,1,14.1634300449823,0,1,"P10 E1 Q4","no","P10E1"
"928","Q26",51,185,0.25,0,1,4.9808815989305,0,1,"P10 E1 Q4","no","P10E1"
"929","Q26",51,228,0.25,0,1,8.3741706645907,0,1,"P10 E1 Q4","no","P10E1"
"930","Q26",51,176,0.25,0,1,20.1292464567885,0,1,"P10 E1 Q4","no","P10E1"
"931","Q26",51,216,0.25,0,1,44.1734371041815,0,1,"P10 E1 Q4","no","P10E1"
"932","Q26",51,229,0.25,0,1,8.9245948838533,0,1,"P10 E1 Q4","no","P10E1"
"933","Q26",51,189,0.25,0,1,12.5730816060014,0,1,"P10 E1 Q4","no","P10E1"
"934","Q26",51,165,0.25,1,1,16.5848550472376,0,1,"P10 E1 Q4","no","P10E1"
"935","Q26",51,166,0.25,0,1,17.3901277042376,0,1,"P10 E1 Q4","no","P10E1"
"936","Q26",51,234,0.25,0,1,17.771853485843,0,1,"P10 E1 Q4","no","P10E1"
"937","Q26",51,181,0.25,0,1,11.3477659798602,0,1,"P10 E1 Q4","no","P10E1"
"938","Q26",51,196,0.25,0,1,11.6479816051398,0,1,"P10 E1 Q4","no","P10E1"
"939","Q26",51,197,0.25,0,1,13.4353769193043,0,1,"P10 E1 Q4","no","P10E1"
"940","Q26",51,238,0.25,0,1,44.3353660105823,0,1,"P10 E1 Q4","no","P10E1"
"941","Q26",51,239,0.25,0,1,28.8667089649259,0,1,"P10 E1 Q4","no","P10E1"
"942","Q26",51,240,0.25,0,1,30.2087183411757,0,1,"P10 E1 Q4","no","P10E1"
"943","Q26",51,215,0.25,0,1,39.395918349732,0,1,"P10 E1 Q4","no","P10E1"
"944","Q26",51,192,0.25,0,1,33.568742563055,0,1,"P10 E1 Q4","no","P10E1"
"945","Q26",51,190,0.25,0,1,7.6604816014261,0,1,"P10 E1 Q4","no","P10E1"
"946","Q26",51,187,0.25,0,1,6.4432448815424,0,1,"P10 E1 Q4","no","P10E1"
"947","Q26",51,191,0.25,0,1,30.9580769356236,0,1,"P10 E1 Q4","no","P10E1"
"948","Q26",51,236,0.25,0,1,22.3344816150922,0,1,"P10 E1 Q4","no","P10E1"
"949","Q26",51,212,0.25,0,1,34.8984988142935,0,1,"P10 E1 Q4","no","P10E1"
"950","Q26",51,194,0.25,0,1,7.08121831963651,0,1,"P10 E1 Q4","no","P10E1"
"951","Q26",51,169,0.25,0,1,8.70163941489579,0,1,"P10 E1 Q4","no","P10E1"
"952","Q26",51,227,0.25,0,1,9.0950534777621,0,1,"P10 E1 Q4","no","P10E1"
"953","Q26",51,235,0.25,0,1,4.6679940986391,0,1,"P10 E1 Q4","no","P10E1"
"954","Q26",51,213,0.25,0,1,36.0728660028871,0,1,"P10 E1 Q4","no","P10E1"
"955","Q26",51,214,0.25,0,1,36.7801183472958,0,1,"P10 E1 Q4","no","P10E1"
"956","Q26",51,195,0.25,0,1,11.5841816050804,0,1,"P10 E1 Q4","no","P10E1"
"957","Q26",51,193,0.25,0,1,31.1976183420967,0,1,"P10 E1 Q4","no","P10E1"
"958","Q26",54,243,0.25,0,1,1.9067909710675,1,1,"P10 E1 Q4","no","P10E1"
"959","Q26",54,247,0.25,0,1,1.32769487677821,1,0,"P10 E1 Q4","no","P10E1"
"960","Q26",54,242,0.25,0,1,45.8635081995054,0,1,"P10 E1 Q4","no","P10E1"
"961","Q26",54,241,0.25,0,1,16.4001550470655,0,1,"P10 E1 Q4","no","P10E1"
"962","Q26",54,245,0.25,0,1,46.9424058567603,0,1,"P10 E1 Q4","no","P10E1"
"963","Q26",54,244,0.25,0,1,13.093517543986,0,1,"P10 E1 Q4","no","P10E1"
"964","Q26",54,246,0.25,0,1,37.9433058483791,0,1,"P10 E1 Q4","no","P10E1"
"965","Q26",55,248,0.178093533393,0,1,10.3040456626201,0,0,"P10 E1 Q4","no","P10E1"
"966","Q26",55,249,0.25,0,1,43.1178589781983,0,1,"P10 E1 Q4","no","P10E1"
"967","Q3",32,84,105.777469060534,0,1,0.239011294431307,0,0,"E1 Q3","no","E1"
"968","Q3",34,85,0.25,0,1,9.8606776972252,0,0,"E1 Q3","no","E1"
"969","Q3",36,86,0.25,0,1,17.2430573916005,0,1,"E1 Q3","no","E1"
"970","Q3",37,88,0.25,0,1,17.1195573914855,0,0,"E1 Q3","no","E1"
"971","Q3",37,89,0.25,0,1,25.6976988057245,0,0,"E1 Q3","no","E1"
"972","Q3",37,87,0.25,0,1,14.5292761390732,0,1,"E1 Q3","no","E1"
"973","Q3",38,91,0.25,1,1,2.9898581595761,1,1,"E1 Q3","no","E1"
"974","Q3",38,90,0.25,0,1,8.0886839455749,0,1,"E1 Q3","no","E1"
"975","Q3",41,92,0.25,0,1,14.1848191075024,0,1,"E1 Q3","no","E1"
"976","Q3",41,93,0.25,0,1,15.6043191088243,0,1,"E1 Q3","no","E1"
"977","Q3",41,96,0.25,0,1,38.8420574117161,0,1,"E1 Q3","no","E1"
"978","Q3",41,95,0.25,0,1,26.8528159943003,0,0,"E1 Q3","no","E1"
"979","Q3",41,97,0.25,0,1,42.0532246022069,0,1,"E1 Q3","no","E1"
"980","Q3",41,94,0.25,0,1,33.7949472507657,0,1,"E1 Q3","no","E1"
"981","Q3",51,110,0.25,0,1,33.2013425627128,0,0,"E1 Q3","no","E1"
"982","Q3",51,108,0.25,0,1,2.01786987742101,1,1,"E1 Q3","no","E1"
"983","Q3",51,105,0.25,0,1,4.2923081607892,1,1,"E1 Q3","no","E1"
"984","Q3",51,106,0.25,0,1,14.9868097332492,0,1,"E1 Q3","no","E1"
"985","Q3",51,107,0.25,0,1,4.9111589426155,0,1,"E1 Q3","no","E1"
"986","Q3",51,104,0.25,0,1,37.9641050671485,0,1,"E1 Q3","no","E1"
"987","Q3",51,111,0.25,0,1,0.498065969755501,1,1,"E1 Q3","no","E1"
"988","Q3",51,109,0.25,0,1,36.166155065474,0,1,"E1 Q3","no","E1"
"989","Q4",32,90,76.7703435092532,1,1,5.24591988088496,0,0,"E1 Q4","no","E1"
"990","Q4",32,88,3.84890749861015,1,1,3.9204621771205e-09,1,0,"E1 Q4","no","E1"
"991","Q4",32,89,31.5310782675581,0,1,12.2110198901912,0,0,"E1 Q4","no","E1"
"992","Q4",34,95,0.25,1,1,4.1059737856158,1,0,"E1 Q4","no","E1"
"993","Q4",34,91,0.25,0,1,20.4908917696253,0,0,"E1 Q4","no","E1"
"994","Q4",34,94,0.25,0,1,23.6563105225733,0,0,"E1 Q4","no","E1"
"995","Q4",34,93,0.25,0,1,22.3655472401213,0,0,"E1 Q4","no","E1"
"996","Q4",34,92,0.25,0,1,24.3513370857207,0,0,"E1 Q4","no","E1"
"997","Q4",35,96,0.25,0,1,4.50146909848399,0,1,"E1 Q4","no","E1"
"998","Q4",37,100,0.25,0,1,31.9596331865564,0,0,"E1 Q4","no","E1"
"999","Q4",37,102,0.25,1,1,0.4241815946868,1,1,"E1 Q4","no","E1"
"1000","Q4",37,99,0.25,0,1,37.7489488169481,0,1,"E1 Q4","no","E1"
"1001","Q4",37,98,0.25,0,1,32.4912066245516,0,1,"E1 Q4","no","E1"
"1002","Q4",37,101,0.25,0,1,3.89683706667091,1,0,"E1 Q4","no","E1"
"1003","Q4",37,97,0.25,0,1,1.97694800238291,1,1,"E1 Q4","no","E1"
"1004","Q4",38,103,0.25,0,1,22.735780052966,0,1,"E1 Q4","no","E1"
"1005","Q4",41,104,0.25,0,1,16.4064706720714,0,1,"E1 Q4","no","E1"
"1006","Q4",51,108,0.25,0,1,18.4197691114465,0,1,"E1 Q4","no","E1"
"1007","Q4",51,107,0.25,1,1,31.2695761546637,0,1,"E1 Q4","no","E1"
"1008","Q5",32,94,35.9530256234757,1,1,-1.72634129214089e-08,0,0,"E1 Q5","no","E1"
"1009","Q5",33,95,0.25,0,1,11.5548495738029,0,0,"E1 Q5","no","E1"
"1010","Q5",34,98,0.25,0,1,17.8139675483822,0,1,"E1 Q5","no","E1"
"1011","Q5",34,96,0.25,0,1,12.3927089495833,0,1,"E1 Q5","no","E1"
"1012","Q5",34,97,0.25,0,1,3.6952940977331,1,1,"E1 Q5","no","E1"
"1013","Q5",34,99,0.25,0,1,14.3029300451124,0,1,"E1 Q5","no","E1"
"1014","Q5",35,101,0.25,0,1,1.0330784702538,1,1,"E1 Q5","no","E1"
"1015","Q5",35,103,0.25,0,1,4.02289956678841,1,0,"E1 Q5","no","E1"
"1016","Q5",35,102,0.25,0,1,1.3364972205365,1,0,"E1 Q5","no","E1"
"1017","Q5",35,100,0.25,0,1,4.9626628489136,0,1,"E1 Q5","no","E1"
"1018","Q5",37,105,0.25,0,1,17.5652081731505,0,1,"E1 Q5","no","E1"
"1019","Q5",37,115,0.25,0,1,22.5501284902931,0,1,"E1 Q5","no","E1"
"1020","Q5",37,104,0.25,0,1,8.8989269150794,0,1,"E1 Q5","no","E1"
"1021","Q5",37,117,0.25,0,1,6.9185745694851,0,1,"E1 Q5","no","E1"
"1022","Q5",37,106,0.25,0,1,19.6286089563222,0,1,"E1 Q5","no","E1"
"1023","Q5",37,119,0.25,0,1,2.5747097216895,1,1,"E1 Q5","no","E1"
"1024","Q5",37,112,0.25,0,1,0.7951808137823,1,1,"E1 Q5","no","E1"
"1025","Q5",37,118,0.25,0,1,10.927766760719,0,1,"E1 Q5","no","E1"
"1026","Q5",37,114,0.25,0,1,21.2001753640358,0,1,"E1 Q5","no","E1"
"1027","Q5",37,109,0.25,0,1,33.3021574065567,0,1,"E1 Q5","no","E1"
"1028","Q5",37,116,0.25,0,1,15.7374980151984,0,1,"E1 Q5","no","E1"
"1029","Q5",37,107,0.25,0,1,19.8762167690529,0,1,"E1 Q5","no","E1"
"1030","Q5",37,108,0.25,0,1,33.639657406871,0,1,"E1 Q5","no","E1"
"1031","Q5",37,121,0.25,0,1,3.10387769093241,1,1,"E1 Q5","no","E1"
"1032","Q5",37,110,0.25,0,1,36.1770792842341,0,1,"E1 Q5","no","E1"
"1033","Q5",37,111,0.25,0,1,9.1176753527832,0,1,"E1 Q5","no","E1"
"1034","Q5",37,113,0.25,0,1,32.7433269372863,0,1,"E1 Q5","no","E1"
"1035","Q5",37,120,0.25,0,1,19.1813683309058,0,1,"E1 Q5","no","E1"
"1036","Q5",38,125,0.25,0,1,32.4994363120592,0,1,"E1 Q5","no","E1"
"1037","Q5",38,122,0.25,0,1,8.4771901959367,0,1,"E1 Q5","no","E1"
"1038","Q5",38,124,0.25,0,1,20.586090207214,0,1,"E1 Q5","no","E1"
"1039","Q5",38,123,0.25,1,1,19.2619456747308,0,1,"E1 Q5","no","E1"
"1040","Q5",40,126,28.2876036492316,0,1,-1.3454148906078e-08,0,0,"E1 Q5","no","E1"
"1041","Q5",41,127,0.25,1,1,0.3898026884047,1,1,"E1 Q5","no","E1"
"1042","Q5",41,130,0.25,0,1,1.002073001475,1,1,"E1 Q5","no","E1"
"1043","Q5",41,128,0.25,0,1,4.1731362856782,1,1,"E1 Q5","no","E1"
"1044","Q5",41,129,0.25,0,1,2.3915284715189,1,1,"E1 Q5","no","E1"
"1045","Q5",54,133,0.25,0,1,7.2761894135682,0,0,"E1 Q5","no","E1"
"1046","Q6",32,102,25.8281340723945,0,1,-1.97119902622944e-08,0,0,"E1 Q6","no","E1"
"1047","Q6",32,101,37.647608910919,0,1,11.3521003546313,0,0,"E1 Q6","no","E1"
"1048","Q6",32,103,33.073585277253,0,1,-1.97119902622944e-08,0,0,"E1 Q6","no","E1"
"1049","Q6",34,111,0.25,0,1,4.16439175442021,1,1,"E1 Q6","no","E1"
"1050","Q6",34,105,0.25,0,1,13.0155261376633,0,1,"E1 Q6","no","E1"
"1051","Q6",34,109,0.25,0,1,0.981944095206103,1,1,"E1 Q6","no","E1"
"1052","Q6",34,110,0.25,0,1,6.81640816314001,0,1,"E1 Q6","no","E1"
"1053","Q6",34,106,0.25,0,1,7.5223628512975,0,1,"E1 Q6","no","E1"
"1054","Q6",34,104,0.25,0,1,14.9066066081746,0,1,"E1 Q6","no","E1"
"1055","Q6",34,107,0.25,0,1,2.1214878462674,1,1,"E1 Q6","no","E1"
"1056","Q6",34,108,0.25,0,1,7.7736245702815,0,1,"E1 Q6","no","E1"
"1057","Q6",35,117,0.25,0,1,0.5477800323019,1,1,"E1 Q6","no","E1"
"1058","Q6",35,113,0.25,0,1,5.6348456620396,0,1,"E1 Q6","no","E1"
"1059","Q6",35,116,0.25,0,1,9.7765276971468,0,1,"E1 Q6","no","E1"
"1060","Q6",35,130,0.25,0,1,37.4402589729107,0,1,"E1 Q6","no","E1"
"1061","Q6",35,118,0.25,0,1,0.7278534699696,1,1,"E1 Q6","no","E1"
"1062","Q6",35,115,0.25,0,1,10.5868566041515,0,1,"E1 Q6","no","E1"
"1063","Q6",35,133,0.25,0,1,2.6636394092724,1,1,"E1 Q6","no","E1"
"1064","Q6",35,134,0.25,0,1,2.303493315187,1,1,"E1 Q6","no","E1"
"1065","Q6",35,139,0.25,0,1,10.9470026982369,0,1,"E1 Q6","no","E1"
"1066","Q6",35,114,0.25,0,1,18.0148722360693,0,1,"E1 Q6","no","E1"
"1067","Q6",35,141,0.25,0,1,10.7192230105247,0,1,"E1 Q6","no","E1"
"1068","Q6",35,142,0.25,0,1,18.6001097366143,0,1,"E1 Q6","no","E1"
"1069","Q6",35,143,0.25,0,1,15.51366910874,0,1,"E1 Q6","no","E1"
"1070","Q6",35,131,0.25,0,1,36.9450581911995,0,1,"E1 Q6","no","E1"
"1071","Q6",35,132,0.25,0,1,20.5809144259592,0,1,"E1 Q6","no","E1"
"1072","Q6",35,146,0.25,0,1,10.9218050419634,0,1,"E1 Q6","no","E1"
"1073","Q6",35,147,0.25,0,1,9.16609254032821,0,1,"E1 Q6","no","E1"
"1074","Q6",35,135,0.25,0,1,3.8341144103625,1,1,"E1 Q6","no","E1"
"1075","Q6",35,136,0.25,0,1,5.2296815991622,0,1,"E1 Q6","no","E1"
"1076","Q6",35,137,0.25,0,1,9.4613995718533,0,1,"E1 Q6","no","E1"
"1077","Q6",35,138,0.25,0,1,11.3044605110698,0,1,"E1 Q6","no","E1"
"1078","Q6",35,112,0.25,1,1,2.0784019087273,1,1,"E1 Q6","no","E1"
"1079","Q6",35,140,0.25,0,1,14.7285378580087,0,1,"E1 Q6","no","E1"
"1080","Q6",35,154,0.25,0,1,0.77018315750891,1,1,"E1 Q6","no","E1"
"1081","Q6",35,155,0.25,0,1,6.39746831899971,0,1,"E1 Q6","no","E1"
"1082","Q6",35,156,0.25,0,1,8.063144101801,0,1,"E1 Q6","no","E1"
"1083","Q6",35,157,0.25,0,1,8.19819957067681,0,1,"E1 Q6","no","E1"
"1084","Q6",35,158,0.25,0,1,7.07274253837871,0,1,"E1 Q6","no","E1"
"1085","Q6",35,119,0.25,0,1,4.7794987862429,0,1,"E1 Q6","no","E1"
"1086","Q6",35,120,0.25,0,1,5.4097542555799,0,1,"E1 Q6","no","E1"
"1087","Q6",35,121,0.25,0,1,15.8089769215149,0,1,"E1 Q6","no","E1"
"1088","Q6",35,122,0.25,0,1,18.4172081739441,0,1,"E1 Q6","no","E1"
"1089","Q6",35,123,0.25,0,1,19.4076105186165,0,1,"E1 Q6","no","E1"
"1090","Q6",35,124,0.25,0,1,22.4238347401755,0,1,"E1 Q6","no","E1"
"1091","Q6",35,125,0.25,0,1,22.6939448966771,0,1,"E1 Q6","no","E1"
"1092","Q6",35,153,0.25,0,1,1.49047612692981,1,1,"E1 Q6","no","E1"
"1093","Q6",35,127,0.25,0,1,1.7154269083893,1,1,"E1 Q6","no","E1"
"1094","Q6",35,128,0.25,0,1,10.0888269161877,0,1,"E1 Q6","no","E1"
"1095","Q6",35,169,0.25,0,1,21.4335730205033,0,1,"E1 Q6","no","E1"
"1096","Q6",35,170,0.25,0,1,26.3432534938258,0,1,"E1 Q6","no","E1"
"1097","Q6",35,171,0.25,0,1,27.2409308384118,0,1,"E1 Q6","no","E1"
"1098","Q6",35,172,0.25,0,1,14.0055573885853,0,1,"E1 Q6","no","E1"
"1099","Q6",35,173,0.25,0,1,7.4103792574432,0,1,"E1 Q6","no","E1"
"1100","Q6",35,174,0.25,0,1,30.2373347474524,0,1,"E1 Q6","no","E1"
"1101","Q6",35,175,0.25,0,1,12.7000269186196,0,1,"E1 Q6","no","E1"
"1102","Q6",35,176,0.25,0,1,42.589335540206,0,1,"E1 Q6","no","E1"
"1103","Q6",35,177,0.25,0,1,38.9428550680601,0,1,"E1 Q6","no","E1"
"1104","Q6",35,178,0.25,0,1,22.176234739945,0,1,"E1 Q6","no","E1"
"1105","Q6",35,179,0.25,0,1,9.4810800406216,0,1,"E1 Q6","no","E1"
"1106","Q6",35,180,0.25,0,1,11.7319941052179,0,1,"E1 Q6","no","E1"
"1107","Q6",35,181,0.25,0,1,16.008730827951,0,1,"E1 Q6","no","E1"
"1108","Q6",35,182,0.25,0,1,13.577743325687,0,1,"E1 Q6","no","E1"
"1109","Q6",35,183,0.25,0,1,20.4205214570598,0,1,"E1 Q6","no","E1"
"1110","Q6",35,144,0.25,0,1,15.9638519216591,0,1,"E1 Q6","no","E1"
"1111","Q6",35,145,0.25,0,1,15.2435597334883,0,1,"E1 Q6","no","E1"
"1112","Q6",35,185,0.25,0,1,18.3721902051522,0,1,"E1 Q6","no","E1"
"1113","Q6",35,159,0.25,0,1,5.3620480055355,0,1,"E1 Q6","no","E1"
"1114","Q6",35,148,0.25,0,1,8.04063550803021,0,1,"E1 Q6","no","E1"
"1115","Q6",35,149,0.25,0,1,9.0310370714525,0,1,"E1 Q6","no","E1"
"1116","Q6",35,150,0.25,0,1,10.6967136355039,0,1,"E1 Q6","no","E1"
"1117","Q6",35,151,0.25,0,1,7.3653612886512,0,1,"E1 Q6","no","E1"
"1118","Q6",35,152,0.25,0,1,3.6288440976714,1,1,"E1 Q6","no","E1"
"1119","Q6",35,126,0.25,0,1,28.276211308126,0,1,"E1 Q6","no","E1"
"1120","Q6",35,166,0.25,0,1,15.7612698902206,0,1,"E1 Q6","no","E1"
"1121","Q6",35,167,0.25,0,1,17.2018550478122,0,1,"E1 Q6","no","E1"
"1122","Q6",35,168,0.25,0,1,16.4365441095994,0,1,"E1 Q6","no","E1"
"1123","Q6",35,129,0.25,0,1,28.8867863086946,0,1,"E1 Q6","no","E1"
"1124","Q6",35,184,0.25,0,1,28.231193339334,0,1,"E1 Q6","no","E1"
"1125","Q6",35,162,0.25,0,1,13.6454105132499,0,1,"E1 Q6","no","E1"
"1126","Q6",35,164,0.25,0,1,4.5517183172809,0,1,"E1 Q6","no","E1"
"1127","Q6",35,160,0.25,0,1,4.9118651926163,0,1,"E1 Q6","no","E1"
"1128","Q6",35,161,0.25,0,1,10.2240214475636,0,1,"E1 Q6","no","E1"
"1129","Q6",35,165,0.25,0,1,1.40043940809601,1,1,"E1 Q6","no","E1"
"1130","Q6",35,163,0.25,0,1,9.32365582172501,0,1,"E1 Q6","no","E1"
"1131","Q6",36,186,0.25,0,1,13.7062995758067,0,1,"E1 Q6","no","E1"
"1132","Q6",37,187,0.25,0,1,14.0573480136336,0,1,"E1 Q6","no","E1"
"1133","Q6",37,193,0.25,0,1,13.8925237947302,0,1,"E1 Q6","no","E1"
"1134","Q6",37,195,0.25,0,1,3.664912847705,1,1,"E1 Q6","no","E1"
"1135","Q6",37,196,0.25,0,1,15.0775261395838,0,1,"E1 Q6","no","E1"
"1136","Q6",37,197,0.25,0,1,31.7399409988518,0,1,"E1 Q6","no","E1"
"1137","Q6",37,188,0.25,0,1,7.95796519545311,0,1,"E1 Q6","no","E1"
"1138","Q6",37,189,0.25,0,1,19.9412089566133,0,1,"E1 Q6","no","E1"
"1139","Q6",37,190,0.25,0,1,12.8083261374704,0,1,"E1 Q6","no","E1"
"1140","Q6",37,191,0.25,0,1,12.1806323868859,0,1,"E1 Q6","no","E1"
"1141","Q6",37,192,0.25,0,1,9.84104644720701,0,1,"E1 Q6","no","E1"
"1142","Q6",37,194,0.25,0,1,15.198016764696,0,1,"E1 Q6","no","E1"
"1143","Q6",38,200,0.25,0,1,14.8741667643943,0,1,"E1 Q6","no","E1"
"1144","Q6",38,198,0.25,0,1,0.916408157645108,1,1,"E1 Q6","no","E1"
"1145","Q6",38,199,0.25,1,1,13.8775370759662,0,1,"E1 Q6","no","E1"
"1146","Q6",39,201,17.5618462187736,0,1,1.11455032573677,0,0,"E1 Q6","no","E1"
"1147","Q6",40,202,0.25,0,1,10.1625831662564,0,1,"E1 Q6","no","E1"
"1148","Q6",41,203,0.25,0,1,8.4824276959416,0,1,"E1 Q6","no","E1"
"1149","Q6",45,205,0.25,1,1,10.5324948853509,0,1,"E1 Q6","no","E1"
"1150","Q6",49,207,96.6367389260206,1,1,-1.42635903088717e-08,0,0,"E1 Q6","no","E1"
"1151","Q6",51,213,0.25,0,1,1.79573628346419,1,1,"E1 Q6","no","E1"
"1152","Q6",51,222,0.25,0,1,1.3344933142845,1,1,"E1 Q6","no","E1"
"1153","Q6",51,223,0.25,0,1,3.0800901909103,1,1,"E1 Q6","no","E1"
"1154","Q6",51,211,0.25,0,1,12.3588347308017,0,1,"E1 Q6","no","E1"
"1155","Q6",51,212,0.25,0,1,14.1491909824691,0,1,"E1 Q6","no","E1"
"1156","Q6",51,224,0.25,0,1,27.2051331821285,0,1,"E1 Q6","no","E1"
"1157","Q6",51,214,0.25,0,1,11.4860362924889,0,1,"E1 Q6","no","E1"
"1158","Q6",51,219,0.25,0,1,20.5049534883884,0,1,"E1 Q6","no","E1"
"1159","Q6",51,220,0.25,0,1,21.7358230207847,0,1,"E1 Q6","no","E1"
"1160","Q6",51,221,0.25,0,1,11.8032230115344,0,1,"E1 Q6","no","E1"
"1161","Q6",51,208,0.25,0,1,12.4035941058434,0,1,"E1 Q6","no","E1"
"1162","Q6",51,209,0.25,0,1,14.5967800453861,0,1,"E1 Q6","no","E1"
"1163","Q6",51,210,0.25,0,1,12.2693175432185,0,1,"E1 Q6","no","E1"
"1164","Q6",51,216,0.25,0,1,14.1491909824691,0,1,"E1 Q6","no","E1"
"1165","Q6",51,217,0.25,0,1,17.3718308292206,0,1,"E1 Q6","no","E1"
"1166","Q6",51,218,0.25,0,1,20.3259183319716,0,1,"E1 Q6","no","E1"
"1167","Q6",51,215,0.25,0,1,10.7027558230094,0,1,"E1 Q6","no","E1"
"1168","Q6",54,226,0.25,0,1,12.8747112937822,0,1,"E1 Q6","no","E1"
"1169","Q6",54,227,0.25,0,1,13.9613925447943,0,1,"E1 Q6","no","E1"
"1170","Q6",54,225,0.25,0,1,11.4964816049986,0,1,"E1 Q6","no","E1"
"1171","Q7",31,106,0.25,0,1,11.9595636366798,0,0,"P1 E1 Q1","no","P1E1"
"1172","Q7",32,107,11.4579809309868,0,1,-1.75084551301552e-08,1,0,"P1 E1 Q1","no","P1E1"
"1173","Q7",33,111,0.25,0,1,24.9623597425396,0,0,"P1 E1 Q1","no","P1E1"
"1174","Q7",33,108,18.6255286163066,0,1,0.0948432999999971,0,0,"P1 E1 Q1","no","P1E1"
"1175","Q7",33,109,0.25,1,1,2.03836675244,1,0,"P1 E1 Q1","no","P1E1"
"1176","Q7",33,110,0.25,0,1,23.1553589596068,0,0,"P1 E1 Q1","no","P1E1"
"1177","Q7",33,114,0.25,0,1,17.8085605171273,0,0,"P1 E1 Q1","no","P1E1"
"1178","Q7",33,112,0.25,0,1,14.1673683262362,0,0,"P1 E1 Q1","no","P1E1"
"1179","Q7",33,113,0.25,0,1,1.4362222206293,1,0,"P1 E1 Q1","no","P1E1"
"1180","Q7",34,118,0.25,0,1,30.1399230286118,0,1,"P1 E1 Q1","no","P1E1"
"1181","Q7",34,115,0.25,0,1,10.5474964478648,0,1,"P1 E1 Q1","no","P1E1"
"1182","Q7",34,116,0.25,0,1,19.6553277063471,0,1,"P1 E1 Q1","no","P1E1"
"1183","Q7",34,117,0.25,0,1,35.505776939859,0,1,"P1 E1 Q1","no","P1E1"
"1184","Q7",34,119,0.25,0,1,24.0680363042067,0,1,"P1 E1 Q1","no","P1E1"
"1185","Q7",34,120,0.25,0,1,19.3199612997848,0,1,"P1 E1 Q1","no","P1E1"
"1186","Q7",35,124,0.25,0,1,4.8287855050388,0,1,"P1 E1 Q1","no","P1E1"
"1187","Q7",35,122,0.25,0,1,32.3976441244643,0,1,"P1 E1 Q1","no","P1E1"
"1188","Q7",35,121,0.25,0,1,26.8431855255413,0,1,"P1 E1 Q1","no","P1E1"
"1189","Q7",35,123,0.25,0,1,12.4863706684206,0,1,"P1 E1 Q1","no","P1E1"
"1190","Q7",36,127,0.25,0,1,30.3378206850459,0,1,"P1 E1 Q1","no","P1E1"
"1191","Q7",36,126,0.25,0,1,4.3932464421332,1,1,"P1 E1 Q1","no","P1E1"
"1192","Q7",36,125,0.25,1,1,20.9266855200312,0,1,"P1 E1 Q1","no","P1E1"
"1193","Q7",37,137,0.25,0,1,4.30839097330421,1,1,"P1 E1 Q1","no","P1E1"
"1194","Q7",37,132,0.25,0,1,3.6720323789616,1,1,"P1 E1 Q1","no","P1E1"
"1195","Q7",37,128,0.25,0,1,18.7890433305404,0,1,"P1 E1 Q1","no","P1E1"
"1196","Q7",37,129,0.25,0,1,26.2906472437768,0,1,"P1 E1 Q1","no","P1E1"
"1197","Q7",37,131,0.25,0,1,10.3839941039625,0,1,"P1 E1 Q1","no","P1E1"
"1198","Q7",37,136,0.25,0,1,28.7524745898195,0,1,"P1 E1 Q1","no","P1E1"
"1199","Q7",37,133,0.25,0,1,3.8299605041086,1,1,"P1 E1 Q1","no","P1E1"
"1200","Q7",37,130,0.25,0,1,16.5432066096987,0,1,"P1 E1 Q1","no","P1E1"
"1201","Q7",37,135,0.25,0,1,29.3841886529079,0,1,"P1 E1 Q1","no","P1E1"
"1202","Q7",37,140,0.25,0,1,15.5654433275381,0,1,"P1 E1 Q1","no","P1E1"
"1203","Q7",37,141,0.25,0,1,9.0114097276842,0,1,"P1 E1 Q1","no","P1E1"
"1204","Q7",37,134,0.25,0,1,20.0965980192582,0,1,"P1 E1 Q1","no","P1E1"
"1205","Q7",37,138,0.25,0,1,16.9078355162883,0,1,"P1 E1 Q1","no","P1E1"
"1206","Q7",37,139,0.25,0,1,15.6444073901117,0,1,"P1 E1 Q1","no","P1E1"
"1207","Q7",37,142,0.25,1,1,2.5363401904039,1,1,"P1 E1 Q1","no","P1E1"
"1208","Q7",37,143,0.25,0,1,0.6411980011389,1,1,"P1 E1 Q1","no","P1E1"
"1209","Q7",38,145,0.25,0,1,19.3120534872774,0,1,"P1 E1 Q1","no","P1E1"
"1210","Q7",38,144,34.675878572631,1,1,0.328446431314632,1,0,"P1 E1 Q1","no","P1E1"
"1211","Q7",38,146,0.25,0,1,10.9605355107494,0,1,"P1 E1 Q1","no","P1E1"
"1212","Q7",38,147,0.25,0,1,12.8288175437394,0,1,"P1 E1 Q1","no","P1E1"
"1213","Q7",39,148,20.79631490044,0,1,0.0607831496959932,1,0,"P1 E1 Q1","no","P1E1"
"1214","Q7",41,150,0.25,0,1,11.9769878554461,0,1,"P1 E1 Q1","no","P1E1"
"1215","Q7",41,149,0.25,0,1,17.7036527045294,0,1,"P1 E1 Q1","no","P1E1"
"1216","Q7",41,151,0.25,0,1,29.8340128720767,0,0,"P1 E1 Q1","no","P1E1"
"1217","Q7",41,152,0.25,0,1,41.8995706958138,0,1,"P1 E1 Q1","no","P1E1"
"1218","Q7",51,158,0.25,0,1,8.2977292582696,0,1,"P1 E1 Q1","no","P1E1"
"1219","Q8",31,106,92.0308661568272,0,1,-3.80652176446006e-09,0,0,"P1 E1 Q2","no","P1E1"
"1220","Q8",34,110,0.25,0,1,18.881017549376,0,1,"P1 E1 Q2","no","P1E1"
"1221","Q8",34,111,0.25,1,1,20.7971675511605,0,1,"P1 E1 Q2","no","P1E1"
"1222","Q8",34,112,0.25,0,1,16.2121433281405,0,1,"P1 E1 Q2","no","P1E1"
"1223","Q8",34,113,0.25,0,1,14.8536558268753,0,1,"P1 E1 Q2","no","P1E1"
"1224","Q8",34,114,0.25,0,1,11.9090394178829,0,0,"P1 E1 Q2","no","P1E1"
"1225","Q8",34,115,0.25,0,1,28.8901370899478,0,1,"P1 E1 Q2","no","P1E1"
"1226","Q8",34,108,0.25,0,1,20.237013644389,0,1,"P1 E1 Q2","no","P1E1"
"1227","Q8",34,109,0.25,0,1,27.558866776208,0,1,"P1 E1 Q2","no","P1E1"
"1228","Q8",34,107,0.25,0,1,18.3709831739011,0,1,"P1 E1 Q2","no","P1E1"
"1229","Q8",35,116,0.25,0,1,15.0677019208246,0,1,"P1 E1 Q2","no","P1E1"
"1230","Q8",35,119,0.25,0,1,11.1527737921785,0,1,"P1 E1 Q2","no","P1E1"
"1231","Q8",35,120,0.25,0,1,42.7996511654019,0,1,"P1 E1 Q2","no","P1E1"
"1232","Q8",35,117,0.25,0,1,3.8234190978525,1,1,"P1 E1 Q2","no","P1E1"
"1233","Q8",35,118,0.25,0,1,7.1935058197412,0,1,"P1 E1 Q2","no","P1E1"
"1234","Q8",36,121,0.25,1,1,18.361275361392,0,1,"P1 E1 Q2","no","P1E1"
"1235","Q8",37,124,0.25,0,1,1.8763081585391,1,1,"P1 E1 Q2","no","P1E1"
"1236","Q8",37,125,0.25,0,1,1.30323159550541,1,1,"P1 E1 Q2","no","P1E1"
"1237","Q8",37,123,0.25,0,1,13.9168972322528,0,1,"P1 E1 Q2","no","P1E1"
"1238","Q8",37,122,28.536358443277,0,1,0.012554248229818,1,0,"P1 E1 Q2","no","P1E1"
"1239","Q8",37,126,0.25,0,1,2.4439331590678,1,1,"P1 E1 Q2","no","P1E1"
"1240","Q8",38,127,0.25,0,1,14.1570144199765,0,1,"P1 E1 Q2","no","P1E1"
"1241","Q8",41,129,0.25,0,1,27.0246863069604,0,1,"P1 E1 Q2","no","P1E1"
"1242","Q8",41,128,0.25,0,1,21.8247144271175,0,1,"P1 E1 Q2","no","P1E1"
"1243","Q8",41,133,0.25,0,1,6.9038417569714,0,1,"P1 E1 Q2","no","P1E1"
"1244","Q8",41,130,0.25,0,1,25.8691370871342,0,1,"P1 E1 Q2","no","P1E1"
"1245","Q8",41,131,0.25,0,1,25.5539870868408,0,1,"P1 E1 Q2","no","P1E1"
"1246","Q8",41,132,0.25,0,1,4.9604175364114,0,1,"P1 E1 Q2","no","P1E1"
"1247","Q8",41,137,0.25,0,1,12.632844887307,0,0,"P1 E1 Q2","no","P1E1"
"1248","Q8",41,138,0.25,0,1,13.840919888432,0,1,"P1 E1 Q2","no","P1E1"
"1249","Q8",41,139,0.25,0,1,12.2651706682145,0,1,"P1 E1 Q2","no","P1E1"
"1250","Q8",41,140,0.25,0,1,27.4974113074006,0,1,"P1 E1 Q2","no","P1E1"
"1251","Q8",41,141,0.25,0,1,30.1322152161046,0,1,"P1 E1 Q2","no","P1E1"
"1252","Q8",41,142,0.25,0,1,2.3379519089691,1,1,"P1 E1 Q2","no","P1E1"
"1253","Q8",41,143,0.25,0,1,37.3721050665971,0,1,"P1 E1 Q2","no","P1E1"
"1254","Q8",41,144,0.25,0,1,38.5276542864233,0,1,"P1 E1 Q2","no","P1E1"
"1255","Q8",41,145,0.25,0,1,4.80662534876811,0,1,"P1 E1 Q2","no","P1E1"
"1256","Q8",41,146,0.25,0,1,7.11772378842061,0,1,"P1 E1 Q2","no","P1E1"
"1257","Q8",41,134,0.25,0,1,11.2108886359826,0,1,"P1 E1 Q2","no","P1E1"
"1258","Q8",41,135,0.25,0,1,11.683613636423,0,1,"P1 E1 Q2","no","P1E1"
"1259","Q8",41,136,0.25,0,1,13.6270370757329,0,1,"P1 E1 Q2","no","P1E1"
"1260","Q8",41,150,0.25,0,1,10.3298386351622,0,1,"P1 E1 Q2","no","P1E1"
"1261","Q8",41,151,0.25,0,1,5.91774097480301,0,1,"P1 E1 Q2","no","P1E1"
"1262","Q8",41,152,0.25,0,1,3.2389683160583,1,1,"P1 E1 Q2","no","P1E1"
"1263","Q8",41,153,0.25,0,1,7.38844019492281,0,1,"P1 E1 Q2","no","P1E1"
"1264","Q8",41,154,0.25,0,1,2.2409933151288,1,1,"P1 E1 Q2","no","P1E1"
"1265","Q8",41,155,0.25,0,1,2.5561433154224,1,1,"P1 E1 Q2","no","P1E1"
"1266","Q8",41,156,0.25,0,1,2.8086151906574,1,1,"P1 E1 Q2","no","P1E1"
"1267","Q8",41,157,0.25,0,1,5.612805037019,0,1,"P1 E1 Q2","no","P1E1"
"1268","Q8",41,158,0.25,0,1,3.6851644102238,1,1,"P1 E1 Q2","no","P1E1"
"1269","Q8",41,159,0.25,0,1,5.6130448807692,0,1,"P1 E1 Q2","no","P1E1"
"1270","Q8",41,160,0.164701345,0,1,0,1,1,"P1 E1 Q2","no","P1E1"
"1271","Q8",41,148,0.25,0,1,16.2126347343909,0,1,"P1 E1 Q2","no","P1E1"
"1272","Q8",41,149,0.25,0,1,11.8005378552818,0,1,"P1 E1 Q2","no","P1E1"
"1273","Q8",41,163,0.25,0,1,16.7122917661063,0,1,"P1 E1 Q2","no","P1E1"
"1274","Q8",41,164,0.25,0,1,16.4786089533886,0,1,"P1 E1 Q2","no","P1E1"
"1275","Q8",41,165,0.25,0,1,17.4133394230092,0,1,"P1 E1 Q2","no","P1E1"
"1276","Q8",41,166,0.25,0,1,3.55012534759801,1,1,"P1 E1 Q2","no","P1E1"
"1277","Q8",41,167,0.25,0,1,36.733041784752,0,1,"P1 E1 Q2","no","P1E1"
"1278","Q8",41,168,0.25,0,1,19.9845198941537,0,1,"P1 E1 Q2","no","P1E1"
"1279","Q8",41,169,0.25,1,1,7.1305144134325,0,1,"P1 E1 Q2","no","P1E1"
"1280","Q8",41,170,0.25,0,1,9.5841808219677,0,1,"P1 E1 Q2","no","P1E1"
"1281","Q8",41,171,0.25,0,1,10.6941730105014,0,1,"P1 E1 Q2","no","P1E1"
"1282","Q8",41,172,0.25,0,1,10.2268081663162,0,1,"P1 E1 Q2","no","P1E1"
"1283","Q8",41,173,0.25,0,1,11.0446964483279,0,1,"P1 E1 Q2","no","P1E1"
"1284","Q8",41,174,0.25,0,1,16.9454605163234,0,1,"P1 E1 Q2","no","P1E1"
"1285","Q8",41,175,0.25,0,1,25.0075073988317,0,1,"P1 E1 Q2","no","P1E1"
"1286","Q8",41,176,0.25,0,1,26.3511816188331,0,1,"P1 E1 Q2","no","P1E1"
"1287","Q8",41,177,0.25,0,1,28.1622214642697,0,1,"P1 E1 Q2","no","P1E1"
"1288","Q8",41,178,0.25,0,1,28.1038003704654,0,1,"P1 E1 Q2","no","P1E1"
"1289","Q8",41,179,0.25,0,1,40.1384496004236,0,1,"P1 E1 Q2","no","P1E1"
"1290","Q8",41,180,0.25,0,1,41.7158066331425,0,1,"P1 E1 Q2","no","P1E1"
"1291","Q8",41,181,0.25,0,1,39.8463464751515,0,1,"P1 E1 Q2","no","P1E1"
"1292","Q8",41,182,0.25,0,1,2.0482003461992,1,1,"P1 E1 Q2","no","P1E1"
"1293","Q8",41,183,0.25,0,1,11.3370800423502,0,1,"P1 E1 Q2","no","P1E1"
"1294","Q8",41,184,0.25,0,1,3.2166128472874,1,1,"P1 E1 Q2","no","P1E1"
"1295","Q8",41,185,0.25,0,1,4.0345019105491,1,1,"P1 E1 Q2","no","P1E1"
"1296","Q8",41,186,0.25,0,1,38.8817113180031,0,1,"P1 E1 Q2","no","P1E1"
"1297","Q8",41,147,0.25,0,1,6.32984878768681,0,1,"P1 E1 Q2","no","P1E1"
"1298","Q8",41,161,0.25,0,1,15.0771870770834,0,1,"P1 E1 Q2","no","P1E1"
"1299","Q8",41,162,0.25,0,1,17.8229566108906,0,1,"P1 E1 Q2","no","P1E1"
"1300","Q8",45,188,48.5362618249583,1,1,17.5055011357665,0,0,"P1 E1 Q2","no","P1E1"
"1301","Q8",45,189,0.25,1,1,0.283771438305905,1,0,"P1 E1 Q2","no","P1E1"
"1302","Q8",51,191,0.25,0,1,23.3217089597617,0,1,"P1 E1 Q2","no","P1E1"
"1303","Q8",51,192,0.25,0,1,6.74486675682331,0,1,"P1 E1 Q2","no","P1E1"
"1304","Q8",51,190,0.25,0,1,23.5178902099444,0,1,"P1 E1 Q2","no","P1E1"
"1305","Q9",30,105,26.9607701760381,0,1,-2.066444237947e-08,0,0,"P1 E1 Q3","no","P1E1"
"1306","Q9",33,106,0.25,0,1,3.8553995666323,1,0,"P1 E1 Q3","no","P1E1"
"1307","Q9",34,108,0.25,0,1,20.4919542696264,0,1,"P1 E1 Q3","no","P1E1"
"1308","Q9",34,107,0.25,0,1,17.4502417667935,0,1,"P1 E1 Q3","no","P1E1"
"1309","Q9",35,109,0.249999999999999,0,1,15.8972792653472,0,1,"P1 E1 Q3","no","P1E1"
"1310","Q9",35,112,0.25,0,1,16.6653644223125,0,1,"P1 E1 Q3","no","P1E1"
"1311","Q9",35,110,0.25,0,1,13.0860409814791,0,1,"P1 E1 Q3","no","P1E1"
"1312","Q9",35,111,0.25,0,1,3.052967534635,1,1,"P1 E1 Q3","no","P1E1"
"1313","Q9",37,113,11.6463159660188,1,1,1.74086807191998e-08,1,0,"P1 E1 Q3","no","P1E1"
"1314","Q9",37,116,0.25,0,1,20.9408894262945,0,1,"P1 E1 Q3","no","P1E1"
"1315","Q9",37,117,0.25,0,1,23.1418363033442,0,1,"P1 E1 Q3","no","P1E1"
"1316","Q9",37,118,0.25,0,1,20.9633894263153,0,1,"P1 E1 Q3","no","P1E1"
"1317","Q9",37,119,0.25,0,1,3.314919097379,1,1,"P1 E1 Q3","no","P1E1"
"1318","Q9",37,120,0.25,0,1,18.3614847363922,0,1,"P1 E1 Q3","no","P1E1"
"1319","Q9",37,121,0.25,0,1,9.03411050895541,0,1,"P1 E1 Q3","no","P1E1"
"1320","Q9",37,114,0.25,0,1,16.2989659844712,0,1,"P1 E1 Q3","no","P1E1"
"1321","Q9",37,115,0.25,0,1,16.9519558288294,0,1,"P1 E1 Q3","no","P1E1"
"1322","Q9",41,122,0.25,0,1,2.577269096692,1,1,"P1 E1 Q3","no","P1E1"
"1323","Q9",41,123,0.25,0,1,2.5162839403852,1,1,"P1 E1 Q3","no","P1E1"
"1324","Q9",41,126,0.25,0,1,17.2367128603446,0,1,"P1 E1 Q3","no","P1E1"
"1325","Q9",41,127,0.25,0,1,14.6077355141462,0,1,"P1 E1 Q3","no","P1E1"
"1326","Q9",41,124,0.25,0,1,0.9668690951921,1,1,"P1 E1 Q3","no","P1E1"
"1327","Q9",41,125,0.25,0,1,2.040469096192,1,1,"P1 E1 Q3","no","P1E1"
"1328","Q9",41,130,0.25,0,1,4.2715440982699,1,1,"P1 E1 Q3","no","P1E1"
"1329","Q9",41,131,0.25,0,1,18.0102691110652,0,1,"P1 E1 Q3","no","P1E1"
"1330","Q9",41,132,0.25,0,1,2.6845355030419,1,1,"P1 E1 Q3","no","P1E1"
"1331","Q9",41,133,0.25,0,1,4.3218690983167,1,0,"P1 E1 Q3","no","P1E1"
"1332","Q9",41,134,0.25,0,1,1.9398190960983,1,1,"P1 E1 Q3","no","P1E1"
"1333","Q9",41,135,0.25,0,1,14.0745222323997,0,1,"P1 E1 Q3","no","P1E1"
"1334","Q9",41,136,0.25,0,1,36.3955824094378,0,1,"P1 E1 Q3","no","P1E1"
"1335","Q9",41,137,0.25,0,1,1.1010690953171,1,1,"P1 E1 Q3","no","P1E1"
"1336","Q9",41,138,0.25,0,1,14.5210691078156,0,1,"P1 E1 Q3","no","P1E1"
"1337","Q9",41,139,0.249999999999999,0,1,15.9770487966715,0,1,"P1 E1 Q3","no","P1E1"
"1338","Q9",41,140,0.25,0,1,16.7486066098901,0,1,"P1 E1 Q3","no","P1E1"
"1339","Q9",41,128,0.25,0,1,14.9096855144274,0,1,"P1 E1 Q3","no","P1E1"
"1340","Q9",41,129,0.25,0,1,12.8531550437622,0,1,"P1 E1 Q3","no","P1E1"
"1341","Q9",41,143,0.25,0,1,0.7879362825256,1,1,"P1 E1 Q3","no","P1E1"
"1342","Q9",41,144,0.25,0,1,15.603883171324,0,1,"P1 E1 Q3","no","P1E1"
"1343","Q9",41,145,0.25,0,1,15.1249691083779,0,1,"P1 E1 Q3","no","P1E1"
"1344","Q9",41,146,0.25,0,1,16.3774105157943,0,1,"P1 E1 Q3","no","P1E1"
"1345","Q9",41,147,0.250000000000001,0,1,15.7959691090028,0,1,"P1 E1 Q3","no","P1E1"
"1346","Q9",41,148,0.25,0,1,42.6304300714943,0,1,"P1 E1 Q3","no","P1E1"
"1347","Q9",41,149,0.25,0,1,42.5688691339371,0,1,"P1 E1 Q3","no","P1E1"
"1348","Q9",41,150,0.25,0,1,13.4642441068312,0,1,"P1 E1 Q3","no","P1E1"
"1349","Q9",41,151,0.25,0,1,14.7291417642592,0,1,"P1 E1 Q3","no","P1E1"
"1350","Q9",41,152,0.25,0,1,23.1218347408256,0,1,"P1 E1 Q3","no","P1E1"
"1351","Q9",41,153,0.25,0,1,26.0287191185327,0,1,"P1 E1 Q3","no","P1E1"
"1352","Q9",41,141,0.25,0,1,17.5405691106276,0,1,"P1 E1 Q3","no","P1E1"
"1353","Q9",41,142,0.25,0,1,37.7376691294377,0,1,"P1 E1 Q3","no","P1E1"
"1354","Q9",41,156,0.25,0,1,4.1669917544225,1,1,"P1 E1 Q3","no","P1E1"
"1355","Q9",41,157,0.25,0,1,11.3673691048783,0,1,"P1 E1 Q3","no","P1E1"
"1356","Q9",41,158,0.25,0,1,11.8074659802883,0,1,"P1 E1 Q3","no","P1E1"
"1357","Q9",41,159,0.25,0,1,12.6422691060658,0,1,"P1 E1 Q3","no","P1E1"
"1358","Q9",41,160,0.25,0,1,13.4977941068625,0,1,"P1 E1 Q3","no","P1E1"
"1359","Q9",41,161,0.25,0,1,14.2770206700881,0,0,"P1 E1 Q3","no","P1E1"
"1360","Q9",41,162,0.25,0,1,13.1892652003252,0,1,"P1 E1 Q3","no","P1E1"
"1361","Q9",41,163,0.25,0,1,15.9636644216591,0,1,"P1 E1 Q3","no","P1E1"
"1362","Q9",41,164,0.25,0,1,16.4430097346055,0,1,"P1 E1 Q3","no","P1E1"
"1363","Q9",41,165,0.25,0,1,33.1913480314535,0,1,"P1 E1 Q3","no","P1E1"
"1364","Q9",41,166,0.25,0,1,14.7223691080029,0,1,"P1 E1 Q3","no","P1E1"
"1365","Q9",41,167,0.25,0,1,14.2513784825644,0,1,"P1 E1 Q3","no","P1E1"
"1366","Q9",41,168,0.25,0,1,29.3933636529165,0,1,"P1 E1 Q3","no","P1E1"
"1367","Q9",41,169,0.25,0,1,13.2017503565868,0,1,"P1 E1 Q3","no","P1E1"
"1368","Q9",41,170,0.25,0,1,13.3411683254666,0,1,"P1 E1 Q3","no","P1E1"
"1369","Q9",41,171,0.25,0,1,14.9236691081905,0,1,"P1 E1 Q3","no","P1E1"
"1370","Q9",41,172,0.25,0,1,24.7035644297986,0,1,"P1 E1 Q3","no","P1E1"
"1371","Q9",41,173,0.25,0,1,13.0784191064718,0,1,"P1 E1 Q3","no","P1E1"
"1372","Q9",41,174,0.25,0,1,14.8565691081279,0,1,"P1 E1 Q3","no","P1E1"
"1373","Q9",41,175,0.25,0,1,13.2987230129271,0,1,"P1 E1 Q3","no","P1E1"
"1374","Q9",41,176,0.25,0,1,13.917169107253,0,1,"P1 E1 Q3","no","P1E1"
"1375","Q9",41,177,0.25,0,1,17.2219144228308,0,1,"P1 E1 Q3","no","P1E1"
"1376","Q9",41,178,0.25,0,1,18.0121659860668,0,1,"P1 E1 Q3","no","P1E1"
"1377","Q9",41,179,0.25,0,1,17.9096894234715,0,1,"P1 E1 Q3","no","P1E1"
"1378","Q9",41,180,0.25,0,1,17.8914909859545,0,1,"P1 E1 Q3","no","P1E1"
"1379","Q9",41,181,0.25,0,1,18.1550237986999,0,1,"P1 E1 Q3","no","P1E1"
"1380","Q9",41,182,0.25,0,1,19.9812886441507,0,1,"P1 E1 Q3","no","P1E1"
"1381","Q9",41,183,0.25,0,1,3.6173190976606,1,1,"P1 E1 Q3","no","P1E1"
"1382","Q9",41,184,0.25,0,1,9.3028722279556,0,1,"P1 E1 Q3","no","P1E1"
"1383","Q9",41,185,0.25,0,1,8.34793941456631,0,1,"P1 E1 Q3","no","P1E1"
"1384","Q9",41,186,0.25,0,1,6.0162144123947,0,1,"P1 E1 Q3","no","P1E1"
"1385","Q9",41,187,0.25,0,1,9.75849410338,0,1,"P1 E1 Q3","no","P1E1"
"1386","Q9",41,188,0.25,0,1,5.46263941187919,0,1,"P1 E1 Q3","no","P1E1"
"1387","Q9",41,189,0.25,0,1,4.37226441086381,1,1,"P1 E1 Q3","no","P1E1"
"1388","Q9",41,190,0.25,0,1,5.23079175541329,0,1,"P1 E1 Q3","no","P1E1"
"1389","Q9",41,191,0.25,0,1,20.3616308320049,0,1,"P1 E1 Q3","no","P1E1"
"1390","Q9",41,192,0.25,0,1,36.8514558473623,0,1,"P1 E1 Q3","no","P1E1"
"1391","Q9",41,193,0.25,0,1,24.641595679741,0,1,"P1 E1 Q3","no","P1E1"
"1392","Q9",41,154,0.25,0,1,23.5439511474687,0,1,"P1 E1 Q3","no","P1E1"
"1393","Q9",41,155,0.25,0,1,38.7106191303439,0,1,"P1 E1 Q3","no","P1E1"
"1394","Q9",54,196,0.25,0,1,2.41408159654,1,1,"P1 E1 Q3","no","P1E1"
