"","quad","year","trackID","area","survives","age","distEdgeMin","allEdge"
"1","q1",68,19,114.7555,0,1,17.0754547119141,0
"2","q1",69,20,88.8619,1,1,12.9800777435303,0
"3","q10",54,122,2.447021,1,1,0.299652099609375,1
"4","q10",56,123,33.51031,0,1,29.4148178100586,0
"5","q10",58,124,53.0854,1,1,-0.0913123264908791,0
"6","q10",59,125,4.323274,1,1,0.152591720223427,1
"7","q10",61,126,5.65326,0,1,-0.661262512207031,1
"8","q10",62,127,2.840969,0,1,13.221583366394,0
"9","q10",64,131,40.09517,1,1,-0.251068115234375,0
"10","q10",64,130,4.994711,1,1,4.37574005126953,0
"11","q10",64,129,68.27958,0,1,14.8868789672852,0
"12","q10",64,128,54.41712,0,1,14.4909515380859,0
"13","q10",67,137,69.46986,0,1,23.6247043609619,0
"14","q10",67,136,213.4596,0,1,30.1805419921875,0
"15","q10",67,135,299.1571,0,1,-0.0666689574718475,0
"16","q10",67,139,232.5937,1,1,3.72696185112,0
"17","q10",67,138,65.81731,0,1,34.7799644470215,0
"18","q10",67,134,115.7174,0,1,29.8578414916992,0
"19","q10",67,133,97.07668,0,1,14.4242172241211,0
"20","q10",67,132,117.1528,0,1,-0.159408569335938,0
"21","q11",59,67,57.74926,1,1,1.32129228115082,0
"22","q11",60,68,30.74128,1,1,3.50232338905334,0
"23","q11",62,69,3.105635,0,1,21.5816307067871,0
"24","q11",62,70,5.887016,0,1,0.175518944859505,1
"25","q11",67,73,12.9192,0,1,41.1317024230957,0
"26","q11",67,72,187.5298,0,1,28.2695693969727,0
"27","q11",67,71,26.41177,0,1,13.903977394104,0
"28","q11",67,74,8.321138,0,1,22.8424434661865,0
"29","q11",68,75,31.359,0,1,1.47329711914062,0
"30","q11",69,76,24.12039,1,1,35.5486259460449,0
"31","q11",71,78,10.09422,0,1,13.4550018310547,0
"32","q11",71,77,14.29483,0,1,28.7975540161133,0
"33","q12",71,-Inf,501.48547,0,1,-0.221032306551933,0
"34","q13",44,4,106.157,1,1,0.524089455604553,0
"35","q13",46,5,53.08378,0,1,5.48784112930298,0
"36","q13",46,6,116.2909,0,1,-0.0103568779304624,0
"37","q13",47,7,3.080521,0,1,-0.0579073913395405,1
"38","q13",47,8,68.08933,1,1,-0.0163256619125605,0
"39","q13",49,9,3.992723,0,1,18.6143245697021,0
"40","q13",50,10,18.9639,0,1,15.5092468261719,0
"41","q13",50,11,16.40323,0,1,7.82449626922607,0
"42","q13",50,12,13.81206,0,1,5.55257177352905,0
"43","q13",50,13,5.239893,0,1,6.28422451019287,0
"44","q13",51,14,5.631529,0,1,10.0736894607544,0
"45","q13",52,16,92.19143,0,1,0.129689648747444,0
"46","q13",52,15,19.39226,0,1,22.7050704956055,0
"47","q13",56,17,31.75889,1,1,-0.083709716796875,0
"48","q13",56,18,58.12889,1,1,-0.90167236328125,0
"49","q13",58,19,15.28438,1,1,30.7273864746094,0
"50","q13",58,22,5.360665,0,1,16.8298511505127,0
"51","q13",58,23,0.7288774,0,1,10.6541328430176,0
"52","q13",58,24,4.202946,1,1,0.961507499217987,1
"53","q13",58,25,30.70884,1,1,2.08973932266235,0
"54","q13",58,20,15.70833,1,1,26.9673118591309,0
"55","q13",58,21,18.20982,0,1,44.5076370239258,0
"56","q13",59,27,3.941413,1,1,-0.112374253571033,1
"57","q13",59,26,24.05227,0,1,15.0245132446289,0
"58","q13",60,29,1.139849,0,1,0.612060546875,1
"59","q13",60,28,55.80754,0,1,20.3395309448242,0
"60","q13",61,30,6.720856,0,1,0.56179666519165,1
"61","q13",62,31,73.20643,1,1,0.723442077636719,0
"62","q13",62,32,6.325064,0,1,18.1108779907227,0
"63","q13",63,34,19.43794,0,1,24.2129745483398,0
"64","q13",63,33,18.99476,0,1,29.3328399658203,0
"65","q13",64,35,80.70189,0,1,39.9267311096191,0
"66","q13",71,36,450.7744,0,1,-0.638648986816406,0
"67","q13",71,37,20.70375,0,1,5.01282405853271,0
"68","q13",71,38,53.48855,0,1,-0.641400992870331,0
"69","q15",34,4,38.23715,0,1,0.161567687988281,1
"70","q15",64,5,71.2234,1,1,0.0556704811751842,0
"71","q15",67,7,72.23563,1,1,-0.173149108886719,0
"72","q15",67,6,61.84642,1,1,0.136695861816406,0
"73","q15",69,8,24.52606,1,1,20.4833526611328,0
"74","q16",33,36,128.0696,1,1,3.35899925231934,0
"75","q16",50,38,7.25238,1,1,1.91731381416321,0
"76","q16",50,37,6.141872,1,1,15.5037469863892,0
"77","q16",62,39,26.8007,1,1,13.8066253662109,0
"78","q16",62,41,3.7441,1,1,1.35683906078339,1
"79","q16",62,40,15.07647,1,1,10.1727046966553,0
"80","q16",63,42,281.6901,1,1,-1.0794734954834,0
"81","q16",64,43,121.6014,0,1,11.6259546279907,0
"82","q16",65,44,32.1773,1,1,12.9288635253906,0
"83","q16",65,45,3.22218,1,1,4.15177631378174,0
"84","q16",68,46,97.51092,0,1,-0.569769501686096,0
"85","q16",68,48,31.23897,0,1,-0.35604602098465,1
"86","q16",68,47,112.9125,1,1,-0.0630722045898438,0
"87","q17",33,12,1630.961,1,1,-0.0392188839614391,0
"88","q17",35,24,17.08811,1,1,3.60780334472656,0
"89","q17",35,20,36.20704,0,1,5.56974792480469,0
"90","q17",35,45,16.0633,0,1,11.8427286148071,0
"91","q17",35,21,11.85005,0,1,17.8212280273438,0
"92","q17",35,46,18.75656,1,1,5.17619323730469,0
"93","q17",35,22,15.79306,1,1,13.2509613037109,0
"94","q17",35,40,17.30256,0,1,14.8802108764648,0
"95","q17",35,29,13.87462,0,1,22.5554962158203,0
"96","q17",35,23,30.93933,0,1,0.00012969970703125,0
"97","q17",35,17,5.402499,0,1,22.6640396118164,0
"98","q17",35,43,3.021684,0,1,16.4642105102539,0
"99","q17",35,41,2.463569,0,1,2.93484497070312,1
"100","q17",35,38,25.33165,0,1,19.5962390899658,0
"101","q17",35,42,24.69045,0,1,8.60568237304688,0
"102","q17",35,13,6.347565,0,1,0.09625244140625,1
"103","q17",35,44,8.176096,0,1,13.3146600723267,0
"104","q17",35,19,18.93674,0,1,-0.00894927978515625,1
"105","q17",35,25,5.729503,0,1,11.3596420288086,0
"106","q17",35,15,12.7338,0,1,10.533203125,0
"107","q17",35,14,5.422313,0,1,3.96254730224609,0
"108","q17",35,32,15.70689,0,1,26.5353164672852,0
"109","q17",35,37,22.72694,1,1,4.05088043212891,0
"110","q17",35,48,21.68215,1,1,0.0581741333007812,1
"111","q17",35,18,5.05881,0,1,5.32351684570312,0
"112","q17",35,26,16.2678,1,1,0.00749969482421875,1
"113","q17",35,28,8.248085,0,1,3.84523010253906,0
"114","q17",35,39,21.7731,0,1,5.60787963867188,0
"115","q17",35,34,23.684,1,1,14.9274978637695,0
"116","q17",35,16,5.640514,0,1,14.1390686035156,0
"117","q17",35,35,7.550848,0,1,9.1287841796875,0
"118","q17",35,31,4.161994,0,1,19.7133178710938,0
"119","q17",35,27,13.73643,0,1,31.0046939849854,0
"120","q17",35,33,6.623868,0,1,3.40305328369141,0
"121","q17",35,36,22.7411,0,1,23.9699974060059,0
"122","q17",35,47,19.72893,0,1,5.6926851272583,0
"123","q17",35,30,14.55767,0,1,9.38222503662109,0
"124","q17",58,50,1.215634,1,1,23.0194244384766,0
"125","q17",58,51,4.068133,1,1,3.0830078125,0
"126","q17",58,52,2.478924,0,1,-0.307266235351562,1
"127","q17",58,49,4.654334,1,1,12.0436019897461,0
"128","q17",60,54,14.54043,1,1,29.720588684082,0
"129","q17",60,55,21.10027,1,1,23.5144653320312,0
"130","q17",60,53,3.47056,0,1,0.0030975341796875,1
"131","q17",61,57,14.63686,0,1,-0.0043388488702476,1
"132","q17",61,56,21.331,1,1,-0.0102094262838364,0
"133","q17",61,58,3.035483,0,1,10.0456466674805,0
"134","q17",62,60,11.84029,1,1,25.7924785614014,0
"135","q17",62,59,103.669,0,1,3.81347393989563,0
"136","q17",63,61,63.58867,0,1,17.9175872802734,0
"137","q17",65,63,27.72354,0,1,43.2349548339844,0
"138","q17",65,62,94.87165,1,1,0.763954162597656,0
"139","q17",67,66,119.8557,0,1,-0.795501708984375,0
"140","q17",67,65,102.2086,0,1,0.470382690429688,0
"141","q17",67,64,86.70137,0,1,0.275947570800781,0
"142","q18",40,5,4.370442,0,1,2.12941741943359,0
"143","q18",58,6,28.06556,1,1,1.26605224609375,0
"144","q18",59,7,52.67391,0,1,24.1557445526123,0
"145","q18",66,8,140.2375,0,1,-0.599998474121094,0
"146","q19",33,9,9.366239,1,1,1.86119842529297,0
"147","q19",33,6,8.482574,1,1,0.535560607910156,1
"148","q19",33,7,8.952804,0,1,-0.0183563232421875,1
"149","q19",33,8,67.93279,1,1,-0.0243546944111586,0
"150","q19",44,10,73.97522,1,1,-0.8834228515625,0
"151","q19",48,11,7.069699,0,1,11.74036693573,0
"152","q19",49,12,7.861547,0,1,3.1922607421875,0
"153","q19",50,14,10.29178,0,1,0.073333740234375,1
"154","q19",50,15,5.990389,1,1,34.9054985046387,0
"155","q19",50,17,8.308665,0,1,27.2853164672852,0
"156","q19",50,13,1.66853,0,1,10.6679840087891,0
"157","q19",50,16,16.51307,1,1,32.654899597168,0
"158","q19",52,19,13.39163,1,1,29.7065773010254,0
"159","q19",52,21,7.56163,0,1,25.6035785675049,0
"160","q19",52,20,9.131108,1,1,19.4444904327393,0
"161","q19",52,18,12.73855,0,1,25.1548404693604,0
"162","q19",54,23,53.91,0,1,0.849998474121094,0
"163","q19",54,22,29.215,0,1,14.4499969482422,0
"164","q19",56,24,65.1425,1,1,-0.400001525878906,0
"165","q19",57,26,6.622499,0,1,7.25,0
"166","q19",57,25,9.8275,0,1,11.9000015258789,0
"167","q19",59,27,41.13526,0,1,11.0919036865234,0
"168","q19",62,30,38.43406,1,1,17.7073059082031,0
"169","q19",62,28,91.03577,0,1,13.2388763427734,0
"170","q19",62,29,21.21017,0,1,14.8514633178711,0
"171","q19",70,32,35.37285,1,1,18.8456935882568,0
"172","q19",70,34,40.04337,1,1,1.56208443641663,0
"173","q19",70,33,62.17902,1,1,14.8265514373779,0
"174","q19",70,31,354.9893,1,1,22.2913227081299,0
"175","q19",71,38,0.7362871,0,1,0.39974120259285,1
"176","q19",71,36,0.7362903,0,1,1.03136444091797,1
"177","q19",71,37,0.7362973,0,1,1.86023199558258,1
"178","q19",71,35,0.736291,0,1,17.2175827026367,0
"179","q20",33,5,22.99777,1,1,-0.0102691650390625,1
"180","q20",33,8,3.662812,0,1,-0.01544189453125,1
"181","q20",33,9,9.725977,1,1,0.934219360351562,1
"182","q20",33,7,21.47552,1,1,16.9742221832275,0
"183","q20",34,11,7.204999,0,1,5.69999980926514,0
"184","q20",34,10,63.47001,1,1,-0.0500030517578125,0
"185","q20",38,12,5.694347,0,1,0.671653747558594,1
"186","q20",38,13,16.41966,0,1,1.16219747066498,0
"187","q20",48,14,16.33519,1,1,31.8618240356445,0
"188","q20",49,16,9.112684,0,1,9.09268951416016,0
"189","q20",49,15,43.43144,0,1,12.5169677734375,0
"190","q20",56,17,45.79659,0,1,6.14725494384766,0
"191","q20",58,18,23.35402,0,1,42.8901443481445,0
"192","q20",59,19,19.93197,1,1,-0.595844924449921,1
"193","q20",61,20,13.30959,0,1,33.492790222168,0
"194","q20",63,21,244.5731,1,1,2.21548748016357,0
"195","q20",66,22,67.84167,0,1,0.431343078613281,0
"196","q20",71,24,18.08626,0,1,-0.225049734115601,0
"197","q21",34,24,1.403368,0,1,12.9579696655273,0
"198","q21",34,30,1.869343,1,1,3.32324981689453,0
"199","q21",34,20,4.141117,1,1,20.4183120727539,0
"200","q21",34,25,1.100871,0,1,11.5309524536133,0
"201","q21",34,23,2.604328,1,1,30.893310546875,0
"202","q21",34,21,1.065136,1,1,22.329963684082,0
"203","q21",34,19,4.926821,1,1,8.80210876464844,0
"204","q21",34,27,1.734511,0,1,20.5170822143555,0
"205","q21",34,22,1.616796,0,1,22.1214218139648,0
"206","q21",34,18,1.561851,0,1,0.867599487304688,1
"207","q21",34,17,5.980866,1,1,0.818099975585938,1
"208","q21",34,29,0.8038312,1,1,16.0878829956055,0
"209","q21",34,26,3.308992,1,1,7.41853332519531,0
"210","q21",34,28,2.187092,1,1,18.9987335205078,0
"211","q21",35,38,4.465223,1,1,-0.460829377174377,1
"212","q21",35,34,3.333881,0,1,3.58062744140625,0
"213","q21",35,31,11.92878,1,1,9.64382171630859,0
"214","q21",35,36,13.4757,1,1,23.4368438720703,0
"215","q21",35,33,7.859422,0,1,35.174934387207,0
"216","q21",35,32,6.166724,0,1,27.3166885375977,0
"217","q21",35,37,7.652624,0,1,26.2997550964355,0
"218","q21",35,35,3.451572,0,1,3.42819213867188,0
"219","q21",40,39,4.759089,0,1,6.26449584960938,0
"220","q21",40,40,42.60372,1,1,6.39384794235229,0
"221","q21",40,41,5.13283,1,1,2.40072703361511,0
"222","q21",42,43,0.5219942,0,1,22.7697525024414,0
"223","q21",42,46,23.15414,1,1,-0.767219543457031,1
"224","q21",42,42,1.760047,0,1,20.3318634033203,0
"225","q21",42,45,62.84468,0,1,4.66847229003906,0
"226","q21",42,44,0.5262414,0,1,24.2274188995361,0
"227","q21",46,49,4.265132,0,1,-0.640403747558594,1
"228","q21",46,50,7.873575,1,1,5.80116271972656,0
"229","q21",46,47,4.514735,1,1,-0.263397216796875,1
"230","q21",46,48,5.299228,0,1,-0.229019165039062,1
"231","q21",47,51,2.609634,0,1,9.60662841796875,0
"232","q21",50,54,6.289899,0,1,0.0041351318359375,1
"233","q21",50,56,3.844568,1,1,6.01971435546875,0
"234","q21",50,55,6.061079,0,1,2.29353332519531,1
"235","q21",50,57,4.407029,0,1,1.19467163085938,1
"236","q21",50,52,2.886257,0,1,24.5436782836914,0
"237","q21",50,53,2.106939,0,1,37.1591835021973,0
"238","q21",52,58,10.56056,1,1,22.947151184082,0
"239","q21",53,61,3.953539,1,1,15.5944671630859,0
"240","q21",53,59,0.2183879,0,1,-0.0437698364257812,1
"241","q21",53,60,1.270713,0,1,-0.0409164428710938,1
"242","q21",54,63,6.838839,1,1,23.7748413085938,0
"243","q21",54,64,6.823313,1,1,23.8642959594727,0
"244","q21",54,62,4.889061,1,1,0.55023193359375,1
"245","q21",55,65,5.967786,1,1,22.1442260742188,0
"246","q21",57,66,3.324067,0,1,10.4817504882812,0
"247","q21",57,67,4.057379,0,1,11.3617782592773,0
"248","q21",58,68,25.9658,1,1,0.0477580577135086,1
"249","q21",59,71,1.91851,0,1,24.4494781494141,0
"250","q21",59,70,9.388341,1,1,3.78357243537903,0
"251","q21",59,69,9.209661,1,1,15.2540740966797,0
"252","q21",61,77,5.071195,0,1,4.12355899810791,0
"253","q21",61,73,26.89371,1,1,28.4105682373047,0
"254","q21",61,74,3.95517,1,1,40.1876983642578,0
"255","q21",61,76,3.668493,0,1,0.3280029296875,1
"256","q21",61,72,26.71959,0,1,25.5995712280273,0
"257","q21",61,78,4.4787,1,1,2.41393280029297,0
"258","q21",61,75,11.24364,0,1,6.60279989242554,0
"259","q21",61,79,3.09562,0,1,0.515914916992188,1
"260","q21",62,80,0.7328251,1,1,16.9709987640381,0
"261","q21",62,81,2.873263,1,1,6.01750802993774,0
"262","q21",63,87,7.614092,0,1,38.6887130737305,0
"263","q21",63,85,0.6680069,0,1,47.6977996826172,0
"264","q21",63,86,0.6680069,0,1,43.7898941040039,0
"265","q21",63,83,0.6680023,1,1,9.85465240478516,0
"266","q21",63,88,0.6680052,1,1,6.41631317138672,0
"267","q21",63,89,0.6680022,0,1,0.685676574707031,1
"268","q21",63,82,0.6680021,0,1,8.14433288574219,0
"269","q21",63,84,0.6680007,0,1,46.3525543212891,0
"270","q21",64,92,8.819366,0,1,26.0284042358398,0
"271","q21",64,93,50.96855,0,1,3.14857482910156,0
"272","q21",64,95,13.12354,0,1,33.8074417114258,0
"273","q21",64,90,3.305171,0,1,-0.0728836059570312,1
"274","q21",64,94,3.532729,0,1,28.6642532348633,0
"275","q21",64,91,7.104897,0,1,16.3150787353516,0
"276","q21",65,96,8.579897,0,1,18.8968906402588,0
"277","q22",35,21,3.27616,1,1,26.4579162597656,0
"278","q22",35,16,12.21113,0,1,-0.0649337768554688,1
"279","q22",35,20,0.6529578,0,1,24.7924041748047,0
"280","q22",35,19,2.178271,0,1,30.2438735961914,0
"281","q22",35,18,1.032492,0,1,30.5883026123047,0
"282","q22",35,17,6.847844,1,1,11.5133037567139,0
"283","q22",37,22,28.62697,1,1,1.06836748123169,0
"284","q22",40,25,57.95473,1,1,-0.0967201292514801,0
"285","q22",40,24,0.6873847,1,1,7.47736358642578,0
"286","q22",40,23,0.6873925,1,1,43.5293502807617,0
"287","q22",41,28,0.6935868,0,1,36.4254875183105,0
"288","q22",41,27,0.6935867,0,1,41.3471260070801,0
"289","q22",41,29,0.6935835,0,1,37.5988235473633,0
"290","q22",41,26,0.6935899,0,1,33.5229454040527,0
"291","q22",42,30,12.72912,1,1,8.46176147460938,0
"292","q22",43,34,2.839373,0,1,8.98698043823242,0
"293","q22",43,32,3.09474,0,1,10.028923034668,0
"294","q22",43,31,6.406824,0,1,39.1499366760254,0
"295","q22",43,33,4.995469,0,1,12.2855024337769,0
"296","q22",45,35,18.59688,0,1,22.6333599090576,0
"297","q22",47,37,1.796636,0,1,36.144702911377,0
"298","q22",47,38,4.129779,0,1,12.9366264343262,0
"299","q22",47,39,2.717056,0,1,0.137828946113586,1
"300","q22",47,36,4.917784,1,1,4.30039978027344,0
"301","q22",50,43,2.84756,0,1,12.184024810791,0
"302","q22",50,41,5.171042,0,1,35.6206665039062,0
"303","q22",50,44,3.37206,0,1,6.22958135604858,0
"304","q22",50,42,1.14822,0,1,37.3288764953613,0
"305","q22",50,40,0.8223523,0,1,-0.723159790039062,1
"306","q22",50,45,2.560337,1,1,-0.695748746395111,1
"307","q22",53,46,4.868243,0,1,39.4483947753906,0
"308","q22",53,48,5.346989,0,1,22.6642932891846,0
"309","q22",53,49,5.109925,0,1,2.01663517951965,1
"310","q22",53,47,4.44481,1,1,24.0378341674805,0
"311","q22",54,50,25.89004,1,1,-0.166892647743225,1
"312","q22",55,51,16.63125,0,1,28.5199127197266,0
"313","q22",57,52,7.16441,0,1,7.10127639770508,0
"314","q22",58,53,4.004993,0,1,5.8831000328064,0
"315","q22",59,54,8.48744,1,1,6.74092864990234,0
"316","q22",65,57,3.071847,1,1,8.51793766021729,0
"317","q22",65,56,2.261744,0,1,4.49344635009766,0
"318","q22",67,58,10.40782,0,1,2.91555166244507,0
"319","q22",71,61,0.725185,0,1,13.8799133300781,0
"320","q22",71,64,0.7251911,0,1,3.69641351699829,1
"321","q22",71,59,0.7251883,0,1,15.5727615356445,0
"322","q22",71,60,0.725185,0,1,10.8329315185547,0
"323","q22",71,68,0.7251915,0,1,2.02424049377441,1
"324","q22",71,63,0.7251948,0,1,3.52471160888672,1
"325","q22",71,65,0.7251842,0,1,12.3389196395874,0
"326","q22",71,67,0.7251933,0,1,3.20780730247498,1
"327","q22",71,69,0.7251915,0,1,1.79776477813721,1
"328","q22",71,66,0.7251911,0,1,4.0441517829895,1
"329","q22",71,62,0.7251948,0,1,14.3104858398438,0
"330","q23",35,28,4.335224,0,1,27.312141418457,0
"331","q23",35,35,5.844166,1,1,14.0003490447998,0
"332","q23",35,33,2.467509,0,1,1.94937133789062,1
"333","q23",35,31,2.239134,0,1,2.92885589599609,1
"334","q23",35,30,2.455112,0,1,1.92446029186249,1
"335","q23",35,27,9.943911,0,1,19.7622985839844,0
"336","q23",35,36,8.030528,1,1,12.6517086029053,0
"337","q23",35,34,4.515377,0,1,7.08322143554688,0
"338","q23",35,26,20.43909,1,1,0.00736236572265625,1
"339","q23",35,32,29.97061,1,1,14.273344039917,0
"340","q23",35,29,3.488857,0,1,5.2424578666687,0
"341","q23",38,37,10.86778,1,1,2.93965148925781,0
"342","q23",38,38,9.631019,0,1,-0.219322204589844,1
"343","q23",40,39,9.428319,0,1,-0.408737182617188,1
"344","q23",40,40,25.9327,1,1,-0.0281354244798422,1
"345","q23",42,41,2.864312,0,1,1.47444915771484,1
"346","q23",42,42,4.348202,1,1,1.61316680908203,1
"347","q23",42,43,4.186366,1,1,3.74659729003906,0
"348","q23",43,45,4.5923,0,1,14.6147766113281,0
"349","q23",43,46,13.33228,0,1,26.9783096313477,0
"350","q23",43,44,7.822315,0,1,-0.0215682983398438,1
"351","q23",45,47,2.899154,0,1,20.7149696350098,0
"352","q23",47,49,4.74339,1,1,14.1033716201782,0
"353","q23",47,48,4.371241,0,1,2.80742645263672,0
"354","q23",49,51,0.9681158,0,1,14.9089050292969,0
"355","q23",49,50,13.43611,0,1,16.6720962524414,0
"356","q23",50,52,3.172385,1,1,22.5078582763672,0
"357","q23",50,53,2.877528,0,1,1.54953765869141,1
"358","q23",50,54,13.00545,1,1,0.0052642822265625,1
"359","q23",50,55,5.434387,0,1,0.0135269165039062,1
"360","q23",50,56,3.935893,1,1,4.07042026519775,0
"361","q23",54,65,25.28575,1,1,12.1330490112305,0
"362","q23",54,61,3.839581,0,1,5.99562072753906,0
"363","q23",54,63,7.234578,0,1,-0.0609130859375,1
"364","q23",54,60,10.12334,0,1,-0.0908432006835938,1
"365","q23",54,64,6.373789,0,1,11.014404296875,0
"366","q23",54,62,11.59375,1,1,4.34799194335938,0
"367","q23",54,58,7.245737,0,1,1.82386779785156,0
"368","q23",54,59,3.784045,1,1,22.51123046875,0
"369","q23",54,66,3.748588,0,1,7.64046478271484,0
"370","q23",54,57,46.13805,0,1,-0.299156188964844,0
"371","q23",55,67,2.783777,1,1,27.6047973632812,0
"372","q23",56,68,5.097145,0,1,6.53032970428467,0
"373","q23",59,69,18.2406,0,1,0.168159484863281,1
"374","q23",60,71,8.065234,0,1,4.5215802192688,0
"375","q23",60,70,5.118166,0,1,7.75216102600098,0
"376","q23",64,83,15.3909,1,1,44.7535667419434,0
"377","q23",64,82,4.408409,1,1,0.78167724609375,1
"378","q23",64,86,3.24017,1,1,6.6026463508606,0
"379","q23",64,85,29.08122,0,1,10.2489585876465,0
"380","q23",64,84,4.519317,1,1,8.56034851074219,0
"381","q23",65,87,72.42527,1,1,23.7253475189209,0
"382","q23",66,88,21.87677,1,1,22.1332397460938,0
"383","q23",66,90,10.34866,1,1,17.5881042480469,0
"384","q23",66,89,7.306419,0,1,27.1843414306641,0
"385","q23",67,95,17.80106,0,1,7.31212615966797,0
"386","q23",67,91,8.247871,1,1,32.4521484375,0
"387","q23",67,93,10.59047,0,1,18.5706787109375,0
"388","q23",67,92,9.5136,0,1,36.3108062744141,0
"389","q23",67,96,19.52874,0,1,15.2391185760498,0
"390","q23",67,94,10.21868,0,1,31.7621536254883,0
"391","q23",71,105,0.7189082,0,1,23.092643737793,0
"392","q23",71,104,0.7189049,0,1,18.6622543334961,0
"393","q23",71,106,0.7188984,0,1,24.6929626464844,0
"394","q23",71,107,0.718905,0,1,31.905143737793,0
"395","q23",71,119,0.7189114,0,1,37.5445671081543,0
"396","q23",71,117,0.7188985,0,1,44.2098655700684,0
"397","q23",71,115,0.7188969,0,1,45.808422088623,0
"398","q23",71,102,0.7188998,0,1,4.41849517822266,0
"399","q23",71,108,0.718905,0,1,31.654914855957,0
"400","q23",71,132,0.7189081,0,1,0.261707693338394,1
"401","q23",71,118,0.7189114,0,1,12.8469085693359,0
"402","q23",71,131,0.7189066,0,1,1.65653026103973,1
"403","q23",71,103,0.7189049,0,1,8.70967864990234,0
"404","q23",71,116,0.7189018,0,1,44.6715927124023,0
"405","q23",71,112,0.7189114,0,1,6.08664703369141,0
"406","q23",71,121,0.7189098,0,1,25.5048179626465,0
"407","q23",71,126,0.7189031,0,1,7.98537969589233,0
"408","q23",71,120,0.718905,0,1,30.9070205688477,0
"409","q23",71,130,0.7189066,0,1,2.60683178901672,1
"410","q23",71,129,0.7189066,0,1,2.8024787902832,1
"411","q23",71,128,0.7189001,0,1,5.63808631896973,0
"412","q23",71,114,0.7188969,0,1,28.8297348022461,0
"413","q23",71,113,0.7189018,0,1,1.53446960449219,1
"414","q23",71,111,0.7189034,0,1,1.78150177001953,1
"415","q23",71,125,0.7188997,0,1,8.20321559906006,0
"416","q23",71,109,0.718905,0,1,25.9263381958008,0
"417","q23",71,123,0.7189097,0,1,16.2916641235352,0
"418","q23",71,124,0.7188997,0,1,11.6499528884888,0
"419","q23",71,110,0.7188985,0,1,7.02240753173828,0
"420","q23",71,127,0.7189064,0,1,6.53298234939575,0
"421","q23",71,122,0.7189025,0,1,13.7201766967773,0
"422","q24",34,28,2.152052,1,1,19.8657150268555,0
"423","q24",34,29,4.240334,1,1,22.6357421875,0
"424","q24",35,31,3.934763,0,1,8.46611022949219,0
"425","q24",35,32,14.78269,1,1,0.0778866112232208,1
"426","q24",35,30,4.776799,0,1,7.10740661621094,0
"427","q24",35,40,9.228704,1,1,-0.109786987304688,1
"428","q24",35,33,5.389206,0,1,16.8989334106445,0
"429","q24",35,34,7.358215,1,1,14.0913696289062,0
"430","q24",35,35,1.969284,0,1,0.0223137494176626,1
"431","q24",35,36,4.176186,1,1,4.75012969970703,0
"432","q24",35,38,2.342919,0,1,0.474746704101562,1
"433","q24",35,39,2.451264,0,1,0.86614990234375,1
"434","q24",35,37,4.47867,0,1,2.61846923828125,1
"435","q24",36,41,5.179054,0,1,0.942924499511719,1
"436","q24",38,42,26.05112,1,1,0.106979370117188,1
"437","q24",45,43,10.59158,0,1,-0.0493927076458931,1
"438","q24",45,44,11.4712,0,1,-0.0422414466738701,1
"439","q24",47,45,3.907212,1,1,1.78792572021484,1
"440","q24",47,46,8.159253,1,1,6.11294555664062,0
"441","q24",48,48,2.813077,1,1,0.318084716796875,1
"442","q24",48,47,10.57449,1,1,-0.276191711425781,1
"443","q24",56,49,3.377844,0,1,3.87962341308594,0
"444","q24",57,50,8.201072,0,1,10.5614976882935,0
"445","q24",57,51,4.127548,0,1,2.67811703681946,1
"446","q24",57,52,18.83118,1,1,1.77489149570465,0
"447","q24",58,54,12.42469,0,1,26.7268981933594,0
"448","q24",58,53,8.543487,0,1,32.5184860229492,0
"449","q24",58,55,8.058662,0,1,23.6160430908203,0
"450","q24",58,56,5.715687,0,1,6.49123573303223,0
"451","q24",58,57,4.447954,0,1,2.07116723060608,1
"452","q24",61,58,89.82333,0,1,0.495907962322235,0
"453","q24",64,60,3.197328,0,1,6.76069641113281,0
"454","q24",64,61,4.828236,0,1,7.10245513916016,0
"455","q24",64,63,5.611495,0,1,24.5701675415039,0
"456","q24",64,62,9.396829,1,1,18.741081237793,0
"457","q24",64,66,44.07918,0,1,10.7123184204102,0
"458","q24",64,64,8.117527,1,1,4.03549194335938,0
"459","q24",64,65,5.714281,0,1,28.6500720977783,0
"460","q24",65,67,0.6769235,1,1,17.4039192199707,0
"461","q24",65,68,0.6769187,1,1,15.4647064208984,0
"462","q24",65,69,20.17421,0,1,30.6357917785645,0
"463","q24",66,71,15.75113,0,1,5.64725494384766,0
"464","q24",66,73,3.520893,0,1,0.383060872554779,1
"465","q24",66,70,16.0479,1,1,-0.0177230834960938,1
"466","q24",66,72,26.87371,1,1,2.6397705078125,0
"467","q24",67,76,0.7234859,1,1,12.539306640625,0
"468","q24",67,77,8.847631,0,1,28.6060314178467,0
"469","q24",67,78,13.8512,0,1,26.5947208404541,0
"470","q24",67,75,0.7234883,0,1,11.3759155273438,0
"471","q24",67,74,0.7234915,0,1,9.58715057373047,0
"472","q24",71,110,0.7200038,0,1,8.94999694824219,0
"473","q24",71,112,0.7199973,0,1,11.25,0
"474","q24",71,90,0.6800014,0,1,6.59999847412109,0
"475","q24",71,108,0.7074975,0,1,5.09999847412109,0
"476","q24",71,111,0.6625013,0,1,46.2999992370605,0
"477","q24",71,89,0.7224974,0,1,6.5,0
"478","q24",71,107,0.6725037,0,1,9.94999694824219,0
"479","q24",71,87,0.7175037,0,1,4.75,0
"480","q24",71,109,0.7200003,0,1,12.5,0
"481","q24",71,85,0.7199976,0,1,4.05000305175781,1
"482","q24",71,88,0.7199975,0,1,5.34999847412109,0
"483","q24",71,101,0.7225055,0,1,16.8500003814697,0
"484","q24",71,113,148.4525,0,1,26.2000007629395,0
"485","q24",71,114,0.7050002,0,1,23.1499996185303,0
"486","q24",71,100,0.720004,0,1,7.94999694824219,0
"487","q24",71,98,0.7200036,0,1,4.19999694824219,0
"488","q24",71,115,0.6799989,0,1,0.0500030517578125,1
"489","q24",71,86,0.7025087,0,1,4.19999694824219,0
"490","q24",71,99,0.7074996,0,1,30.5,0
"491","q24",71,84,0.7224974,0,1,2.55000305175781,1
"492","q24",71,93,0.6975081,0,1,10.4000015258789,0
"493","q24",71,105,0.6800042,0,1,5.94999694824219,0
"494","q24",71,116,0.6799988,0,1,0.25,1
"495","q24",71,92,0.6974975,0,1,18.0999984741211,0
"496","q24",71,97,0.7200036,0,1,0.849998474121094,1
"497","q24",71,95,0.7050025,0,1,10.9499969482422,0
"498","q24",71,91,0.7000011,0,1,6.40000152587891,0
"499","q24",71,103,0.7124983,0,1,8.5,0
"500","q24",71,83,0.6999996,0,1,1.84999847412109,1
"501","q24",71,96,0.7200036,0,1,6.44999694824219,0
"502","q24",71,94,0.720004,0,1,8.09999847412109,0
"503","q24",71,106,0.6674974,0,1,11.5999984741211,0
"504","q24",71,102,0.6799982,0,1,15,0
"505","q24",71,104,0.6799982,0,1,7.75,0
"506","q25",34,15,4.983638,1,1,12.4353103637695,0
"507","q25",34,12,4.742186,0,1,6.59117126464844,0
"508","q25",34,13,6.504089,1,1,8.30532836914062,0
"509","q25",34,11,8.259313,1,1,5.01523590087891,0
"510","q25",34,21,8.242826,1,1,2.78159141540527,0
"511","q25",34,16,10.55018,1,1,13.6921539306641,0
"512","q25",34,26,7.757449,1,1,20.9022388458252,0
"513","q25",34,14,8.125058,0,1,11.5904312133789,0
"514","q25",34,33,8.041812,0,1,-0.00607195077463984,1
"515","q25",34,22,5.626985,0,1,12.860221862793,0
"516","q25",34,17,10.14146,1,1,21.5955047607422,0
"517","q25",34,18,5.087924,1,1,24.6259460449219,0
"518","q25",34,29,11.22231,0,1,6.53690338134766,0
"519","q25",34,19,10.31544,1,1,3.32358336448669,0
"520","q25",34,24,9.984859,1,1,15.28493309021,0
"521","q25",34,25,4.84701,1,1,12.5495929718018,0
"522","q25",34,10,14.57256,1,1,2.93510437011719,0
"523","q25",34,30,8.145509,0,1,3.98422598838806,0
"524","q25",34,28,9.968785,0,1,17.4355640411377,0
"525","q25",34,27,14.75191,1,1,24.1383419036865,0
"526","q25",34,32,4.671807,1,1,0.77437299489975,1
"527","q25",34,31,20.20154,1,1,0.0331037901341915,0
"528","q25",34,23,6.563366,0,1,1.50351190567017,1
"529","q25",34,20,14.75196,1,1,8.45864105224609,0
"530","q25",35,36,6.852665,0,1,21.0560760498047,0
"531","q25",35,37,3.967151,0,1,-0.05523681640625,1
"532","q25",35,34,12.7971,1,1,3.96997833251953,0
"533","q25",35,42,4.227564,1,1,6.38544797897339,0
"534","q25",35,38,8.235086,0,1,34.9240913391113,0
"535","q25",35,35,1.296841,0,1,30.693359375,0
"536","q25",35,41,8.727811,1,1,11.2981538772583,0
"537","q25",35,39,10.57801,0,1,18.3104228973389,0
"538","q25",35,40,6.415841,1,1,14.267520904541,0
"539","q25",36,45,13.4728,0,1,6.41498279571533,0
"540","q25",36,43,10.36329,0,1,9.75792121887207,0
"541","q25",36,44,0.6998085,0,1,12.3391141891479,0
"542","q25",36,46,45.64809,0,1,0.0526386871933937,0
"543","q25",37,47,11.27449,0,1,-0.404403686523438,1
"544","q25",40,48,0.6959682,0,1,1.63569176197052,1
"545","q25",43,49,33.93532,1,1,3.07738494873047,0
"546","q25",43,50,12.35309,0,1,10.9547557830811,0
"547","q25",46,51,16.40816,1,1,-0.398200988769531,1
"548","q25",47,53,12.53579,1,1,7.42142486572266,0
"549","q25",47,54,16.46462,1,1,4.97934722900391,0
"550","q25",47,52,44.41484,1,1,-0.0587997436523438,0
"551","q25",48,55,5.178618,0,1,18.7022399902344,0
"552","q25",49,56,2.181297,0,1,14.2579231262207,0
"553","q25",49,57,6.6008,1,1,0.460120439529419,1
"554","q25",50,59,5.458902,1,1,22.0883312225342,0
"555","q25",50,60,6.389989,1,1,4.97959280014038,0
"556","q25",50,58,3.583761,1,1,19.3570404052734,0
"557","q25",51,64,1.541255,0,1,15.0694847106934,0
"558","q25",51,62,1.633798,0,1,19.6243953704834,0
"559","q25",51,63,1.646852,1,1,17.5393943786621,0
"560","q25",51,61,1.513533,0,1,5.61850738525391,0
"561","q25",51,65,3.459441,0,1,-0.128784358501434,1
"562","q25",53,66,3.836341,0,1,12.7134094238281,0
"563","q25",56,67,6.816526,0,1,0.661769688129425,1
"564","q25",56,69,7.720731,0,1,0.836739540100098,1
"565","q25",56,68,17.03736,0,1,0.732213318347931,1
"566","q25",56,70,9.032421,0,1,0.780869722366333,1
"567","q25",57,71,14.33009,0,1,1.59855473041534,0
"568","q25",58,72,20.83715,1,1,0.38995361328125,0
"569","q25",58,76,9.161384,1,1,39.4398460388184,0
"570","q25",58,73,30.26702,1,1,2.95305633544922,0
"571","q25",58,74,17.45711,1,1,-0.194023132324219,1
"572","q25",58,77,22.46737,1,1,9.82326507568359,0
"573","q25",58,75,9.615307,0,1,15.5057067871094,0
"574","q25",58,78,8.077473,1,1,8.43827819824219,0
"575","q25",59,80,85.61434,1,1,4.62553882598877,0
"576","q25",59,81,8.978154,0,1,3.71568870544434,0
"577","q25",59,79,12.89841,1,1,16.5153732299805,0
"578","q25",60,82,7.042501,1,1,7.19999980926514,0
"579","q25",61,90,4.248314,0,1,6.44664096832275,0
"580","q25",61,89,8.252585,0,1,5.88285255432129,0
"581","q25",61,86,12.42848,0,1,28.8737239837646,0
"582","q25",61,87,10.00459,0,1,12.9545297622681,0
"583","q25",61,84,2.75011,0,1,31.1817779541016,0
"584","q25",61,88,5.876855,0,1,7.59650182723999,0
"585","q25",61,85,9.225288,0,1,30.1250076293945,0
"586","q25",61,83,16.59158,1,1,3.73129272460938,0
"587","q25",61,93,19.56759,1,1,-0.744506120681763,1
"588","q25",61,92,5.463415,0,1,3.41150379180908,0
"589","q25",61,91,6.145371,0,1,4.88678216934204,0
"590","q25",62,95,3.888885,0,1,19.8082733154297,0
"591","q25",62,94,10.7945,0,1,16.0668563842773,0
"592","q25",63,97,17.57572,0,1,8.56034374237061,0
"593","q25",63,96,36.76351,0,1,15.178674697876,0
"594","q25",64,102,6.03857,0,1,25.137882232666,0
"595","q25",64,100,3.779028,0,1,27.0190353393555,0
"596","q25",64,99,43.76293,0,1,25.6635818481445,0
"597","q25",64,98,4.704026,0,1,-0.0245819091796875,1
"598","q25",64,101,18.21694,0,1,28.1557312011719,0
"599","q25",65,103,19.90765,0,1,13.1956338882446,0
"600","q25",65,106,0.720836,0,1,5.61550140380859,0
"601","q25",65,105,13.57071,0,1,12.6220293045044,0
"602","q25",65,104,0.7208303,0,1,44.2025871276855,0
"603","q25",70,115,9.27311,0,1,29.4772720336914,0
"604","q25",70,114,7.86467,0,1,20.8230667114258,0
"605","q25",70,113,146.836,0,1,12.151481628418,0
"606","q25",70,112,16.53756,0,1,10.863395690918,0
"607","q25",70,117,45.82116,1,1,0.385828107595444,0
"608","q25",70,111,27.08721,0,1,-0.0990481823682785,1
"609","q25",70,116,19.04977,0,1,6.14655303955078,0
"610","q26",34,18,9.9825,0,1,4.90000009536743,0
"611","q26",34,19,8.960002,1,1,4.55000019073486,0
"612","q26",34,17,74.755,1,1,3.79999995231628,0
"613","q26",34,15,24.315,1,1,15.3999996185303,0
"614","q26",34,16,11.7475,1,1,16.6499996185303,0
"615","q26",34,14,30.635,1,1,35.4000015258789,0
"616","q26",34,13,13.1425,0,1,7.19999980926514,0
"617","q26",35,21,6.84345,0,1,12.3606224060059,0
"618","q26",35,20,31.83046,1,1,11.4465713500977,0
"619","q26",37,22,37.0975,0,1,4.09999847412109,0
"620","q26",37,23,10.6325,0,1,15.9000015258789,0
"621","q26",38,25,7.301991,0,1,21.4726982116699,0
"622","q26",38,24,13.19132,1,1,7.35156393051147,0
"623","q26",40,26,5.951774,0,1,0.0518798828125,1
"624","q26",41,29,39.3639,1,1,22.5585479736328,0
"625","q26",41,28,19.49987,0,1,18.7040710449219,0
"626","q26",41,27,45.51005,1,1,2.24982452392578,0
"627","q26",44,30,28.36248,1,1,5.37982940673828,0
"628","q26",44,32,0.7221847,0,1,20.227912902832,0
"629","q26",44,31,0.7221879,0,1,5.77630615234375,0
"630","q26",46,33,13.85989,0,1,32.6083297729492,0
"631","q26",47,34,6.535866,1,1,21.0079727172852,0
"632","q26",50,35,6.267052,0,1,18.8614406585693,0
"633","q26",53,40,2.785602,1,1,8.90095901489258,0
"634","q26",53,39,8.879207,1,1,25.561071395874,0
"635","q26",53,38,5.040605,0,1,1.46806538105011,1
"636","q26",54,42,11.07808,0,1,3.93967938423157,0
"637","q26",54,41,53.03124,1,1,33.3466796875,0
"638","q26",55,48,11.51686,0,1,-0.19996865093708,1
"639","q26",55,46,24.02615,1,1,1.21129608154297,0
"640","q26",55,45,24.38173,0,1,6.75647735595703,0
"641","q26",55,44,13.80887,0,1,-0.644546508789062,1
"642","q26",55,47,14.69888,1,1,-0.912628173828125,1
"643","q26",55,43,31.74854,1,1,16.4142456054688,0
"644","q26",57,49,7.206168,0,1,24.7146072387695,0
"645","q26",57,50,7.903938,0,1,19.6211318969727,0
"646","q26",57,51,18.79936,0,1,3.68596887588501,0
"647","q26",58,52,11.94219,0,1,13.7640609741211,0
"648","q26",61,54,10.1894,0,1,15.7497844696045,0
"649","q26",61,56,6.233278,0,1,21.6953964233398,0
"650","q26",61,53,6.47662,0,1,31.0353546142578,0
"651","q26",61,55,5.835155,0,1,23.1131954193115,0
"652","q26",62,57,13.56196,1,1,25.0904235839844,0
"653","q26",63,58,59.27144,1,1,11.4888458251953,0
"654","q26",63,60,41.01348,1,1,36.4961242675781,0
"655","q26",63,59,27.60478,0,1,-0.215523764491081,1
"656","q26",65,62,0.6692507,0,1,4.60865020751953,0
"657","q26",65,61,277.737,0,1,18.8011856079102,0
"658","q26",68,64,11.91281,1,1,39.5160369873047,0
"659","q26",68,63,25.13469,1,1,0.0760609209537506,1
"660","q26",71,70,0.7150556,0,1,16.3929595947266,0
"661","q26",71,75,0.7150599,0,1,1.32891845703125,1
"662","q26",71,67,0.7150558,0,1,14.2511825561523,0
"663","q26",71,68,0.7150623,0,1,15.7722244262695,0
"664","q26",71,69,0.715059,0,1,16.1263656616211,0
"665","q26",71,73,0.7150663,0,1,5.62631225585938,0
"666","q26",71,65,0.7150623,0,1,8.85312652587891,0
"667","q26",71,74,0.7150599,0,1,2.4967041015625,1
"668","q26",71,66,0.7150623,0,1,13.5676956176758,0
"669","q26",71,72,0.7150671,0,1,2.60115051269531,1
"670","q26",71,71,0.7150559,0,1,18.7419891357422,0
"671","q27",34,44,12.71252,0,1,21.1168746948242,0
"672","q27",34,56,11.84375,0,1,5.49691009521484,0
"673","q27",34,57,37.72746,1,1,13.2520160675049,0
"674","q27",34,43,21.2232,0,1,9.04570770263672,0
"675","q27",34,35,13.44122,1,1,0.00698089599609375,0
"676","q27",34,66,14.53135,0,1,6.02320671081543,0
"677","q27",34,63,17.17209,1,1,23.9400806427002,0
"678","q27",34,37,33.77362,1,1,0.0069732666015625,0
"679","q27",34,38,5.284551,0,1,2.49130511283875,0
"680","q27",34,67,13.91387,0,1,2.20160269737244,0
"681","q27",34,65,10.46467,0,1,6.45381736755371,0
"682","q27",34,42,16.61778,1,1,6.39598846435547,0
"683","q27",34,54,26.80751,0,1,16.2956295013428,0
"684","q27",34,55,8.948507,0,1,10.2920179367065,0
"685","q27",34,41,3.545168,0,1,6.17005157470703,0
"686","q27",34,59,11.13021,0,1,31.8317432403564,0
"687","q27",34,64,15.16847,1,1,9.35488033294678,0
"688","q27",34,62,11.56188,0,1,25.322229385376,0
"689","q27",34,46,5.94388,0,1,26.2445526123047,0
"690","q27",34,68,12.76492,0,1,2.23086524009705,0
"691","q27",34,49,12.52907,0,1,24.2862854003906,0
"692","q27",34,50,3.527437,0,1,4.36616802215576,0
"693","q27",34,40,9.066687,0,1,5.76915740966797,0
"694","q27",34,52,4.322815,0,1,27.6886749267578,0
"695","q27",34,53,10.02495,0,1,23.4980010986328,0
"696","q27",34,60,8.211192,0,1,24.9297103881836,0
"697","q27",34,61,21.64069,0,1,5.99444103240967,0
"698","q27",34,39,2.403054,0,1,4.85526275634766,0
"699","q27",34,36,29.84048,0,1,0.0352935791015625,0
"700","q27",34,47,15.23888,0,1,30.6555709838867,0
"701","q27",34,48,27.14318,1,1,30.6999435424805,0
"702","q27",34,45,15.92223,0,1,21.3491821289062,0
"703","q27",34,58,13.19103,0,1,9.5574369430542,0
"704","q27",34,51,3.429482,0,1,31.1585636138916,0
"705","q27",35,69,10.65168,1,1,2.66650390625,0
"706","q27",36,70,29.11318,1,1,0.354347229003906,1
"707","q27",36,71,3.870115,0,1,1.44947052001953,1
"708","q27",39,72,9.311167,1,1,0.276123046875,1
"709","q27",42,74,5.966477,0,1,0.503372609615326,1
"710","q27",42,73,22.0952,1,1,-0.209711864590645,1
"711","q27",44,76,41.03366,0,1,-0.558873295783997,0
"712","q27",44,75,0.7240058,0,1,21.8425846099854,0
"713","q27",46,78,75.49727,0,1,-0.271085560321808,0
"714","q27",46,77,15.04188,0,1,22.0656604766846,0
"715","q27",48,79,4.797064,0,1,-0.0912698730826378,1
"716","q27",49,80,2.738225,1,1,2.19915008544922,1
"717","q27",50,81,4.146549,1,1,8.99805641174316,0
"718","q27",52,82,12.19957,0,1,5.88818883895874,0
"719","q27",53,84,4.27138,0,1,-0.223317354917526,1
"720","q27",53,83,5.466921,0,1,17.3836650848389,0
"721","q27",55,85,19.50965,1,1,14.3946380615234,0
"722","q27",57,87,29.29152,0,1,9.62834167480469,0
"723","q27",57,86,17.84506,0,1,5.59893035888672,0
"724","q27",60,89,16.37546,0,1,14.6523132324219,0
"725","q27",60,88,10.22645,0,1,2.30081176757812,0
"726","q27",63,91,22.23275,0,1,25.9466171264648,0
"727","q27",63,90,12.37827,0,1,15.5116195678711,0
"728","q27",64,93,8.96631,1,1,13.2517318725586,0
"729","q27",64,92,9.743149,0,1,31.9409618377686,0
"730","q27",64,95,70.98611,0,1,1.42187178134918,0
"731","q27",64,94,51.5227,0,1,7.75362586975098,0
"732","q27",65,96,8.819343,0,1,8.55672454833984,0
"733","q27",71,102,0.7226073,0,1,7.77852630615234,0
"734","q27",71,104,0.7226073,0,1,11.0724258422852,0
"735","q27",71,103,0.7226073,0,1,10.6597442626953,0
"736","q27",71,108,0.7226055,0,1,14.2616958618164,0
"737","q27",71,107,0.7225982,0,1,13.3203353881836,0
"738","q27",71,105,0.7226113,0,1,19.5499267578125,0
"739","q27",71,101,0.7226023,0,1,39.1719627380371,0
"740","q27",71,100,0.7226105,0,1,31.8214263916016,0
"741","q27",71,106,0.7226049,0,1,19.6698608398438,0
"742","q27",71,98,0.7226071,0,1,31.9946136474609,0
"743","q27",71,99,0.7226023,0,1,34.1717834472656,0
"744","q27",71,97,0.7226073,0,1,36.5206985473633,0
"745","q28",34,49,2.66951,1,1,5.91888427734375,0
"746","q28",34,47,5.123587,0,1,-0.852821350097656,1
"747","q28",34,55,3.890028,1,1,27.9993438720703,0
"748","q28",34,52,23.18299,1,1,13.9505004882812,0
"749","q28",34,54,9.710526,0,1,20.7754592895508,0
"750","q28",34,56,17.62787,1,1,19.5233860015869,0
"751","q28",34,50,2.327072,1,1,2.78592109680176,1
"752","q28",34,48,1.991525,1,1,4.36504364013672,0
"753","q28",34,57,12.93024,1,1,34.4608535766602,0
"754","q28",34,60,3.837237,0,1,3.35902309417725,0
"755","q28",34,51,8.059133,1,1,3.72288799285889,0
"756","q28",34,58,0.8858694,1,1,18.3756942749023,0
"757","q28",34,62,22.69746,0,1,-0.194698840379715,1
"758","q28",34,53,12.07539,1,1,17.2904739379883,0
"759","q28",34,61,6.861199,0,1,0.557546496391296,1
"760","q28",34,59,8.081347,1,1,10.1157512664795,0
"761","q28",52,78,7.308888,0,1,0.778336048126221,1
"762","q28",53,79,28.47145,1,1,4.45977020263672,0
"763","q28",55,81,13.05482,1,1,6.61245918273926,0
"764","q28",55,82,7.111514,0,1,37.6456565856934,0
"765","q28",55,83,65.84818,0,1,-0.0151572041213512,0
"766","q28",55,80,32.82036,1,1,27.7918243408203,0
"767","q28",56,84,58.46225,1,1,0.0638885498046875,0
"768","q28",56,85,45.71779,0,1,1.68046545982361,0
"769","q28",57,90,17.12088,0,1,21.2270088195801,0
"770","q28",57,89,45.19667,1,1,21.2548217773438,0
"771","q28",57,87,30.53181,0,1,5.9776611328125,0
"772","q28",57,92,9.536045,1,1,30.1857681274414,0
"773","q28",57,88,14.76677,1,1,14.1315231323242,0
"774","q28",57,93,21.45371,0,1,1.74215233325958,0
"775","q28",57,91,13.67021,0,1,36.2293243408203,0
"776","q28",57,86,15.7432,1,1,1.55012512207031,0
"777","q28",59,94,16.90154,1,1,6.9886212348938,0
"778","q28",60,98,15.19905,1,1,13.1566619873047,0
"779","q28",60,96,10.40104,0,1,26.5111846923828,0
"780","q28",60,97,5.346855,0,1,6.85031032562256,0
"781","q28",60,95,15.21146,0,1,19.2096557617188,0
"782","q28",64,101,5.815886,0,1,17.6264572143555,0
"783","q28",64,103,7.179802,0,1,23.7326507568359,0
"784","q28",64,102,5.948231,0,1,20.0767288208008,0
"785","q28",64,100,14.63576,0,1,13.6485290527344,0
"786","q28",64,105,11.2272,1,1,15.5861015319824,0
"787","q28",64,106,21.54993,1,1,11.858549118042,0
"788","q28",64,104,6.817038,0,1,16.9433994293213,0
"789","q28",64,99,9.831512,0,1,11.0261001586914,0
"790","q28",65,108,18.38008,0,1,2.39904928207397,0
"791","q28",65,107,63.87315,0,1,27.0209045410156,0
"792","q28",71,113,0.7134511,0,1,30.6809997558594,0
"793","q28",71,114,0.7134431,0,1,45.4718971252441,0
"794","q28",71,118,0.7134497,0,1,13.6821174621582,0
"795","q28",71,128,0.7134504,0,1,11.2426891326904,0
"796","q28",71,126,0.7134511,0,1,12.0033369064331,0
"797","q28",71,119,0.7134511,0,1,34.5584144592285,0
"798","q28",71,136,249.2697,0,1,-0.0557667389512062,0
"799","q28",71,137,0.713452,0,1,9.1380615234375,0
"800","q28",71,138,0.7134504,0,1,6.15564918518066,0
"801","q28",71,112,0.7134513,0,1,21.1544818878174,0
"802","q28",71,116,0.7306589,0,1,19.0701580047607,0
"803","q28",71,117,0.7134464,0,1,16.4625473022461,0
"804","q28",71,133,0.7134432,0,1,8.75971603393555,0
"805","q28",71,125,0.7134432,0,1,20.9818801879883,0
"806","q28",71,124,0.7134511,0,1,14.2429571151733,0
"807","q28",71,111,0.7134478,0,1,19.6296463012695,0
"808","q28",71,120,0.7134512,0,1,28.5107021331787,0
"809","q28",71,121,0.7134504,0,1,17.7910537719727,0
"810","q28",71,127,0.7134492,0,1,13.4446926116943,0
"811","q28",71,115,137.8823,0,1,-0.02471923828125,0
"812","q28",71,110,0.713448,0,1,23.45947265625,0
"813","q28",71,109,0.7134511,0,1,21.1550445556641,0
"814","q28",71,123,0.7134495,0,1,22.3494548797607,0
"815","q28",71,135,0.713452,0,1,6.12389373779297,0
"816","q28",71,131,0.7134465,0,1,14.6620445251465,0
"817","q28",71,129,0.7134537,0,1,18.7510643005371,0
"818","q28",71,134,0.7134432,0,1,11.7729330062866,0
"819","q28",71,130,0.7134383,0,1,16.8034286499023,0
"820","q28",71,132,0.7134466,0,1,13.600287437439,0
"821","q28",71,122,0.7134512,0,1,14.3158073425293,0
"822","q29",35,98,11.13618,1,1,1.00515747070312,0
"823","q29",35,99,9.788982,0,1,1.14461517333984,0
"824","q29",36,100,14.40636,1,1,13.8771820068359,0
"825","q29",36,101,9.513953,0,1,1.15933883190155,0
"826","q29",37,102,12.3086,0,1,25.4119186401367,0
"827","q29",42,103,8.278704,0,1,22.442985534668,0
"828","q29",44,104,31.86366,1,1,-0.0776138752698898,1
"829","q29",48,105,3.545129,0,1,21.8921966552734,0
"830","q29",49,110,44.41873,0,1,-0.528427124023438,0
"831","q29",49,106,7.981213,1,1,9.96200561523438,0
"832","q29",49,109,6.233147,0,1,3.13104248046875,0
"833","q29",49,112,25.7738,0,1,8.46833610534668,0
"834","q29",49,113,40.58452,1,1,2.15407633781433,0
"835","q29",49,108,32.0367,1,1,40.7219848632812,0
"836","q29",49,107,16.06817,0,1,27.9972457885742,0
"837","q29",49,111,16.76665,1,1,13.3296966552734,0
"838","q29",50,117,5.144112,1,1,15.7600774765015,0
"839","q29",50,114,3.932519,0,1,4.40614318847656,0
"840","q29",50,116,7.968597,1,1,11.680760383606,0
"841","q29",50,115,17.75964,1,1,19.018440246582,0
"842","q29",51,118,14.44205,0,1,27.1325912475586,0
"843","q29",52,120,41.36765,1,1,5.55766105651855,0
"844","q29",52,119,6.099817,1,1,-0.0330429077148438,1
"845","q29",53,125,36.22491,1,1,0.40285849571228,0
"846","q29",53,124,2.605987,0,1,0.371231079101562,1
"847","q29",53,126,28.90757,0,1,0.536985695362091,0
"848","q29",53,123,7.5553,0,1,0.315095484256744,1
"849","q29",53,122,3.346397,0,1,39.589485168457,0
"850","q29",53,121,2.921268,1,1,9.54886627197266,0
"851","q29",56,127,19.64012,1,1,21.7153472900391,0
"852","q29",57,128,3.819794,0,1,26.0201797485352,0
"853","q29",57,129,14.23542,0,1,0.00832858495414257,1
"854","q29",58,130,0.7072322,0,1,44.1198463439941,0
"855","q29",60,131,44.40361,1,1,25.2321529388428,0
"856","q29",63,139,17.92422,0,1,30.6879711151123,0
"857","q29",63,138,6.390913,0,1,44.5118560791016,0
"858","q29",64,142,51.96456,0,1,-0.0558013916015625,0
"859","q29",64,140,22.79765,0,1,-0.259521484375,0
"860","q29",64,141,26.54329,0,1,2.36637878417969,0
"861","q29",64,144,21.10637,0,1,10.9708728790283,0
"862","q29",64,143,49.56017,0,1,0.187830463051796,0
"863","q29",67,145,6.666933,0,1,18.3967742919922,0
"864","q29",68,147,31.94947,1,1,0.0303202085196972,0
"865","q29",68,146,12.19194,0,1,3.53016948699951,0
"866","q3",56,29,109.8682,0,1,0.348375260829926,0
"867","q3",57,30,119.7269,1,1,2.70277404785156,0
"868","q3",60,31,98.56698,1,1,7.2059154510498,0
"869","q3",62,32,15.08297,0,1,0.742416381835938,1
"870","q3",63,35,56.87288,1,1,6.94399261474609,0
"871","q3",63,34,45.83783,0,1,5.97589874267578,0
"872","q3",63,33,39.23387,1,1,8.87657928466797,0
"873","q30",35,68,2.642781,0,1,2.6680908203125,1
"874","q30",35,69,16.55494,1,1,14.3135147094727,0
"875","q30",35,75,3.370744,0,1,11.5170984268188,0
"876","q30",35,71,5.119117,0,1,25.9913501739502,0
"877","q30",35,78,5.04576,0,1,39.8106575012207,0
"878","q30",35,79,0.9658273,0,1,0.833808064460754,1
"879","q30",35,76,6.383115,1,1,9.09221839904785,0
"880","q30",35,77,3.577561,0,1,42.0078544616699,0
"881","q30",35,81,5.18877,0,1,38.5922203063965,0
"882","q30",35,87,3.879448,0,1,4.97679853439331,0
"883","q30",35,89,1.998773,1,1,0.838109493255615,1
"884","q30",35,80,4.715459,1,1,9.99590110778809,0
"885","q30",35,70,2.394066,0,1,0.107307434082031,1
"886","q30",35,83,2.467471,1,1,3.39653205871582,0
"887","q30",35,88,4.787184,1,1,3.90380096435547,0
"888","q30",35,85,7.74623,0,1,27.0959701538086,0
"889","q30",35,84,2.625055,1,1,5.58476400375366,0
"890","q30",35,72,5.873722,1,1,28.4601211547852,0
"891","q30",35,74,5.340054,0,1,15.2707567214966,0
"892","q30",35,82,7.650913,1,1,35.1488876342773,0
"893","q30",35,73,3.161698,0,1,2.28473663330078,1
"894","q30",35,86,7.164315,1,1,23.8124866485596,0
"895","q30",36,90,3.077165,1,1,0.702255249023438,1
"896","q30",36,91,8.676948,0,1,15.6987590789795,0
"897","q30",37,92,5.359335,0,1,2.24339294433594,0
"898","q30",38,94,1.787488,0,1,0.91055828332901,1
"899","q30",38,93,1.376169,0,1,0.635382294654846,1
"900","q30",42,97,15.08085,1,1,6.41028594970703,0
"901","q30",42,95,11.87559,1,1,2.41624450683594,0
"902","q30",42,98,16.9142,0,1,17.6117401123047,0
"903","q30",42,96,35.97386,1,1,0.917401254177094,0
"904","q30",43,102,24.41496,0,1,11.6269826889038,0
"905","q30",43,101,10.89261,0,1,26.0283432006836,0
"906","q30",43,100,6.285052,0,1,9.12002563476562,0
"907","q30",43,103,3.646738,0,1,24.3692073822021,0
"908","q30",43,99,15.31201,0,1,4.97986602783203,0
"909","q30",45,106,5.266238,0,1,-0.729275226593018,1
"910","q30",45,105,3.180249,0,1,0.734444499015808,1
"911","q30",45,104,11.2535,0,1,16.8660659790039,0
"912","q30",47,109,5.078772,1,1,5.35121154785156,0
"913","q30",47,107,6.589476,1,1,-0.176657140254974,1
"914","q30",47,108,6.004987,1,1,15.17795753479,0
"915","q30",49,110,6.826495,0,1,3.20195770263672,0
"916","q30",49,118,4.428671,1,1,22.5100250244141,0
"917","q30",49,119,2.689391,0,1,23.4765815734863,0
"918","q30",49,111,7.079257,1,1,10.9692535400391,0
"919","q30",49,122,3.590389,1,1,1.16804683208466,1
"920","q30",49,112,4.501172,0,1,24.684684753418,0
"921","q30",49,120,2.267576,0,1,19.4458961486816,0
"922","q30",49,117,3.880926,1,1,17.3274936676025,0
"923","q30",49,116,7.632139,0,1,28.2047882080078,0
"924","q30",49,121,6.098381,1,1,0.934619963169098,1
"925","q30",49,115,13.51342,1,1,0.482200622558594,1
"926","q30",49,113,6.31878,1,1,29.7619400024414,0
"927","q30",49,114,5.549137,1,1,30.1382141113281,0
"928","q30",50,132,3.003825,0,1,8.97120952606201,0
"929","q30",50,133,3.047999,1,1,13.5291118621826,0
"930","q30",50,125,3.146036,1,1,5.44183969497681,0
"931","q30",50,123,6.722546,1,1,2.07923126220703,1
"932","q30",50,131,2.241298,1,1,14.9217042922974,0
"933","q30",50,128,4.153998,0,1,2.08858942985535,1
"934","q30",50,134,2.319232,0,1,0.388934046030045,1
"935","q30",50,124,1.680454,1,1,19.9289169311523,0
"936","q30",50,130,4.364956,1,1,15.729076385498,0
"937","q30",50,129,5.738787,1,1,23.5133972167969,0
"938","q30",50,127,3.008628,1,1,9.97331237792969,0
"939","q30",50,126,4.187493,1,1,3.50237679481506,0
"940","q30",51,136,1.169444,1,1,14.8212356567383,0
"941","q30",51,137,9.71113,0,1,13.8641443252563,0
"942","q30",51,135,8.449315,1,1,7.24399566650391,0
"943","q30",51,138,33.24047,1,1,0.290466636419296,1
"944","q30",53,145,18.00282,1,1,44.6803169250488,0
"945","q30",53,149,26.20061,0,1,0.250648498535156,0
"946","q30",53,146,18.73493,1,1,0.0384674072265625,1
"947","q30",53,147,19.52375,0,1,27.1430377960205,0
"948","q30",53,148,40.65523,1,1,23.8296489715576,0
"949","q30",53,140,26.91596,0,1,6.54098510742188,0
"950","q30",53,143,4.10239,0,1,37.6649742126465,0
"951","q30",53,139,16.10055,0,1,2.16980743408203,0
"952","q30",53,144,10.36806,1,1,34.7824859619141,0
"953","q30",53,150,14.74995,0,1,2.57363724708557,0
"954","q30",53,141,28.59425,0,1,13.4854507446289,0
"955","q30",53,142,22.84344,0,1,8.51894378662109,0
"956","q30",54,151,4.996006,0,1,0.545173645019531,1
"957","q30",58,153,0.7217085,1,1,8.29130744934082,0
"958","q30",58,152,0.7217078,1,1,13.3018569946289,0
"959","q30",58,154,4.09234,1,1,33.4384269714355,0
"960","q30",60,158,27.21062,1,1,17.6465187072754,0
"961","q30",60,155,3.927401,0,1,3.52999877929688,0
"962","q30",60,157,66.85207,1,1,0.708401918411255,0
"963","q30",60,156,68.39368,0,1,41.4609375,0
"964","q30",61,162,0.7153043,0,1,36.3438415527344,0
"965","q30",61,159,1.902497,0,1,2.19929504394531,1
"966","q30",61,166,15.25749,0,1,0.125663757324219,1
"967","q30",61,169,1.024122,1,1,7.53115510940552,0
"968","q30",61,167,3.759867,0,1,18.0200862884521,0
"969","q30",61,165,0.9485472,0,1,18.5578346252441,0
"970","q30",61,160,8.099448,1,1,6.71565246582031,0
"971","q30",61,161,3.681492,1,1,14.0988283157349,0
"972","q30",61,168,1.13608,0,1,9.49509334564209,0
"973","q30",61,164,1.717205,0,1,13.0150680541992,0
"974","q30",61,163,4.712202,1,1,27.0400867462158,0
"975","q30",62,172,2.870165,0,1,9.82075309753418,0
"976","q30",62,170,10.77241,1,1,28.6069717407227,0
"977","q30",62,174,104.915,0,1,-0.650487780570984,0
"978","q30",62,173,27.51078,1,1,5.02878093719482,0
"979","q30",62,171,9.988214,0,1,11.7335758209229,0
"980","q30",63,175,3.420018,0,1,1.87512898445129,1
"981","q30",64,179,18.8338,1,1,9.72179126739502,0
"982","q30",64,178,10.76736,0,1,31.9665145874023,0
"983","q30",64,177,11.44614,0,1,6.210205078125,0
"984","q30",64,180,179.6513,0,1,0.0822294950485229,0
"985","q30",64,176,26.12409,0,1,-0.349662780761719,1
"986","q30",65,181,0.7179104,0,1,3.7254638671875,1
"987","q30",68,186,19.12349,0,1,8.1151123046875,0
"988","q30",68,187,3.542707,0,1,23.402494430542,0
"989","q30",68,185,8.93967,0,1,18.7918853759766,0
"990","q30",68,183,16.2596,0,1,19.437873840332,0
"991","q30",68,184,54.30368,1,1,24.1152248382568,0
"992","q30",68,182,77.87802,0,1,7.27780771255493,0
"993","q30",69,188,15.42072,0,1,29.7450199127197,0
"994","q30",69,189,11.61476,1,1,21.1306457519531,0
"995","q30",69,190,10.53203,0,1,42.7752151489258,0
"996","q30",69,191,14.60349,0,1,8.40668106079102,0
"997","q30",70,192,6.062884,0,1,32.5161972045898,0
"998","q31",35,49,11.43048,1,1,23.6299591064453,0
"999","q31",35,53,7.182855,0,1,13.4462738037109,0
"1000","q31",35,50,6.205859,0,1,12.2244262695312,0
"1001","q31",35,44,5.843563,0,1,2.18236541748047,1
"1002","q31",35,69,3.508761,0,1,18.4052429199219,0
"1003","q31",35,52,3.538299,0,1,0.0433219149708748,1
"1004","q31",35,47,12.60872,1,1,25.4729614257812,0
"1005","q31",35,48,8.523108,1,1,30.3075180053711,0
"1006","q31",35,51,16.00818,1,1,37.2527923583984,0
"1007","q31",35,43,1.856554,0,1,0.108039855957031,1
"1008","q31",35,62,3.280964,0,1,41.5941581726074,0
"1009","q31",35,63,4.974392,0,1,29.0445556640625,0
"1010","q31",35,60,18.91331,1,1,25.5429229736328,0
"1011","q31",35,61,7.402493,0,1,21.3887825012207,0
"1012","q31",35,80,35.19006,1,1,1.24535942077637,0
"1013","q31",35,81,8.462725,1,1,3.71841907501221,0
"1014","q31",35,82,3.989794,0,1,2.12684059143066,1
"1015","q31",35,42,2.20175,0,1,0.00885009765625,1
"1016","q31",35,46,6.104299,1,1,18.5632095336914,0
"1017","q31",35,58,17.37467,0,1,13.9023132324219,0
"1018","q31",35,59,13.16184,1,1,46.1451377868652,0
"1019","q31",35,45,5.677502,0,1,13.8444213867188,0
"1020","q31",35,74,8.178465,0,1,8.05266571044922,0
"1021","q31",35,75,4.335205,1,1,4.53704833984375,0
"1022","q31",35,76,7.126567,1,1,9.14060688018799,0
"1023","q31",35,73,10.34015,0,1,18.5276393890381,0
"1024","q31",35,54,11.97627,0,1,15.8543615341187,0
"1025","q31",35,55,3.965297,1,1,41.9234352111816,0
"1026","q31",35,67,10.22808,1,1,32.3299179077148,0
"1027","q31",35,68,5.107099,1,1,1.27608716487885,1
"1028","q31",35,57,18.71532,0,1,20.3203964233398,0
"1029","q31",35,70,5.665801,1,1,14.4920654296875,0
"1030","q31",35,71,14.34782,1,1,24.0080413818359,0
"1031","q31",35,72,27.00942,1,1,17.2412452697754,0
"1032","q31",35,78,9.748493,0,1,8.95921611785889,0
"1033","q31",35,79,3.691429,0,1,2.17728424072266,1
"1034","q31",35,66,6.762525,1,1,31.0939388275146,0
"1035","q31",35,56,11.87661,1,1,12.134147644043,0
"1036","q31",35,83,7.519145,0,1,1.36744928359985,1
"1037","q31",35,64,15.13052,1,1,1.14742660522461,0
"1038","q31",35,65,13.92242,0,1,14.7935180664062,0
"1039","q31",35,77,8.987261,1,1,7.94906044006348,0
"1040","q31",37,84,10.14281,0,1,10.707160949707,0
"1041","q31",42,85,4.09373,0,1,0.175003051757812,1
"1042","q31",43,87,10.96917,1,1,5.10171508789062,0
"1043","q31",43,86,11.3266,0,1,-0.288818359375,1
"1044","q31",44,90,8.031337,0,1,2.88576793670654,0
"1045","q31",44,88,5.185223,0,1,9.05963802337646,0
"1046","q31",44,89,5.170385,0,1,4.23902750015259,0
"1047","q31",48,97,1.197075,1,1,36.6633911132812,0
"1048","q31",48,98,7.272253,1,1,45.2897186279297,0
"1049","q31",49,99,4.095616,1,1,9.93891143798828,0
"1050","q31",49,100,3.641053,0,1,10.8583602905273,0
"1051","q31",49,101,2.775025,1,1,19.4313125610352,0
"1052","q31",50,105,3.589606,0,1,2.25174140930176,1
"1053","q31",50,102,0.7990262,0,1,-0.355682373046875,1
"1054","q31",50,104,11.96148,1,1,18.1559219360352,0
"1055","q31",50,103,6.82834,1,1,15.1911849975586,0
"1056","q31",54,120,1.675356,0,1,6.15706634521484,0
"1057","q31",54,119,4.129012,0,1,9.46881103515625,0
"1058","q31",54,134,3.527249,0,1,14.4767742156982,0
"1059","q31",54,121,17.70466,0,1,24.7901840209961,0
"1060","q31",54,108,18.74383,0,1,0.111259460449219,1
"1061","q31",54,128,8.668386,1,1,0.00567626953125,1
"1062","q31",54,129,15.50991,0,1,24.5507068634033,0
"1063","q31",54,126,27.10042,0,1,16.4993743896484,0
"1064","q31",54,127,17.05776,0,1,11.2612533569336,0
"1065","q31",54,118,3.071832,0,1,3.16764831542969,0
"1066","q31",54,133,4.224047,0,1,10.4101085662842,0
"1067","q31",54,107,7.456709,0,1,0.0718307495117188,1
"1068","q31",54,111,9.784842,0,1,1.45463562011719,0
"1069","q31",54,135,5.889109,0,1,30.3521347045898,0
"1070","q31",54,109,44.52715,0,1,-0.0312423706054688,0
"1071","q31",54,110,8.626751,0,1,1.37577819824219,1
"1072","q31",54,130,4.703708,0,1,26.394775390625,0
"1073","q31",54,112,2.669029,0,1,3.57866668701172,0
"1074","q31",54,113,2.92394,0,1,4.12094879150391,0
"1075","q31",54,114,11.94016,0,1,5.75578308105469,0
"1076","q31",54,145,6.050848,0,1,-0.00314095709472895,1
"1077","q31",54,131,8.263637,0,1,22.9755630493164,0
"1078","q31",54,132,6.637449,0,1,18.6495361328125,0
"1079","q31",54,106,7.946918,0,1,0.0634994506835938,1
"1080","q31",54,123,8.691223,0,1,23.8207397460938,0
"1081","q31",54,124,28.91877,0,1,35.989185333252,0
"1082","q31",54,125,2.705471,0,1,32.1475448608398,0
"1083","q31",54,122,5.646344,0,1,5.8313364982605,0
"1084","q31",54,141,6.735815,0,1,15.4050130844116,0
"1085","q31",54,142,9.012894,0,1,10.2298994064331,0
"1086","q31",54,116,41.88538,0,1,-0.0193634033203125,0
"1087","q31",54,140,148.3387,0,1,4.02063798904419,0
"1088","q31",54,143,6.656617,0,1,10.7139406204224,0
"1089","q31",54,144,21.50565,0,1,3.95069646835327,0
"1090","q31",54,138,14.4994,0,1,24.3241310119629,0
"1091","q31",54,117,1.42096,0,1,9.54457855224609,0
"1092","q31",54,136,2.97022,0,1,17.7216815948486,0
"1093","q31",54,137,44.71242,0,1,11.1052055358887,0
"1094","q31",54,139,16.97602,0,1,20.6211357116699,0
"1095","q31",54,115,38.30097,1,1,1.46649169921875,0
"1096","q31",59,146,18.78754,0,1,0.214553833007812,1
"1097","q31",59,147,6.044099,1,1,6.43716239929199,0
"1098","q31",60,148,5.833882,0,1,36.4564437866211,0
"1099","q31",61,150,9.830543,0,1,3.47013092041016,0
"1100","q31",61,153,7.706895,0,1,29.4419822692871,0
"1101","q31",61,151,2.077392,0,1,28.6023712158203,0
"1102","q31",61,149,4.943949,1,1,11.2237167358398,0
"1103","q31",61,152,7.593297,1,1,18.5888366699219,0
"1104","q31",63,155,5.93945,1,1,9.89202117919922,0
"1105","q31",63,154,4.959866,1,1,8.44374847412109,0
"1106","q31",63,156,10.99862,1,1,17.1574935913086,0
"1107","q31",64,159,83.96737,0,1,17.9408187866211,0
"1108","q31",64,158,4.44965,0,1,7.53835296630859,0
"1109","q31",64,157,1.754471,0,1,9.54550933837891,0
"1110","q31",66,160,3.461799,0,1,5.19772481918335,0
"1111","q31",68,161,29.99724,0,1,16.4876708984375,0
"1112","q31",69,162,10.7526,1,1,12.8883590698242,0
"1113","q32",33,5,20.46631,1,1,10.0647430419922,0
"1114","q32",33,21,30.13973,1,1,9.35023880004883,0
"1115","q32",33,26,11.45226,1,1,-0.00174834893550724,1
"1116","q32",33,13,27.72726,1,1,16.4786987304688,0
"1117","q32",33,6,9.537161,1,1,15.0988235473633,0
"1118","q32",33,16,53.30866,1,1,28.8036651611328,0
"1119","q32",33,24,30.62776,1,1,5.02036380767822,0
"1120","q32",33,4,9.300685,1,1,7.68094635009766,0
"1121","q32",33,22,10.24718,1,1,7.82244110107422,0
"1122","q32",34,45,5.078317,1,1,37.2955627441406,0
"1123","q32",34,29,7.896816,1,1,0.494438171386719,1
"1124","q32",34,28,5.533125,1,1,0.115821838378906,1
"1125","q32",34,43,4.506139,0,1,39.6603546142578,0
"1126","q32",34,44,9.903649,1,1,6.25484466552734,0
"1127","q32",34,27,4.943084,1,1,0.0438461303710938,1
"1128","q32",34,38,8.00957,1,1,33.0634002685547,0
"1129","q32",34,39,13.51751,1,1,34.2810821533203,0
"1130","q32",34,40,16.67496,1,1,0.975435972213745,0
"1131","q32",34,37,4.726672,1,1,27.161994934082,0
"1132","q32",34,31,52.70547,1,1,9.12733459472656,0
"1133","q32",34,32,7.738882,1,1,12.5810546875,0
"1134","q32",34,35,8.686041,0,1,20.809684753418,0
"1135","q32",34,36,9.164003,1,1,21.6341705322266,0
"1136","q32",34,33,25.63666,1,1,14.6863327026367,0
"1137","q32",34,34,5.874149,0,1,16.9761123657227,0
"1138","q32",34,51,11.13588,0,1,14.5945329666138,0
"1139","q32",34,52,18.11238,1,1,7.29786682128906,0
"1140","q32",34,49,7.04202,0,1,4.41176605224609,0
"1141","q32",34,50,9.552141,1,1,12.8639602661133,0
"1142","q32",34,42,11.39072,0,1,35.0136260986328,0
"1143","q32",34,47,13.37794,1,1,27.7092876434326,0
"1144","q32",34,30,3.893115,0,1,7.84474945068359,0
"1145","q32",34,54,2.766275,1,1,0.421016782522202,1
"1146","q32",34,46,1.111167,0,1,43.0660667419434,0
"1147","q32",34,53,3.451029,0,1,0.62718939781189,1
"1148","q32",34,48,10.30616,1,1,27.6300296783447,0
"1149","q32",34,41,7.45349,0,1,0.259895324707031,1
"1150","q32",35,58,3.332658,0,1,1.06641852855682,1
"1151","q32",35,57,1.78709,0,1,3.06071281433105,1
"1152","q32",35,56,1.78863,1,1,2.16273260116577,1
"1153","q32",35,55,6.036283,1,1,0.697351634502411,1
"1154","q32",36,61,11.23278,0,1,1.138427734375,0
"1155","q32",36,59,5.217417,1,1,0.618377685546875,1
"1156","q32",36,60,11.9286,1,1,0.432886481285095,1
"1157","q32",37,62,1.774648,0,1,9.19834327697754,0
"1158","q32",40,63,8.102492,0,1,-0.0999984741210938,1
"1159","q32",42,65,21.09934,1,1,7.13201141357422,0
"1160","q32",42,64,10.0727,1,1,12.4165420532227,0
"1161","q32",43,66,11.10009,1,1,-0.177273064851761,1
"1162","q32",43,69,10.60494,1,1,9.22044658660889,0
"1163","q32",43,68,15.55235,1,1,12.0106515884399,0
"1164","q32",43,67,5.51509,1,1,5.25820159912109,0
"1165","q32",44,72,7.321756,0,1,0.114544816315174,1
"1166","q32",44,71,5.652131,0,1,-0.566327035427094,1
"1167","q32",44,70,7.818209,0,1,11.5202884674072,0
"1168","q32",45,73,9.522299,1,1,4.33207702636719,0
"1169","q32",45,74,4.808988,0,1,-0.451103210449219,1
"1170","q32",46,75,34.66078,1,1,3.70782589912415,0
"1171","q32",47,77,11.9738,1,1,5.14907073974609,0
"1172","q32",47,76,16.42673,0,1,0.081146240234375,1
"1173","q32",48,78,18.68597,1,1,40.2386054992676,0
"1174","q32",49,80,2.922444,1,1,8.80663299560547,0
"1175","q32",49,79,5.450849,1,1,20.2527618408203,0
"1176","q32",50,83,2.35648,0,1,12.8762359619141,0
"1177","q32",50,84,3.822915,0,1,26.4360733032227,0
"1178","q32",50,82,2.723271,0,1,21.0598297119141,0
"1179","q32",50,85,3.25147,0,1,24.8475875854492,0
"1180","q32",50,87,2.033349,0,1,14.0219287872314,0
"1181","q32",50,81,1.90849,0,1,20.9330902099609,0
"1182","q32",50,86,2.047922,0,1,35.1794509887695,0
"1183","q32",50,88,2.419839,0,1,10.540096282959,0
"1184","q32",52,89,5.558225,1,1,0.0163457710295916,1
"1185","q32",53,90,27.29601,1,1,7.90357971191406,0
"1186","q32",53,92,23.9701,1,1,2.78531646728516,0
"1187","q32",53,93,3.883946,0,1,4.42069721221924,0
"1188","q32",53,91,10.25731,1,1,32.3218612670898,0
"1189","q32",54,96,6.2328,1,1,37.7254829406738,0
"1190","q32",54,99,4.270848,0,1,-0.0934722125530243,1
"1191","q32",54,94,6.765278,0,1,-0.0753021240234375,1
"1192","q32",54,97,3.403475,0,1,5.90322303771973,0
"1193","q32",54,98,5.221006,0,1,1.17337727546692,1
"1194","q32",54,95,1.841432,1,1,16.0923919677734,0
"1195","q32",54,100,7.549582,1,1,-0.105898216366768,1
"1196","q32",57,103,4.829882,0,1,6.29332256317139,0
"1197","q32",57,105,2.551526,0,1,32.6413307189941,0
"1198","q32",57,106,2.711798,0,1,6.93192672729492,0
"1199","q32",57,102,4.749661,0,1,34.4574203491211,0
"1200","q32",57,107,1.960513,0,1,10.9037532806396,0
"1201","q32",57,104,5.120052,1,1,21.943115234375,0
"1202","q32",57,101,2.137544,1,1,0.567955017089844,1
"1203","q32",58,109,67.43212,1,1,5.66706323623657,0
"1204","q32",58,108,24.548,1,1,22.6284217834473,0
"1205","q32",59,112,28.16045,0,1,30.856575012207,0
"1206","q32",59,111,28.90589,1,1,12.3328580856323,0
"1207","q32",59,113,28.59614,1,1,13.5421447753906,0
"1208","q32",59,110,113.8183,1,1,1.40978240966797,0
"1209","q32",61,125,2.706964,0,1,18.9185104370117,0
"1210","q32",61,121,2.390371,1,1,31.9316520690918,0
"1211","q32",61,122,2.638555,0,1,34.2172660827637,0
"1212","q32",61,126,7.758917,0,1,9.55113983154297,0
"1213","q32",61,117,17.15295,1,1,36.721923828125,0
"1214","q32",61,118,4.91978,0,1,34.9138603210449,0
"1215","q32",61,114,2.690149,0,1,5.12277221679688,0
"1216","q32",61,116,20.18688,1,1,34.0424118041992,0
"1217","q32",61,123,2.805987,0,1,12.8888311386108,0
"1218","q32",61,120,6.777731,0,1,17.0077285766602,0
"1219","q32",61,127,2.376774,0,1,0.630039513111115,1
"1220","q32",61,124,7.663074,1,1,8.75208282470703,0
"1221","q32",61,119,14.54914,0,1,15.5463790893555,0
"1222","q32",61,115,10.04003,1,1,2.00003170967102,0
"1223","q32",64,129,8.555009,1,1,25.5826644897461,0
"1224","q32",64,128,2.894744,0,1,25.0844802856445,0
"1225","q32",67,130,3.674614,0,1,26.3498382568359,0
"1226","q32",69,131,17.24463,0,1,8.38866519927979,0
"1227","q32",70,132,6.098817,0,1,33.2162551879883,0
"1228","q33",34,4,21.1449,1,1,2.96176242828369,0
"1229","q33",34,1,50.56707,1,1,25.4646911621094,0
"1230","q33",34,2,19.99389,1,1,5.65560150146484,0
"1231","q33",34,3,21.3416,1,1,7.53608655929565,0
"1232","q33",35,5,11.26246,1,1,1.42372131347656,0
"1233","q33",40,6,33.16394,0,1,-0.423362731933594,0
"1234","q33",41,7,32.08988,0,1,9.95726108551025,0
"1235","q33",42,9,9.599999,1,1,20.1999969482422,0
"1236","q33",42,8,10.1175,1,1,3.05000305175781,0
"1237","q33",42,11,58.975,1,1,31.8500003814697,0
"1238","q33",42,10,8.0525,1,1,23.2000007629395,0
"1239","q33",43,16,10.13085,1,1,24.7068004608154,0
"1240","q33",43,13,2.461982,0,1,0.119636535644531,1
"1241","q33",43,15,4.23987,1,1,27.7278156280518,0
"1242","q33",43,12,47.40295,0,1,-0.0653228759765625,0
"1243","q33",43,14,20.57227,0,1,3.7249755859375,0
"1244","q33",45,18,12.78516,1,1,35.9173927307129,0
"1245","q33",45,17,50.15523,1,1,0.273345947265625,0
"1246","q33",46,19,12.92131,1,1,42.4612464904785,0
"1247","q33",47,21,20.42595,1,1,-0.00621795654296875,0
"1248","q33",47,22,11.72719,0,1,-0.0513534545898438,1
"1249","q33",47,23,69.41273,1,1,14.7074890136719,0
"1250","q33",47,20,6.435354,1,1,12.1078872680664,0
"1251","q33",48,24,15.60121,0,1,9.70465087890625,0
"1252","q33",48,25,3.010173,1,1,17.1144027709961,0
"1253","q33",49,33,3.049937,1,1,8.21147632598877,0
"1254","q33",49,31,17.37682,1,1,0.119277954101562,0
"1255","q33",49,27,25.30361,0,1,16.6419448852539,0
"1256","q33",49,26,23.011,1,1,8.83418273925781,0
"1257","q33",49,30,4.276237,1,1,33.533447265625,0
"1258","q33",49,32,1.561694,0,1,13.3182649612427,0
"1259","q33",49,29,3.309677,0,1,35.1042098999023,0
"1260","q33",49,28,27.82584,0,1,22.3800659179688,0
"1261","q33",50,34,64.25745,1,1,28.8455123901367,0
"1262","q33",50,35,7.223423,1,1,19.9626884460449,0
"1263","q33",52,41,11.58711,1,1,7.59610748291016,0
"1264","q33",52,38,19.51851,0,1,25.0519027709961,0
"1265","q33",52,46,18.66936,1,1,6.6203441619873,0
"1266","q33",52,42,61.63663,0,1,4.24175930023193,0
"1267","q33",52,39,19.34442,1,1,21.6644058227539,0
"1268","q33",52,36,23.01759,0,1,7.74566650390625,0
"1269","q33",52,37,13.74132,0,1,22.2392501831055,0
"1270","q33",52,40,12.32738,1,1,9.66849899291992,0
"1271","q33",52,44,45.70605,0,1,-0.0474555157124996,0
"1272","q33",52,45,29.9412,1,1,13.4898128509521,0
"1273","q33",52,43,9.860264,0,1,11.5264129638672,0
"1274","q33",53,50,6.480983,1,1,10.4447832107544,0
"1275","q33",53,48,30.87107,1,1,8.12717151641846,0
"1276","q33",53,47,5.599553,0,1,8.49376678466797,0
"1277","q33",53,53,5.376333,0,1,0.0459537692368031,1
"1278","q33",53,51,20.18436,1,1,0.788711547851562,0
"1279","q33",53,52,3.890747,0,1,8.12146377563477,0
"1280","q33",53,49,15.93261,1,1,11.0418767929077,0
"1281","q33",54,54,3.756947,0,1,-0.159751892089844,1
"1282","q33",57,55,28.18918,1,1,1.05801117420197,0
"1283","q33",61,58,13.56318,0,1,15.7735214233398,0
"1284","q33",61,57,11.66822,0,1,17.564811706543,0
"1285","q33",61,60,98.49593,1,1,3.13919067382812,0
"1286","q33",61,59,22.02102,0,1,21.5795135498047,0
"1287","q33",61,56,23.45199,0,1,2.61934661865234,0
"1288","q33",62,61,3.3158,0,1,0.62306934595108,1
"1289","q33",66,62,92.8772,1,1,19.7430458068848,0
"1290","q33",68,65,36.45658,1,1,0.0397096611559391,0
"1291","q33",68,66,28.09026,0,1,0.25451534986496,0
"1292","q33",68,64,96.96581,1,1,-0.190786868333817,0
"1293","q33",68,63,16.99464,1,1,8.91789245605469,0
"1294","q33",70,72,5.693732,1,1,11.9658365249634,0
"1295","q33",70,70,4.946704,0,1,43.5550765991211,0
"1296","q33",70,71,26.87206,0,1,33.9554061889648,0
"1297","q33",70,67,7.184464,0,1,31.0906219482422,0
"1298","q33",70,69,8.902425,0,1,24.1626472473145,0
"1299","q33",70,68,34.63168,0,1,14.2876968383789,0
"1300","q34",47,41,11.58627,1,1,5.17987680435181,0
"1301","q34",47,40,3.468523,0,1,1.62539970874786,1
"1302","q34",49,42,5.897109,1,1,17.5380191802979,0
"1303","q34",50,43,3.321182,1,1,4.46582937240601,0
"1304","q34",52,44,8.452975,1,1,4.87126588821411,0
"1305","q34",53,45,7.475842,1,1,0.714277684688568,1
"1306","q34",54,47,6.554833,1,1,15.2638492584229,0
"1307","q34",54,48,4.465585,0,1,4.19347095489502,0
"1308","q34",54,46,4.300095,1,1,7.42456817626953,0
"1309","q34",55,49,0.6996506,0,1,34.0106163024902,0
"1310","q34",60,50,4.474466,1,1,6.30028533935547,0
"1311","q34",61,51,12.8223,1,1,0.0367384180426598,1
"1312","q34",64,57,0.7179382,0,1,29.8080520629883,0
"1313","q34",64,55,0.7179348,0,1,9.51205444335938,0
"1314","q34",64,61,145.7015,1,1,0.603996276855469,0
"1315","q34",64,58,0.7179414,0,1,33.2538375854492,0
"1316","q34",64,52,2.81131,0,1,-0.164253234863281,1
"1317","q34",64,56,0.7179414,0,1,12.8323287963867,0
"1318","q34",64,54,14.51571,0,1,22.9985580444336,0
"1319","q34",64,62,18.16918,0,1,3.25349640846252,0
"1320","q34",64,53,4.45079,0,1,4.22721099853516,0
"1321","q34",64,59,0.7179332,0,1,34.8555145263672,0
"1322","q34",64,60,17.98463,0,1,17.2266845703125,0
"1323","q34",65,63,27.16704,0,1,0.200912475585938,0
"1324","q34",65,66,15.23217,1,1,22.8851699829102,0
"1325","q34",65,64,12.16084,0,1,8.51337432861328,0
"1326","q34",65,65,0.7309185,0,1,40.7800750732422,0
"1327","q34",65,67,7.855018,1,1,19.4875164031982,0
"1328","q34",68,69,11.89659,0,1,11.4424982070923,0
"1329","q34",68,68,35.10431,0,1,0.0320510864257812,0
"1330","q35",42,107,36.10913,0,1,-0.0482177734375,0
"1331","q35",43,108,12.25015,1,1,6.68389892578125,0
"1332","q35",45,110,10.0801,0,1,0.883150398731232,1
"1333","q35",45,109,25.90412,1,1,1.22661006450653,0
"1334","q35",47,113,27.1664,1,1,0.065460205078125,1
"1335","q35",47,112,6.543422,0,1,2.55958008766174,0
"1336","q35",47,111,16.10477,1,1,0.157855585217476,1
"1337","q35",49,115,10.7131,1,1,20.2401885986328,0
"1338","q35",49,114,8.87562,1,1,18.6017913818359,0
"1339","q35",49,118,2.988549,1,1,0.984799206256866,1
"1340","q35",49,116,17.35108,0,1,23.5092239379883,0
"1341","q35",49,117,4.966504,1,1,10.2816162109375,0
"1342","q35",50,120,3.942757,1,1,7.16407775878906,0
"1343","q35",50,119,7.490958,0,1,-0.341552734375,1
"1344","q35",50,121,3.340736,0,1,10.0007724761963,0
"1345","q35",51,123,39.40171,1,1,-0.0115521354600787,1
"1346","q35",51,122,10.7004,0,1,29.9227905273438,0
"1347","q35",52,126,18.47944,0,1,0.0978942736983299,1
"1348","q35",52,124,14.50678,1,1,-0.189071655273438,0
"1349","q35",52,125,23.10047,1,1,0.120634712278843,1
"1350","q35",52,127,33.21877,1,1,0.0564012825489044,1
"1351","q35",53,128,26.57924,0,1,5.78956508636475,0
"1352","q35",57,129,107.8714,1,1,37.0857429504395,0
"1353","q35",64,130,0.7144812,0,1,6.45420837402344,0
"1354","q35",64,132,23.41137,0,1,-0.452413827180862,1
"1355","q35",64,131,4.166677,0,1,13.5079040527344,0
"1356","q35",65,133,4.975499,0,1,4.71514892578125,0
"1357","q36",34,122,29.10444,1,1,0.0127098616212606,0
"1358","q36",42,123,3.533495,0,1,13.0149593353271,0
"1359","q36",63,127,718.4799,0,1,0.069453276693821,0
"1360","q36",63,124,279.0679,0,1,21.3849563598633,0
"1361","q36",63,125,211.1841,0,1,37.51708984375,0
"1362","q36",63,126,188.9915,0,1,20.85546875,0
"1363","q36",64,128,77.80182,1,1,-0.569488525390625,0
"1364","q36",68,131,41.333,0,1,35.8203239440918,0
"1365","q36",68,129,19.98402,0,1,-0.398643493652344,0
"1366","q36",68,130,151.3009,0,1,13.6979522705078,0
"1367","q36",68,134,55.19142,1,1,34.5496444702148,0
"1368","q36",68,132,49.5841,0,1,38.4777908325195,0
"1369","q36",68,133,49.63224,0,1,9.77763557434082,0
"1370","q36",70,135,5.028944,0,1,27.3741798400879,0
"1371","q36",71,136,35.95393,0,1,5.10569000244141,0
"1372","q36",71,137,49.55743,0,1,9.32425117492676,0
"1373","q42",35,61,64.6349,1,1,3.61089324951172,0
"1374","q42",35,62,8.758627,1,1,9.56107330322266,0
"1375","q42",35,64,21.34246,1,1,5.57104015350342,0
"1376","q42",35,69,5.588467,0,1,13.4394273757935,0
"1377","q42",35,70,6.208216,0,1,3.67973852157593,0
"1378","q42",35,63,4.812859,0,1,17.2297668457031,0
"1379","q42",35,72,17.61477,1,1,-0.120188273489475,1
"1380","q42",35,68,6.692052,1,1,-0.00946044921875,1
"1381","q42",35,65,19.77416,0,1,0.614964008331299,1
"1382","q42",35,66,20.01897,0,1,8.39989757537842,0
"1383","q42",35,67,21.70742,0,1,1.3373521566391,0
"1384","q42",35,71,13.26555,1,1,-0.0120163522660732,1
"1385","q42",36,73,30.15151,1,1,0.180450364947319,0
"1386","q42",37,74,18.89982,1,1,0.137908935546875,1
"1387","q42",37,75,16.41358,0,1,-0.00182135030627251,1
"1388","q42",37,76,5.190986,0,1,26.3324775695801,0
"1389","q42",42,77,8.999571,1,1,17.0101928710938,0
"1390","q46",70,7,77.49267,1,1,6.19310760498047,0
"1391","q51",62,-Inf,147.75896,0,1,3.04331970214844,0
"1392","q7",69,52,13.84559,0,1,-0.924041748046875,1
"1393","q7",69,53,73.16433,1,1,0.0940933227539062,0
"1394","q7",69,54,72.5752,0,1,16.6872291564941,0
"1395","q7",69,55,15.7001,1,1,3.32383728027344,0
"1396","q7",71,56,61.03486,0,1,-0.514215886592865,0
"1397","q8",64,24,45.58974,0,1,0.443283081054688,0
"1398","q8",68,25,61.43293,1,1,18.3993453979492,0
"1399","q8",68,26,35.44497,1,1,0.671990811824799,0
"1400","q8",68,27,207.4131,1,1,0.14341177046299,0
"1401","q8",69,28,34.36595,0,1,16.5911426544189,0
"1402","q8",69,29,13.69626,1,1,3.06742405891418,0
"1403","q9",50,66,57.47338,1,1,-0.180598586797714,0
"1404","q9",55,67,20.78581,0,1,25.5297775268555,0
"1405","q9",56,68,26.27283,1,1,-0.390625715255737,0
"1406","q9",58,69,0.706248,0,1,15.501841545105,0
"1407","q9",58,70,57.39672,1,1,22.0486354827881,0
"1408","q9",58,71,62.31378,1,1,6.91407871246338,0
"1409","q9",58,72,0.7062426,0,1,19.3051662445068,0
"1410","q9",60,73,21.8424,0,1,4.42969369888306,0
"1411","q9",61,74,3.710969,0,1,33.9219703674316,0
"1412","q9",61,75,2.2542,0,1,35.8543815612793,0
"1413","q9",61,76,211.3587,1,1,15.5570936203003,0
"1414","q9",63,77,107.1597,0,1,-0.333396911621094,0
"1415","q9",68,78,83.91336,1,1,0.434671610593796,0
"1416","q9",69,79,13.03757,0,1,-0.284767150878906,1
"1417","q9",69,80,8.225618,1,1,1.29273986816406,1
"1418","q9",69,81,5.595208,0,1,0.240341186523438,1
"1419","q9",71,82,25.39219,0,1,20.4929428100586,0
"1420","q9",71,83,0.7092058,0,1,30.6281356811523,0
"1421","q9",71,84,0.7092074,0,1,31.833251953125,0
