"","spp","year","quad","ID","logarea.t0","logarea.t1","W","uniqID"
"1","HECO",1934,"E2",242,1.05036904540525,-1.38434218917378,0.00142525511862127,"E2_242"
"2","HECO",1934,"E6",112,2.02536997711106,-1.38434218917378,0.58360716788545,"E6_112"
"3","HECO",1934,"E6",111,1.44158612851881,2.01190568784511,0.0771714959283868,"E6_111"
"4","HECO",1934,"B5",35,2.26030328795929,0.0482566062738829,0.0367044928293947,"B5_35"
"5","HECO",1934,"B5",56,0.879603593169488,0.407417280054279,0.0076817822554851,"B5_56"
"6","HECO",1934,"C5",51,2.99737973846456,1.80153171274461,8.94251390074142e-15,"C5_51"
"7","HECO",1934,"D3",167,2.7998326781893,0.701622798236097,0.0159608476385795,"D3_167"
"8","HECO",1934,"C1",48,2.43599147720273,3.00136349241308,6.66056589772304e-10,"C1_48"
"9","HECO",1934,"C5",103,2.56574308118607,1.94966071613878,1.52901311200483e-14,"C5_103"
"10","HECO",1934,"D3",158,2.02694693381966,-0.28572990050567,0.00862981790635304,"D3_158"
"11","HECO",1934,"B5",201,0.647578763932,-1.38434218917378,0.00431924010587856,"B5_201"
"12","HECO",1934,"E6",122,2.69682406015951,2.24693830017385,0.000138386015774811,"E6_122"
"13","HECO",1934,"B5",86,2.9886973996942,2.35856112142031,7.83835670934006e-09,"B5_86"
"14","HECO",1934,"B5",176,3.35804597403928,-0.285729900505666,0.00171990251421897,"B5_176"
"15","HECO",1934,"E6",91,1.14404413698733,-0.673067624021267,0.352979310921636,"E6_91"
"16","HECO",1934,"E6",92,2.24060729847097,0.22020573796613,0.23749344980798,"E6_92"
"17","HECO",1934,"E6",88,1.03971916818199,1.39252263555246,0.0116597092425394,"E6_88"
"18","HECO",1934,"E6",89,1.38996503816362,-1.3484101799477,0.253347903558618,"E6_89"
"19","HECO",1934,"D1",249,1.75831947459352,-1.38434218917378,0.0189811372247222,"D1_249"
"20","HECO",1934,"D1",258,2.42887540129646,-0.673067624021279,5.75445157626101e-13,"D1_258"
"21","HECO",1934,"E6",93,0.490414282452923,1.9172733187401,0.00537915667872941,"E6_93"
"22","HECO",1934,"E6",95,1.76270793392939,1.64583764738272,2.75716212099965,"E6_95"
"23","HECO",1934,"E6",102,2.636417088168,-0.285729900505666,0.125889737414755,"E6_102"
"24","HECO",1934,"E6",103,2.70383584186107,1.83351219941702,0.205338432347661,"E6_103"
"25","HECO",1934,"E6",104,1.94194883635185,-1.38434218917378,0.17903170906787,"E6_104"
"26","HECO",1934,"E6",108,2.86489144934159,1.54965197473309,0.133591500401685,"E6_108"
"27","HECO",1934,"E6",109,1.76970957073764,1.55706989723993,0.454484567296957,"E6_109"
"28","HECO",1934,"E6",110,2.79915285172719,2.43788083427168,0.233894900896552,"E6_110"
"29","HECO",1934,"D5",34,3.27575969840083,-0.715887621204206,9.10887439801905e-05,"D5_34"
"30","HECO",1934,"D5",36,2.77767191559872,-1.38434218917378,0.00674536665640814,"D5_36"
"31","HECO",1934,"E6",113,2.72288215936814,1.28051722967101,0.0442630948904798,"E6_113"
"32","HECO",1934,"E6",114,2.66616173491732,1.52529011501361,0.136710435606313,"E6_114"
"33","HECO",1934,"E6",115,2.55289427773143,0.558267154385712,0.00774341706235704,"E6_115"
"34","HECO",1934,"D1",286,0.422289872648156,1.09301361837545,0.0100529443131004,"D1_286"
"35","HECO",1934,"E6",118,0.757878107350693,0.811996057634446,0.985656933433085,"E6_118"
"36","HECO",1934,"E6",119,0.949245655811666,-1.38434218917378,0.224481545687426,"E6_119"
"37","HECO",1934,"E6",120,2.15433453387529,0.967301253894947,0.0570834503189583,"E6_120"
"38","HECO",1934,"E6",121,0.764332756566329,1.55966931162197,0.000448460626117261,"E6_121"
"39","HECO",1934,"A7",103,2.42565324419151,1.64744372766697,0.134417707572537,"A7_103"
"41","HECO",1934,"A7",150,2.8936680639647,0.956618681549126,0.0893933706454744,"A7_150"
"42","HECO",1934,"A7",156,2.40353121456992,0.679815947356896,0.0924016592532315,"A7_156"
"43","HECO",1934,"A7",61,2.07676942466814,1.54601490045459,0.0197567093828057,"A7_61"
"44","HECO",1934,"A7",62,1.28081573143181,0.487681917254893,0.383521235083079,"A7_62"
"45","HECO",1934,"A7",96,2.43447791113013,0.407417280054272,0.00192692392763971,"A7_96"
"46","HECO",1934,"E6",97,2.43768482826032,2.06508188732857,1.70094056510135,"E6_97"
"47","HECO",1934,"E6",116,2.33134291154649,1.36756569520142,0.234151753862306,"E6_116"
"48","HECO",1934,"E6",99,0.970333486708147,0.00195217194611446,0.623909874280838,"E6_99"
"49","HECO",1934,"D1",303,1.53237396769039,-0.697311235631271,0.0256431783386995,"D1_303"
"50","HECO",1934,"F2",0,1.86840777718363,-1.38434218917378,0.0381857523189115,"F2_0"
"51","HECO",1934,"F2",1,1.2303330116117,0.185279314664828,0.0588350627905139,"F2_1"
"52","HECO",1934,"F2",10,2.84752551374438,2.68666381558991,0.000235200042930965,"F2_10"
"53","HECO",1934,"F2",11,2.6762608020599,1.60224995900997,0.000141894189815135,"F2_11"
"54","HECO",1934,"F2",14,1.67731119254427,-1.38434218917378,5.9736002130741e-06,"F2_14"
"55","HECO",1934,"F2",15,1.65331801738138,-0.691195008613831,0.0204039876364878,"F2_15"
"56","HECO",1934,"F2",2,1.31450825392854,-0.691195008613831,0.0656050187795051,"F2_2"
"57","HECO",1934,"F2",20,0.323293327166527,-0.691195008613831,0.00553520134138868,"F2_20"
"58","HECO",1934,"F2",5,1.46895828081332,1.10726095703662,7.15332650153237e-05,"F2_5"
"59","HECO",1934,"F2",9,2.76747201719678,1.03263532664079,5.96492230973012e-13,"F2_9"
"60","HECO",1934,"E6",98,1.05747863245126,1.22784981885311,0.0132789059134659,"E6_98"
"61","HECO",1934,"B1",121,2.94180259809478,0.804172178881956,2.14294029900611e-15,"B1_121"
"62","HECO",1934,"B5",110,2.86602564241349,-1.38434218917378,0.0203377193487947,"B5_110"
"63","HECO",1934,"B5",13,2.55290010755243,0.879055252308742,0.000660368376535302,"B5_13"
"64","HECO",1934,"B5",142,2.86157544033448,0.00195217194611446,0.000334970889236425,"B5_142"
"65","HECO",1934,"F3",53,1.96554048364787,-1.38434218917378,0.168812601260631,"F3_53"
"66","HECO",1934,"F3",65,2.88959168822824,1.0093286117157,1.50873289029807,"F3_65"
"67","HECO",1934,"F3",68,2.24785643801516,0.55158254285798,1.40725287653205,"F3_68"
"68","HECO",1934,"F3",84,2.62428082916047,-1.38434218917378,1.25326440654874,"F3_84"
"69","HECO",1934,"F3",85,1.70915898076512,-1.36068027253953,3.04291164115928,"F3_85"
"70","HECO",1934,"B5",96,1.75885580372179,2.83099833350834,0.0296115824056754,"B5_96"
"71","HECO",1934,"C1",14,2.4699149563627,1.69006571127811,6.65323971803341e-10,"C1_14"
"72","HECO",1934,"C1",228,1.77890506039477,2.45224848200783,3.91886714957892e-15,"C1_228"
"74","HECO",1935,"E2",413,0.481673370076954,-1.38434218917378,0.00541842654140195,"E2_413"
"75","HECO",1935,"F3",87,0.736856574043021,1.52195411326404,0.0937632423222362,"F3_87"
"76","HECO",1935,"E2",426,0.45860306195133,-0.691195008613835,0.0357006221374707,"E2_426"
"77","HECO",1935,"F3",68,0.55158254285798,1.70562432305342,0.137166241710897,"F3_68"
"78","HECO",1935,"E2",429,0.411792595773436,-0.297949808669703,0.01258177519182,"E2_429"
"79","HECO",1935,"D1",286,1.09301361837545,1.53916705240571,0.00211691342733692,"D1_286"
"80","HECO",1935,"E2",425,0.462470513607135,1.22896168220245,0.123967197710339,"E2_425"
"81","HECO",1935,"D1",468,0.622842715243413,0.0405445044085134,0.00652692263070668,"D1_468"
"82","HECO",1935,"E2",240,0.662116417279605,1.18240348326063,0.0507202086721731,"E2_240"
"83","HECO",1935,"D3",183,0.728593178010713,0.174000372296343,0.00784224516727465,"D3_183"
"84","HECO",1935,"B5",142,0.00195217194611446,1.20068981627018,0.00895103220654801,"B5_142"
"85","HECO",1935,"E2",237,0.70587483481356,0.17714937580286,0.0311473071500041,"E2_237"
"86","HECO",1935,"A7",103,1.64744372766697,2.73741983022463,0.0804049259532515,"A7_103"
"87","HECO",1935,"C5",103,1.94966071613878,2.36402658986618,0.0116223603243514,"C5_103"
"88","HECO",1935,"C6",386,0.560075453400326,-1.38434218917378,0.118901048881904,"C6_386"
"89","HECO",1935,"C5",51,1.80153171274461,2.50644955657846,0.00130706991286978,"C5_51"
"90","HECO",1935,"E6",182,0.24318525175481,-1.38434218917378,0.75698691924783,"E6_182"
"91","HECO",1935,"E2",427,0.355685173942357,1.65049655586895,0.0195026568118939,"E2_427"
"92","HECO",1935,"E2",428,0.54796620062418,-1.38434218917378,0.0116243388935445,"E2_428"
"93","HECO",1935,"C5",104,1.42305757274034,1.03055709311356,0.00118131386558317,"C5_104"
"94","HECO",1935,"C6",370,0.351204395588114,-1.38434218917378,0.0887046054203438,"C6_370"
"95","HECO",1935,"E6",88,1.39252263555246,0.294343802748825,0.046380155245884,"E6_88"
"96","HECO",1935,"C6",365,0.162258828042576,-1.38434218917378,0.00740128650319627,"C6_365"
"97","HECO",1935,"C1",228,2.45224848200783,2.80673342747969,0.000188741454067347,"C1_228"
"98","HECO",1935,"A7",62,0.487681917254893,1.46219023691761,0.204230987649917,"A7_62"
"99","HECO",1935,"B5",13,0.879055252308742,2.2440800653693,0.0327088320983798,"B5_13"
"100","HECO",1935,"C1",14,1.69006571127811,2.14726475125106,0.0077318327267447,"C1_14"
"101","HECO",1935,"F2",5,1.10726095703662,1.06312867809482,0.009222731821478,"F2_5"
"102","HECO",1935,"E2",235,1.30702211337434,0.86160043522537,0.00477890871422071,"E2_235"
"103","HECO",1935,"B5",96,2.83099833350834,2.1091485053236,0.00758809987963488,"B5_96"
"104","HECO",1935,"C6",349,0.169006311513342,0.278160782177386,0.240927566021134,"C6_349"
"105","HECO",1935,"A12",196,1.64298207884297,2.46372221980735,0.0252479201578363,"A12_196"
"106","HECO",1935,"C6",367,0.0877994407049185,-1.36068027253953,0.160679570264733,"C6_367"
"107","HECO",1935,"E6",94,1.27430375582773,-1.38434218917378,0.636252326058868,"E6_94"
"108","HECO",1935,"E6",95,1.64583764738272,0.772317748113515,2.04223242192468,"E6_95"
"109","HECO",1935,"F3",65,1.0093286117157,2.63917302467147,0.103314051829848,"F3_65"
"110","HECO",1935,"A7",150,0.956618681549126,2.20552445505705,0.0123031724530599,"A7_150"
"111","HECO",1935,"C1",230,0.672942646692696,0.578460915676935,0.092928745173124,"C1_230"
"113","HECO",1935,"C1",48,3.00136349241308,3.18602699688837,0.0123910981168691,"C1_48"
"114","HECO",1935,"B5",22,0.00195217194611446,1.18159951424684,0.0178045611639427,"B5_22"
"115","HECO",1935,"C6",345,1.11412713528261,0.88006514556277,0.0260112272154163,"C6_345"
"116","HECO",1935,"E6",178,1.77857678092236,2.35733157228613,0.19366072338793,"E6_178"
"117","HECO",1935,"B5",86,2.35856112142031,2.51276828071906,0.0109136059219,"B5_86"
"118","HECO",1935,"E6",111,2.01190568784511,0.00195217194611446,0.0974276296240601,"E6_111"
"119","HECO",1935,"E6",92,0.22020573796613,0.557107794427088,0.0502427852285428,"E6_92"
"120","HECO",1935,"E6",117,1.91707931700251,-0.70346510120565,0.23640458136807,"E6_117"
"121","HECO",1935,"E6",93,1.9172733187401,1.41032083919937,0.212553287081716,"E6_93"
"122","HECO",1935,"A12",199,1.51759792482728,2.19781241570444,0.3044400181036,"A12_199"
"123","HECO",1935,"A12",200,2.36748223045102,2.53583178493388,9.30149953896081e-05,"A12_200"
"124","HECO",1935,"A7",61,1.54601490045459,1.54843049406124,0.0109488724488328,"A7_61"
"125","HECO",1935,"B5",203,0.0014039428682712,2.53992527053139,0.213391902617091,"B5_203"
"126","HECO",1935,"F2",11,1.60224995900997,1.42175077829572,0.0186740750702699,"F2_11"
"127","HECO",1935,"F2",27,0.419370384853732,0.326503091595067,0.259884737674137,"F2_27"
"128","HECO",1935,"E6",103,1.83351219941702,1.06254905755838,0.0447098060054875,"E6_103"
"129","HECO",1935,"B5",56,0.407417280054279,2.17607569720376,0.0372155981603354,"B5_56"
"130","HECO",1935,"E6",108,1.54965197473309,2.48460370038551,0.165932183160672,"E6_108"
"131","HECO",1935,"E6",118,0.811996057634446,-1.38434218917378,0.0593479332953202,"E6_118"
"132","HECO",1935,"E6",116,1.36756569520142,-0.289803225893304,0.262029115898411,"E6_116"
"133","HECO",1935,"B5",197,0.388089445467579,-0.0177530885308321,0.134638106144643,"B5_197"
"134","HECO",1935,"A12",197,2.36343237993508,2.70561772482878,0.14842261233272,"A12_197"
"135","HECO",1935,"E6",157,0.122892321023983,1.06510946486735,0.217666454244045,"E6_157"
"136","HECO",1935,"E6",147,0.0633820768103139,-1.38434218917378,0.3415528297368,"E6_147"
"137","HECO",1935,"E6",175,0.271059482534305,0.060880638048626,0.113999469228777,"E6_175"
"138","HECO",1935,"A12",203,0.725935838103344,3.35701094732744,0.480659358062782,"A12_203"
"139","HECO",1935,"B5",35,0.0482566062738829,1.39980768609078,0.00676934404460198,"B5_35"
"140","HECO",1935,"B5",204,0.388073446032489,0.585825800486826,0.0194753837340232,"B5_204"
"141","HECO",1935,"F2",10,2.68666381558991,2.22100057361826,0.00645815641030654,"F2_10"
"142","HECO",1935,"F2",9,1.03263532664079,-0.697311235631271,0.00792035492279005,"F2_9"
"143","HECO",1935,"E6",171,0.354616649742181,-1.38434218917378,0.143597021073822,"E6_171"
"144","HECO",1935,"E6",155,0.4234631246734,0.459115737623935,0.410228951104915,"E6_155"
"145","HECO",1935,"E6",163,0.227592605846882,0.243729077294312,0.267905264694473,"E6_163"
"146","HECO",1935,"E6",148,1.10730198293667,-0.691195008613831,0.336440454304748,"E6_148"
"147","HECO",1935,"B1",124,0.738317777269926,0.166357572021885,0.0176056884401661,"B1_124"
"148","HECO",1935,"E6",162,0.110016771558097,-1.3484101799477,0.592419878863032,"E6_162"
"149","HECO",1935,"B5",205,0.30877200765444,1.44396689022452,0.129279964864005,"B5_205"
"150","HECO",1935,"E6",169,0.432627774660927,-1.38434218917378,0.94409534028431,"E6_169"
"151","HECO",1935,"F2",1,0.185279314664828,-0.691195008613835,0.0213373530458289,"F2_1"
"152","HECO",1936,"C1",48,3.18602699688837,-1.38434218917378,0.000715460468799878,"C1_48"
"153","HECO",1936,"F2",83,0.0777125403033624,-1.38434218917378,0.026956649238582,"F2_83"
"154","HECO",1936,"B5",234,0.383032217302306,-1.38434218917378,0.603746213161652,"B5_234"
"155","HECO",1936,"B5",232,0.383701395329769,-1.38434218917378,0.701065586642101,"B5_232"
"156","HECO",1936,"C1",230,0.578460915676935,-0.691195008613835,0.0140319959210845,"C1_230"
"158","HECO",1936,"B5",200,1.42774497449706,-0.691195008613835,0.0745923982572453,"B5_200"
"159","HECO",1936,"B5",96,2.1091485053236,-0.70965707145357,0.000275170476219786,"B5_96"
"160","HECO",1936,"B5",241,0.271166845926364,-0.691195008613835,0.343203043519442,"B5_241"
"161","HECO",1936,"E6",159,1.29152252641857,-1.38434218917378,0.367847595449848,"E6_159"
"162","HECO",1936,"A7",61,1.54843049406124,-1.38434218917378,0.0360524496827383,"A7_61"
"164","HECO",1936,"F2",5,1.06312867809482,-1.38434218917378,0.00876836763283216,"F2_5"
"165","HECO",1936,"D3",190,0.0289962964202708,-1.38434218917378,0.000414152471837966,"D3_190"
"166","HECO",1936,"C6",345,0.88006514556277,-1.34841017994772,8.26975820687264e-06,"C6_345"
"167","HECO",1936,"D5",86,1.41765872555843,1.29842613788695,0.000439207050593416,"D5_86"
"169","HECO",1936,"B5",56,2.17607569720376,-0.691195008613835,0.0259808787665419,"B5_56"
"170","HECO",1936,"B5",222,0.0788482508696214,-1.38434218917378,0.122030713242607,"B5_222"
"171","HECO",1936,"E6",103,1.06254905755838,-1.36068027253953,0.0079134839486108,"E6_103"
"172","HECO",1936,"B5",244,0.255655435839156,-1.38434218917378,0.315864913097784,"B5_244"
"173","HECO",1936,"C1",228,2.80673342747969,0.215291723163699,0.000727874731177652,"C1_228"
"174","HECO",1936,"B5",276,0.2223739582593,-1.38434218917378,0.0770066775485704,"B5_276"
"175","HECO",1936,"A12",197,2.70561772482878,1.67870385000032,2.63396089886546e-05,"A12_197"
"176","HECO",1936,"B5",229,0.275799432023439,-1.38434218917378,0.18420012623681,"B5_229"
"177","HECO",1936,"E6",173,1.04224803989581,0.00195217194611446,0.228293986579277,"E6_173"
"178","HECO",1936,"B1",137,0.478278615343044,-1.38434218917378,0.00979630109263745,"B1_137"
"179","HECO",1936,"E6",88,0.294343802748825,-1.38434218917378,0.016054219878993,"E6_88"
"180","HECO",1936,"A12",200,2.53583178493388,0.804122440736422,0.0154754187256585,"A12_200"
"181","HECO",1936,"A12",199,2.19781241570444,0.628180919772705,0.000247829541933374,"A12_199"
"182","HECO",1936,"A12",203,3.35701094732744,0.874889331628688,9.61397703014476e-05,"A12_203"
"183","HECO",1936,"C1",14,2.14726475125106,-1.38434218917378,0.00223990976365102,"C1_14"
"184","HECO",1936,"E6",95,0.772317748113515,-0.697311235631271,0.00821607420404557,"E6_95"
"185","HECO",1937,"D5",86,1.29842613788695,4.61554910043862,0.00548590049391818,"D5_86"
"186","HECO",1937,"A12",203,0.874889331628688,1.43617716446015,0.00361370511505384,"A12_203"
"187","HECO",1937,"C1",228,0.215291723163699,3.84419036351837,0.005486271416035,"C1_228"
"188","HECO",1937,"A12",200,0.804122440736422,-0.697311235631269,0.00687467952521977,"A12_200"
"189","HECO",1937,"A12",197,1.67870385000032,3.46130860862626,0.000210938730769563,"A12_197"
"190","HECO",1937,"A12",199,0.628180919772705,0.236821373326598,6.82246540413751e-05,"A12_199"
"191","HECO",1937,"E6",173,0.00195217194611446,0.466162683112153,6.37711259833423e-09,"E6_173"
"192","HECO",1938,"F2",5,2.26513970935185,2.88150349701804,0.00062154800958473,"F2_5"
"193","HECO",1938,"E6",258,0.0155957125174961,2.03006392499829,0.00624783371169027,"E6_258"
"194","HECO",1938,"A12",199,0.236821373326598,2.70402172249066,3.37846508276975e-05,"A12_199"
"195","HECO",1938,"E6",221,0.183488723803878,2.57357986454591,0.0319630634271282,"E6_221"
"196","HECO",1938,"E6",260,0.252117656246688,3.48706407736852,0.130172384837397,"E6_260"
"197","HECO",1938,"C1",253,0.411959284386135,1.23160359207337,0.593368181199244,"C1_253"
"198","HECO",1938,"F2",113,0.80755500529378,1.91063639511471,7.87839926299202e-06,"F2_113"
"199","HECO",1938,"E6",259,0.0294123727800992,1.52850227371167,2.2716143201437e-06,"E6_259"
"200","HECO",1938,"D1",506,0.00234255110747316,1.74065533247531,9.15600364056012e-16,"D1_506"
"201","HECO",1938,"E6",173,0.466162683112153,2.7886883550141,3.86737525361579e-08,"E6_173"
"202","HECO",1938,"C1",249,3.48344346752088,2.74331226439529,0.0280488436619955,"C1_249"
"203","HECO",1938,"C1",14,1.07242069890921,0.726863375827717,3.1126370598529e-07,"C1_14"
"204","HECO",1938,"F2",115,0.946449623147878,0.902062803272319,2.57165173124658e-08,"F2_115"
"205","HECO",1938,"C1",228,3.84419036351837,3.62897108593363,4.26751869675306e-05,"C1_228"
"206","HECO",1938,"E6",217,1.32796985210051,3.44777305626109,0.000934930734111718,"E6_217"
"207","HECO",1938,"F2",68,2.21510204968285,2.99926422941823,0.262257944380354,"F2_68"
"208","HECO",1938,"A7",14,1.81601812709539,2.89517003427067,6.78282227055132e-11,"A7_14"
"209","HECO",1938,"C6",507,1.70706459317265,3.08193675756681,0.227764227754302,"C6_507"
"210","HECO",1938,"F2",67,1.46976970603099,2.71988784082223,0.000625550342420458,"F2_67"
"211","HECO",1938,"E6",148,0.895988489700892,1.86074915580681,0.111913974629459,"E6_148"
"212","HECO",1938,"C6",522,1.13206891076927,0.950254986331064,1.36860017021339e-07,"C6_522"
"213","HECO",1938,"A12",197,3.46130860862626,1.94165210378337,1.25265069284185e-05,"A12_197"
"214","HECO",1938,"E6",147,0.318334118973054,2.86102149744187,0.035447669146974,"E6_147"
"215","HECO",1938,"C1",230,2.84824726843188,2.24229648717315,2.70369350595656e-12,"C1_230"
"216","HECO",1938,"C1",233,0.0200795565386783,2.26395088450509,8.70180411831403e-05,"C1_233"
"217","HECO",1938,"C6",493,1.60461212936813,2.60143958225426,7.12935484263439e-09,"C6_493"
"218","HECO",1938,"A7",234,2.46544942769857,2.99595885201772,6.64475333431714e-12,"A7_234"
"219","HECO",1938,"C6",510,2.27707384973881,3.37137134019869,0.0196290831327871,"C6_510"
"220","HECO",1938,"E2",240,1.0744415650605,2.80057708516614,3.95704235140928e-11,"E2_240"
"221","HECO",1938,"C6",518,1.14952825194513,2.85139820088223,0.0399909612227693,"C6_518"
"222","HECO",1938,"D3",210,1.48053434300666,2.41767415021656,8.14484264995942e-08,"D3_210"
"223","HECO",1938,"E6",95,1.11195311747662,3.27174199973469,0.0831333303470571,"E6_95"
"224","HECO",1938,"C6",517,2.24760759627005,2.27575207787247,0.0905566664099958,"C6_517"
"225","HECO",1938,"A7",62,0.847078122212453,1.76405407408441,0.0806181295163698,"A7_62"
"226","HECO",1938,"E6",159,0.217953618815004,2.31020035403616,0.00527358660948676,"E6_159"
"227","HECO",1938,"E6",262,0.670965044803687,2.81855367342943,0.00488493685917056,"E6_262"
"228","HECO",1938,"A7",61,2.56064425586797,3.1127578201158,0.0109318122494713,"A7_61"
"229","HECO",1938,"E6",89,0.628967503780846,3.27924318788384,0.00377318894974678,"E6_89"
"230","HECO",1938,"C1",248,2.23915664997483,2.25587869815527,0.013218854535408,"C1_248"
"231","HECO",1938,"C6",515,3.09811040523035,3.32253737086928,3.58912390431164e-07,"C6_515"
"232","HECO",1938,"E6",263,0.443978013050279,3.14129136210008,0.000355887546528507,"E6_263"
"233","HECO",1938,"D5",86,4.61554910043862,2.94707037731889,0.00243209827943943,"D5_86"
"234","HECO",1938,"D5",93,3.3530905575844,2.92366394553175,1.02432901612417e-12,"D5_93"
"235","HECO",1938,"C6",511,2.01298181496234,3.2303814163314,0.0260550061389032,"C6_511"
"236","HECO",1938,"F2",83,1.88480832445908,2.6660574872707,0.393361133165218,"F2_83"
"237","HECO",1938,"E6",92,0.157838844194455,2.73611410576264,0.0129523019061195,"E6_92"
"238","HECO",1938,"D5",98,2.73157025664406,2.92006307760627,4.08592274314294e-05,"D5_98"
"239","HECO",1938,"D5",97,2.63002815253788,2.48157092091367,0.0695339034349744,"D5_97"
"240","HECO",1939,"C1",228,3.62897108593363,3.77307264092972,0.000174844094614241,"C1_228"
"241","HECO",1939,"C1",250,2.26163466408054,2.55852854964523,0.00759242221441787,"C1_250"
"242","HECO",1939,"C1",14,0.726863375827717,2.59707200158863,1.50939370583526e-05,"C1_14"
"243","HECO",1939,"B5",280,2.48034729335284,3.10019124998429,0.0292856361487185,"B5_280"
"244","HECO",1939,"C1",230,2.24229648717315,2.83279304443291,0.014331742132211,"C1_230"
"245","HECO",1939,"B5",279,2.7091940001586,3.26308276669159,0.00560519274214501,"B5_279"
"246","HECO",1939,"C1",249,2.74331226439529,2.32728262389099,0.0558101375642987,"C1_249"
"247","HECO",1939,"A7",234,2.99595885201772,3.8282894238036,6.18971265391417e-10,"A7_234"
"248","HECO",1939,"C1",233,2.26395088450509,2.86870473928967,0.0105608868191839,"C1_233"
"249","HECO",1939,"B5",265,1.74681313093699,1.82414098165559,0.0187819657694971,"B5_265"
"250","HECO",1939,"C6",493,2.60143958225426,3.69881919629896,0.00825244769835646,"C6_493"
"252","HECO",1939,"C1",252,0.697962032645412,1.46323717692427,0.229104382324719,"C1_252"
"253","HECO",1939,"C1",248,2.25587869815527,2.73735288116272,0.0522053966351218,"C1_248"
"254","HECO",1939,"C1",258,2.24404484621708,3.12169710827303,0.0292611713248632,"C1_258"
"255","HECO",1939,"C1",48,1.70606947314295,1.76875106828037,0.517187131545938,"C1_48"
"256","HECO",1939,"A7",231,1.42357072758397,2.69243949347846,0.00314676105052853,"A7_231"
"257","HECO",1939,"B1",127,0.904889180634718,1.15653344263241,0.00223838009525457,"B1_127"
"258","HECO",1939,"B1",137,1.43492395471175,0.975830313949604,0.0149948894486856,"B1_137"
"259","HECO",1939,"B1",159,2.93881235216127,2.52287928573247,0.103280543544798,"B1_159"
"260","HECO",1939,"E6",118,2.0478008273105,3.23902805523576,0.251795297520532,"E6_118"
"261","HECO",1939,"B5",200,2.01743247698963,2.6434915782821,0.0121772272464835,"B5_200"
"262","HECO",1939,"C1",253,1.23160359207337,2.02226268660271,0.284612868551643,"C1_253"
"263","HECO",1939,"A12",197,1.94165210378337,2.0668257508431,1.57213610255875e-07,"A12_197"
"264","HECO",1939,"C1",254,0.965337592211168,1.15067750172678,4.81028149457064e-05,"C1_254"
"265","HECO",1939,"C1",256,2.0104240308222,2.27969202558549,0.409593155201521,"C1_256"
"266","HECO",1939,"A12",309,0.166301577158411,2.16584756809679,6.14527947330671e-11,"A12_309"
"267","HECO",1939,"E6",95,3.27174199973469,3.26831178835054,0.329687070166878,"E6_95"
"268","HECO",1939,"F2",111,2.16597918966048,2.75578269801507,0.000289472934541171,"F2_111"
"269","HECO",1939,"D3",209,2.36850554209611,2.90547332301054,2.0007527774304e-07,"D3_209"
"270","HECO",1939,"C6",522,0.950254986331064,-0.691195008613831,0.0091041824984274,"C6_522"
"271","HECO",1939,"A7",61,3.1127578201158,3.53214897266042,0.014585463137503,"A7_61"
"272","HECO",1939,"E6",103,1.85945826394624,1.53186486483245,0.00467879588766367,"E6_103"
"273","HECO",1939,"A7",72,2.28746388442023,2.3413281923495,0.00293615391943687,"A7_72"
"274","HECO",1939,"A7",96,1.17138543734849,2.53495460707661,0.192803395252766,"A7_96"
"275","HECO",1939,"B5",219,3.16261046817473,3.39841252368038,0.00620624697137836,"B5_219"
"276","HECO",1939,"F2",83,2.6660574872707,2.69264519337906,0.431300148690101,"F2_83"
"277","HECO",1939,"E6",148,1.86074915580681,-0.289803225893304,2.57568881986694,"E6_148"
"278","HECO",1939,"C6",507,3.08193675756681,4.35799948174444,0.0460411074776008,"C6_507"
"279","HECO",1939,"C6",510,3.37137134019869,4.23509588658163,0.107558268961111,"C6_510"
"280","HECO",1939,"A7",14,2.89517003427067,3.77038719299142,5.43846924751531e-10,"A7_14"
"281","HECO",1939,"C1",261,1.02436322584842,-0.691195008613831,0.0109627506438615,"C1_261"
"282","HECO",1939,"C1",262,2.00745260003267,2.06581913453402,0.00269931054706689,"C1_262"
"283","HECO",1939,"C6",518,2.85139820088223,3.99991551328926,0.187084258125998,"C6_518"
"284","HECO",1939,"C3",191,0.218750563791121,1.28607584234227,3.99680288865056e-15,"C3_191"
"285","HECO",1939,"A7",62,1.76405407408441,3.29502941692112,0.0736666794560915,"A7_62"
"286","HECO",1939,"F2",5,2.88150349701804,3.28400524820552,0.00690427604724097,"F2_5"
"287","HECO",1939,"F2",67,2.71988784082223,3.12358050709599,0.0105326389494894,"F2_67"
"288","HECO",1939,"F2",68,2.99926422941823,2.71849616066907,0.292114361173321,"F2_68"
"289","HECO",1939,"E6",147,2.86102149744187,2.96085714486686,0.436506723758001,"E6_147"
"290","HECO",1939,"B5",56,2.58508539810398,3.71644806232405,0.71654677771256,"B5_56"
"291","HECO",1939,"A12",199,2.70402172249066,2.48024836380724,0.000401032801884161,"A12_199"
"292","HECO",1939,"A12",200,2.20874629295386,2.53472828785287,0.000594294556480591,"A12_200"
"293","HECO",1939,"E6",89,3.27924318788384,3.68292645275533,0.0484313799859114,"E6_89"
"294","HECO",1939,"C6",511,3.2303814163314,3.74403582027833,0.126032092100824,"C6_511"
"295","HECO",1939,"C6",515,3.32253737086928,3.94907955160085,0.00360464074361375,"C6_515"
"296","HECO",1939,"C6",517,2.27575207787247,1.91641982450042,0.190387635269676,"C6_517"
"297","HECO",1939,"D3",210,2.41767415021656,2.99573674662347,1.70154175370187e-07,"D3_210"
"298","HECO",1939,"E6",257,1.51191340089319,3.56436448982836,0.265738150019572,"E6_257"
"299","HECO",1939,"E6",258,2.03006392499829,2.25261079764763,0.0334309953064717,"E6_258"
"300","HECO",1939,"E6",259,1.52850227371167,2.24208261728681,0.0110508710350275,"E6_259"
"301","HECO",1939,"E6",120,2.5293969685997,2.44268245782566,0.179353238128276,"E6_120"
"302","HECO",1939,"B5",282,1.72625907300092,1.71180080817448,0.0663271355919183,"B5_282"
"303","HECO",1939,"E2",240,2.80057708516614,2.98726132897485,0.000680828040058685,"E2_240"
"304","HECO",1939,"E2",438,3.00504555972239,2.69932751864999,0.0252478092149202,"E2_438"
"305","HECO",1939,"E6",159,2.31020035403616,2.91642468873379,0.0914982847735829,"E6_159"
"306","HECO",1939,"B5",222,3.65087076637847,3.8722521191056,0.00013699839616026,"B5_222"
"307","HECO",1939,"B5",229,3.13451091372133,2.9314857773333,0.65087811180259,"B5_229"
"308","HECO",1939,"B5",232,3.31809964804051,3.52450258858023,0.000302046812387246,"B5_232"
"309","HECO",1939,"B5",241,2.23321561518498,2.04614564723863,0.535371938120973,"B5_241"
"310","HECO",1939,"A7",230,1.79982195445773,2.6019838407626,1.38281080728685e-09,"A7_230"
"311","HECO",1939,"D3",211,1.17986613306861,1.96211611453117,1.03475932220251e-13,"D3_211"
"312","HECO",1939,"F2",118,0.267169778302617,3.01466879047455,0.00596101944475432,"F2_118"
"313","HECO",1939,"D5",93,2.92366394553175,2.97785303220226,6.39796203869856e-13,"D5_93"
"314","HECO",1939,"E6",260,3.48706407736852,3.59138608221423,0.0531875819250392,"E6_260"
"315","HECO",1939,"D5",98,2.92006307760627,3.11077108279852,0.000560333590204821,"D5_98"
"316","HECO",1939,"E6",262,2.81855367342943,2.70404773169353,0.121394648679156,"E6_262"
"317","HECO",1939,"B1",167,1.14626858139096,0.99981048737108,3.23083294788211e-07,"B1_167"
"318","HECO",1939,"B5",96,3.78191659684324,3.3471829842581,0.00849324035630866,"B5_96"
"319","HECO",1939,"B1",168,1.17734076501116,0.681011726270578,0.0194112298726474,"B1_168"
"320","HECO",1939,"D1",506,1.74065533247531,1.42004676399529,8.55404124232863e-13,"D1_506"
"321","HECO",1939,"B5",262,3.64819669373118,4.17828306495028,0.000748166234803192,"B5_262"
"322","HECO",1939,"E6",221,2.57357986454591,3.02788618956624,0.58530895295471,"E6_221"
"323","HECO",1939,"B5",244,2.95409601249257,2.3351642347638,1.02798553370642,"B5_244"
"324","HECO",1939,"B5",257,2.26606348411463,-1.38434218917378,1.00907990377469,"B5_257"
"325","HECO",1939,"E6",263,3.14129136210008,2.73685824775932,0.017355572697824,"E6_263"
"326","HECO",1939,"F2",112,1.34913440250771,1.28281736675259,0.0494382537056151,"F2_112"
"327","HECO",1939,"D5",97,2.48157092091367,2.50035707015516,0.00214319215521638,"D5_97"
"328","HECO",1939,"D5",86,2.94707037731889,3.99002180579736,0.00100187495364591,"D5_86"
"329","HECO",1939,"B5",249,2.79780002708547,2.64129112478488,0.0397885029382582,"B5_249"
"330","HECO",1939,"E6",173,2.7886883550141,3.08105692738046,0.00477032590008181,"E6_173"
"331","HECO",1939,"E6",88,1.3879119501704,1.75476522818783,0.0968106096851353,"E6_88"
"332","HECO",1939,"A7",198,1.20807864099658,3.05503366806412,0.0114650324790125,"A7_198"
"333","HECO",1939,"E6",188,2.74055164330743,3.30672329991014,0.0482187673056775,"E6_188"
"334","HECO",1939,"D5",101,1.98457718467307,2.36732656859426,0.00182333737130005,"D5_101"
"335","HECO",1939,"F2",113,1.91063639511471,2.82308600824409,0.000248585287983153,"F2_113"
"336","HECO",1939,"F2",115,0.902062803272319,1.21163693890028,0.000189525872282297,"F2_115"
"337","HECO",1939,"A7",213,1.13117285275761,3.18681277790643,0.219739048142528,"A7_213"
"338","HECO",1939,"A1",147,3.09452925293353,3.22296716616271,2.17071711416605e-07,"A1_147"
"339","HECO",1939,"E6",217,3.44777305626109,3.5213639556825,0.0150597023549487,"E6_217"
"340","HECO",1939,"A7",215,2.23646172879182,2.21831958100256,0.000926558267934368,"A7_215"
"341","HECO",1939,"E6",183,1.90683954088609,2.84822322334206,0.316160802430979,"E6_183"
"342","HECO",1940,"F2",67,3.12358050709599,3.26561463386497,0.00701989142105126,"F2_67"
"343","HECO",1940,"F2",5,3.28400524820552,3.78068151467283,0.00106752889087725,"F2_5"
"344","HECO",1940,"F2",113,2.82308600824409,2.55126886268918,0.000845317767247595,"F2_113"
"345","HECO",1940,"F2",112,1.28281736675259,-1.38434218917378,0.040147473927403,"F2_112"
"346","HECO",1940,"E6",260,3.59138608221423,3.72252366028094,0.1212716257671,"E6_260"
"347","HECO",1940,"A12",199,2.48024836380724,1.90134736950139,0.000776533601671073,"A12_199"
"348","HECO",1940,"F2",118,3.01466879047455,2.55816011207054,0.0666797222047583,"F2_118"
"349","HECO",1940,"F2",111,2.75578269801507,2.62625521978546,0.00222078078306006,"F2_111"
"350","HECO",1940,"D5",86,3.99002180579736,3.0758041817282,0.00026446606796169,"D5_86"
"351","HECO",1940,"D5",93,2.97785303220226,3.7000541498745,7.45647755750787e-13,"D5_93"
"352","HECO",1940,"F2",114,1.31755759081817,2.08123158597391,0.412572558993852,"F2_114"
"353","HECO",1940,"F2",115,1.21163693890028,2.50165461543667,0.000368413773328115,"F2_115"
"354","HECO",1940,"E6",262,2.70404773169353,2.98883007387076,0.446637611134982,"E6_262"
"355","HECO",1940,"B5",232,3.52450258858023,3.68514465736075,0.000583821066129036,"B5_232"
"356","HECO",1940,"B1",167,0.99981048737108,1.36436357768795,3.51837826042129e-15,"B1_167"
"357","HECO",1940,"F2",68,2.71849616066907,2.82335675130274,0.447385478343729,"F2_68"
"358","HECO",1940,"C1",233,2.86870473928967,2.46457339682761,0.0176078774349678,"C1_233"
"359","HECO",1940,"D5",101,2.36732656859426,3.43278040337244,0.0028660611720433,"D5_101"
"360","HECO",1940,"B5",96,3.3471829842581,4.00904052536838,0.00722203704982229,"B5_96"
"361","HECO",1940,"D5",97,2.50035707015516,2.95415240811444,0.00217364001583591,"D5_97"
"362","HECO",1940,"A12",197,2.0668257508431,2.72371817750241,0.00582446365928295,"A12_197"
"363","HECO",1940,"E6",259,2.24208261728681,3.4517722431277,0.000219042710025551,"E6_259"
"364","HECO",1940,"B1",159,2.52287928573247,3.11269814543292,0.00221105507437685,"B1_159"
"365","HECO",1940,"A7",215,2.21831958100256,2.03748470916087,0.032422858664326,"A7_215"
"366","HECO",1940,"E6",263,2.73685824775932,4.01554159678503,0.00272547347158045,"E6_263"
"367","HECO",1940,"E6",88,1.75476522818783,0.978900134144844,0.284061507144266,"E6_88"
"368","HECO",1940,"B5",282,1.71180080817448,2.85536492029369,0.153234814466448,"B5_282"
"369","HECO",1940,"B5",56,3.71644806232405,3.74496377339208,0.0284508270576816,"B5_56"
"370","HECO",1940,"E6",221,3.02788618956624,2.78044165288055,0.5310415707998,"E6_221"
"371","HECO",1940,"B5",280,3.10019124998429,3.57157230486833,0.031635996389606,"B5_280"
"372","HECO",1940,"C6",558,0.668417351424346,2.6698787386955,0.0182210192816943,"C6_558"
"373","HECO",1940,"B1",137,0.975830313949604,1.39240209480435,0.0067703751070894,"B1_137"
"374","HECO",1940,"E2",438,2.69932751864999,2.80900050410465,3.00315281643191e-09,"E2_438"
"375","HECO",1940,"D5",98,3.11077108279852,3.50103330071458,0.000877856815873847,"D5_98"
"376","HECO",1940,"A12",200,2.53472828785287,2.65866677896342,0.000716636858024299,"A12_200"
"377","HECO",1940,"F2",83,2.69264519337906,3.13814916801722,0.445046084302965,"F2_83"
"378","HECO",1940,"E6",95,3.26831178835054,3.1276794792948,0.053088969523093,"E6_95"
"379","HECO",1940,"B1",168,0.681011726270578,1.27843191802353,0.0108011693558935,"B1_168"
"380","HECO",1940,"C6",499,0.299593552724705,2.45844204280572,0.0235070590286421,"C6_499"
"381","HECO",1940,"C6",507,4.35799948174444,4.02727961498346,0.119403701590745,"C6_507"
"382","HECO",1940,"C6",510,4.23509588658163,3.90641840787179,0.159900745957449,"C6_510"
"383","HECO",1940,"E6",217,3.5213639556825,4.29175922522319,0.0339641810907196,"E6_217"
"384","HECO",1940,"E6",257,3.56436448982836,3.01151990944525,0.255795381972345,"E6_257"
"385","HECO",1940,"E6",258,2.25261079764763,3.0866086311441,0.0549981100663978,"E6_258"
"386","HECO",1940,"E2",240,2.98726132897485,2.54381156960341,0.000541626876853758,"E2_240"
"387","HECO",1940,"A7",213,3.18681277790643,2.14786368537519,0.754497623009801,"A7_213"
"388","HECO",1940,"A7",230,2.6019838407626,1.9077629318268,3.25690571421623e-07,"A7_230"
"389","HECO",1940,"A7",231,2.69243949347846,1.84066271236153,0.0113160945596428,"A7_231"
"390","HECO",1940,"E6",269,1.79959487068088,-0.289803225893304,0.00133646591070057,"E6_269"
"391","HECO",1940,"E6",89,3.68292645275533,3.17307808081455,0.203995918947145,"E6_89"
"392","HECO",1940,"C1",230,2.83279304443291,1.591592970276,0.0135128726213734,"C1_230"
"393","HECO",1940,"C1",228,3.77307264092972,4.0423881191723,0.000532746495807423,"C1_228"
"394","HECO",1940,"B5",265,1.82414098165559,2.23807371557781,0.0153763428789934,"B5_265"
"395","HECO",1940,"B5",279,3.26308276669159,3.63742785684691,0.00772345548277604,"B5_279"
"396","HECO",1940,"D3",209,2.90547332301054,2.97950120863377,1.63289991751409e-06,"D3_209"
"397","HECO",1940,"D3",211,1.96211611453117,2.35710117427227,3.03440095925013e-09,"D3_211"
"398","HECO",1940,"C6",532,0.378518603066998,1.30199969918429,0.000937571438201606,"C6_532"
"399","HECO",1940,"B1",127,1.15653344263241,1.88161177745513,3.36709493751961e-08,"B1_127"
"400","HECO",1940,"C6",517,1.91641982450042,2.05032521952572,0.855904310737704,"C6_517"
"401","HECO",1940,"B5",222,3.8722521191056,3.37428222025469,0.000292738330432668,"B5_222"
"402","HECO",1940,"B5",229,2.9314857773333,4.77851940594952,0.432552295234552,"B5_229"
"403","HECO",1940,"C1",258,3.12169710827303,2.65704052876079,0.0348512506018702,"C1_258"
"404","HECO",1940,"C1",262,2.06581913453402,1.25170259648206,0.0019008846532922,"C1_262"
"405","HECO",1940,"A7",234,3.8282894238036,2.72440940372006,0.000640794365382875,"A7_234"
"406","HECO",1940,"A12",203,2.29967512493982,3.49243012456668,0.0423261219560859,"A12_203"
"407","HECO",1940,"A1",157,1.65045076643066,-1.38434218917378,3.12779883195526e-06,"A1_157"
"408","HECO",1940,"C3",191,1.28607584234227,1.85645441351118,3.10862446895044e-15,"C3_191"
"409","HECO",1940,"A7",96,2.53495460707661,2.0335452188619,1.46824785025354,"A7_96"
"410","HECO",1940,"D3",210,2.99573674662347,2.99800920240152,1.9494238703968e-06,"D3_210"
"411","HECO",1940,"C6",518,3.99991551328926,3.39271355415826,0.115140673514603,"C6_518"
"412","HECO",1940,"C1",249,2.32728262389099,3.14122329027919,0.0758494440804778,"C1_249"
"413","HECO",1940,"C6",511,3.74403582027833,3.43351589658931,0.324855362833233,"C6_511"
"414","HECO",1940,"D1",471,2.11028338222753,2.53693477012133,0.000749794593167634,"D1_471"
"415","HECO",1940,"D1",509,1.79386127702082,1.03868858868143,3.35606102871353e-07,"D1_509"
"416","HECO",1940,"C1",256,2.27969202558549,3.26869447205954,0.422849451093228,"C1_256"
"417","HECO",1940,"E6",117,3.41871321330512,3.24568685035012,0.00928790975288351,"E6_117"
"418","HECO",1940,"C1",254,1.15067750172678,0.890692792476491,2.89384149824532e-07,"C1_254"
"419","HECO",1940,"C1",14,2.59707200158863,2.85700570242945,3.45030856188837e-05,"C1_14"
"420","HECO",1940,"A12",309,2.16584756809679,2.50822781281059,0.0436854628624869,"A12_309"
"421","HECO",1940,"A7",72,2.3413281923495,3.08637746192413,0.040003240916363,"A7_72"
"422","HECO",1940,"B5",262,4.17828306495028,4.15744918937761,9.84654274152679e-10,"B5_262"
"423","HECO",1940,"C1",248,2.73735288116272,3.05629962163155,0.0750530112216629,"C1_248"
"424","HECO",1940,"E6",188,3.30672329991014,3.10386945317497,0.0534512776842654,"E6_188"
"425","HECO",1940,"E6",173,3.08105692738046,3.6733788851153,7.9386292200907e-06,"E6_173"
"426","HECO",1940,"E6",107,2.91837701219478,3.34620954633807,0.00177821307797726,"E6_107"
"427","HECO",1940,"B5",219,3.39841252368038,3.86434091824483,0.0124019455426626,"B5_219"
"428","HECO",1940,"A7",198,3.05503366806412,3.15785411178518,0.0163400855566187,"A7_198"
"429","HECO",1940,"E6",103,1.53186486483245,3.68407265559025,0.00222848760665112,"E6_103"
"430","HECO",1940,"A1",156,1.63972820098246,1.53894726502658,1.06080723116667e-05,"A1_156"
"431","HECO",1940,"C1",48,1.76875106828037,-1.38434218917378,0.611214648512997,"C1_48"
"432","HECO",1940,"E6",183,2.84822322334206,2.5453680787744,0.387774807170873,"E6_183"
"433","HECO",1940,"C6",493,3.69881919629896,3.57283588334807,0.00331153351261733,"C6_493"
"434","HECO",1940,"D1",506,1.42004676399529,1.82722579461587,3.23103941165742e-07,"D1_506"
"435","HECO",1940,"C1",253,2.02226268660271,1.36844228289807,0.12363597959975,"C1_253"
"436","HECO",1940,"C6",515,3.94907955160085,4.09467744101991,0.00426021071594807,"C6_515"
"437","HECO",1940,"E6",159,2.91642468873379,3.30877713824171,0.463679172912521,"E6_159"
"438","HECO",1940,"A7",61,3.53214897266042,2.34776787958478,0.130583174220485,"A7_61"
"439","HECO",1940,"A7",62,3.29502941692112,2.4368424547582,0.180541631833698,"A7_62"
"440","HECO",1940,"E6",118,3.23902805523576,3.05546219977522,0.27509916388072,"E6_118"
"441","HECO",1940,"B5",200,2.6434915782821,3.05773564480784,0.00687817844328718,"B5_200"
"442","HECO",1940,"E6",122,2.76139034003807,2.71677159508433,0.116338470315882,"E6_122"
"443","HECO",1940,"C1",250,2.55852854964523,3.18686650764284,0.000168120463408978,"C1_250"
"444","HECO",1940,"A7",156,2.58966258868954,3.10988712483297,0.0146580128468221,"A7_156"
"445","HECO",1940,"E6",147,2.96085714486686,3.08555189185876,0.66463043386702,"E6_147"
"446","HECO",1940,"E6",120,2.44268245782566,1.8783873139737,1.24951586244282,"E6_120"
"447","HECO",1940,"A1",147,3.22296716616271,3.46066009904565,0.00223833386912931,"A1_147"
"448","HECO",1940,"B5",249,2.64129112478488,3.47950399002838,0.0457417358996196,"B5_249"
"449","HECO",1940,"A7",14,3.77038719299142,3.68848161804895,0.00169515578372453,"A7_14"
"450","HECO",1941,"D5",93,3.7000541498745,4.33549918907696,8.15418125285026e-13,"D5_93"
"451","HECO",1941,"D5",101,3.43278040337244,3.82231941943991,0.00774375364808111,"D5_101"
"452","HECO",1941,"B5",282,2.85536492029369,3.71817121258207,0.197558618578031,"B5_282"
"453","HECO",1941,"B5",279,3.63742785684691,4.07551392361423,0.00531235470114534,"B5_279"
"454","HECO",1941,"C1",254,0.890692792476491,1.98789041860905,0.000202479027671873,"C1_254"
"455","HECO",1941,"D5",86,3.0758041817282,2.8193213855648,0.00330250430947848,"D5_86"
"456","HECO",1941,"B5",283,0.812448687539479,3.08223393677229,7.64243042590979e-05,"B5_283"
"457","HECO",1941,"C6",560,1.61236751168697,-0.103348989532648,0.877406895680857,"C6_560"
"458","HECO",1941,"D5",97,2.95415240811444,3.52140624737435,0.000751697075149778,"D5_97"
"459","HECO",1941,"C1",256,3.26869447205954,3.18909163872243,0.0341569792416811,"C1_256"
"460","HECO",1941,"B5",265,2.23807371557781,3.05984699256455,0.0169683645346602,"B5_265"
"461","HECO",1941,"B5",249,3.47950399002838,3.46833943415256,0.0989150809450442,"B5_249"
"462","HECO",1941,"A7",61,2.34776787958478,2.80553064461777,0.0662559758890061,"A7_61"
"463","HECO",1941,"B5",280,3.57157230486833,3.83056164542458,0.073381417265657,"B5_280"
"464","HECO",1941,"C1",258,2.65704052876079,3.16509364990627,0.0492100570391272,"C1_258"
"465","HECO",1941,"B5",96,4.00904052536838,4.46859401976536,0.0554451946462007,"B5_96"
"466","HECO",1941,"C6",558,2.6698787386955,3.06095140123901,0.0140815405017421,"C6_558"
"467","HECO",1941,"A12",309,2.50822781281059,4.36635520672115,0.226737845893321,"A12_309"
"468","HECO",1941,"C6",535,1.51106684405017,-0.691195008613831,0.0867800495264905,"C6_535"
"469","HECO",1941,"C6",550,1.60403148198666,2.57369763347761,0.0134242553310062,"C6_550"
"470","HECO",1941,"D3",213,1.57351561590543,1.14302126116139,0.0116223634862871,"D3_213"
"471","HECO",1941,"A7",234,2.72440940372006,2.86914421661739,7.20551221917926e-10,"A7_234"
"472","HECO",1941,"A7",62,2.4368424547582,2.94324289855241,0.0758332197951776,"A7_62"
"473","HECO",1941,"C6",573,1.29153637935748,2.06084549774141,0.768576088010827,"C6_573"
"474","HECO",1941,"F2",111,2.62625521978546,4.16677620677904,0.00714293944606017,"F2_111"
"475","HECO",1941,"A7",240,0.680742600106319,2.54614233698969,0.0223470323547852,"A7_240"
"476","HECO",1941,"E6",103,3.68407265559025,3.98168528255398,0.0313309936212235,"E6_103"
"477","HECO",1941,"A7",156,3.10988712483297,3.08331406953174,5.82332152384728e-07,"A7_156"
"478","HECO",1941,"A7",198,3.15785411178518,3.68371878173513,0.0970672327182773,"A7_198"
"479","HECO",1941,"C6",554,0.854118469084003,0.56251270631337,0.555011606210263,"C6_554"
"480","HECO",1941,"C6",555,1.01780533592394,0.909564986143352,0.355969378019871,"C6_555"
"481","HECO",1941,"C6",566,1.67617665249735,1.74214789279902,0.00362557934251604,"C6_566"
"482","HECO",1941,"B5",232,3.68514465736075,3.77264793451425,5.24911416436368e-05,"B5_232"
"483","HECO",1941,"F2",83,3.13814916801722,4.05598289227745,0.546715571995537,"F2_83"
"484","HECO",1941,"B1",137,1.39240209480435,1.19684629063851,0.033308601498058,"B1_137"
"485","HECO",1941,"B5",262,4.15744918937761,4.50562681369886,3.479554069886e-08,"B5_262"
"486","HECO",1941,"B5",56,3.74496377339208,3.9471661924594,0.012150039467728,"B5_56"
"487","HECO",1941,"A1",152,1.58753654607528,2.73227385341013,6.08909632190904e-05,"A1_152"
"488","HECO",1941,"F2",113,2.55126886268918,4.38570776305805,0.000217800564870598,"F2_113"
"489","HECO",1941,"A1",155,0.702539056487418,2.99318786613718,0.00237169062975002,"A1_155"
"490","HECO",1941,"F2",114,2.08123158597391,3.68717585274207,0.16751286471982,"F2_114"
"491","HECO",1941,"F2",118,2.55816011207054,4.13182634630687,0.10015513461836,"F2_118"
"492","HECO",1941,"A7",213,2.14786368537519,3.37308701932959,0.299440702691755,"A7_213"
"493","HECO",1941,"A7",215,2.03748470916087,3.10830795391787,0.217572218997946,"A7_215"
"494","HECO",1941,"B5",229,4.77851940594952,4.4240896607081,0.000224219683608952,"B5_229"
"495","HECO",1941,"A7",231,1.84066271236153,3.02420644233586,0.0175923095177934,"A7_231"
"496","HECO",1941,"B1",127,1.88161177745513,-1.38434218917378,0.000745998243426254,"B1_127"
"497","HECO",1941,"D3",211,2.35710117427227,2.36265939634123,4.05400883680955e-05,"D3_211"
"498","HECO",1941,"E6",183,2.5453680787744,2.83561825810266,0.230935771900821,"E6_183"
"499","HECO",1941,"A7",72,3.08637746192413,1.73883919175182,0.0712366651110689,"A7_72"
"500","HECO",1941,"A1",147,3.46066009904565,3.778771440391,0.000226982921977426,"A1_147"
"501","HECO",1941,"E6",257,3.01151990944525,3.3512726583051,0.116727704483085,"E6_257"
"502","HECO",1941,"C3",191,1.85645441351118,2.57084161566063,0,"C3_191"
"503","HECO",1941,"E6",258,3.0866086311441,3.37671166217184,0.046084242627329,"E6_258"
"504","HECO",1941,"A12",203,3.49243012456668,3.4132411721422,0.0705063708640261,"A12_203"
"505","HECO",1941,"A12",306,2.40308927984887,2.4420754692303,0.00346917280428105,"A12_306"
"506","HECO",1941,"C1",250,3.18686650764284,3.60014676402032,0.000386452952320287,"C1_250"
"507","HECO",1941,"A7",230,1.9077629318268,2.34682279196822,1.74279185588347e-06,"A7_230"
"508","HECO",1941,"F2",68,2.82335675130274,1.30928410152139,0.733370191131446,"F2_68"
"509","HECO",1941,"B5",222,3.37428222025469,4.06517464967137,0.00203875597069516,"B5_222"
"510","HECO",1941,"E6",173,3.6733788851153,3.59244793124396,0.000269547091629276,"E6_173"
"511","HECO",1941,"C6",499,2.45844204280572,2.55406723639891,0.254031803316481,"C6_499"
"512","HECO",1941,"D5",98,3.50103330071458,2.55889023510985,0.00820625502536516,"D5_98"
"513","HECO",1941,"E6",217,4.29175922522319,3.98668618635369,0.00539423303035198,"E6_217"
"514","HECO",1941,"E6",221,2.78044165288055,2.97974805014807,1.19230328637791,"E6_221"
"515","HECO",1941,"A12",197,2.72371817750241,3.81700614290296,0.00227517294096294,"A12_197"
"516","HECO",1941,"A12",199,1.90134736950139,3.90556390908735,0.000468319868453656,"A12_199"
"517","HECO",1941,"A7",96,2.0335452188619,2.58318349660071,0.358848980674096,"A7_96"
"518","HECO",1941,"E6",117,3.24568685035012,3.41710213330874,0.00109087664941972,"E6_117"
"519","HECO",1941,"F2",127,0.869249839657968,2.13134441533794,0.0509595743684027,"F2_127"
"520","HECO",1941,"F2",67,3.26561463386497,4.23122348226102,5.58797705311307e-05,"F2_67"
"521","HECO",1941,"B5",219,3.86434091824483,1.51795203045074,0.00706206590243885,"B5_219"
"522","HECO",1941,"E6",159,3.30877713824171,3.16071110602508,0.20448927796131,"E6_159"
"523","HECO",1941,"C6",493,3.57283588334807,2.62183977392494,0.00632399648802269,"C6_493"
"524","HECO",1941,"D1",509,1.03868858868143,0.546315564715873,0.0014471955874742,"D1_509"
"525","HECO",1941,"A7",251,0.300272973781747,2.47365919379212,0.00022794435121335,"A7_251"
"526","HECO",1941,"E6",188,3.10386945317497,3.36296595025789,0.0514314859508887,"E6_188"
"527","HECO",1941,"A7",14,3.68848161804895,3.84415749192413,0.00557484760733359,"A7_14"
"528","HECO",1941,"B1",168,1.27843191802353,2.7715442255387,0.0416082696403559,"B1_168"
"529","HECO",1941,"C6",511,3.43351589658931,3.29581947903982,0.168422561889749,"C6_511"
"530","HECO",1941,"A12",200,2.65866677896342,2.23193843948061,0.00012184240289744,"A12_200"
"531","HECO",1941,"B5",209,2.84331729223508,2.32965388885486,3.36545192613905e-09,"B5_209"
"532","HECO",1941,"C6",524,2.21039046315567,2.50820153795643,0.0118620123978942,"C6_524"
"533","HECO",1941,"C1",253,1.36844228289807,2.53284994838269,0.283325962246784,"C1_253"
"534","HECO",1941,"F2",5,3.78068151467283,4.21811598502511,0.00356835659743747,"F2_5"
"535","HECO",1941,"C6",515,4.09467744101991,3.31340171953634,0.0545680863490019,"C6_515"
"536","HECO",1941,"D3",210,2.99800920240152,3.6007926558978,3.05559353893586e-07,"D3_210"
"537","HECO",1941,"E6",89,3.17307808081455,3.32079033962787,0.239481902141872,"E6_89"
"538","HECO",1941,"E6",95,3.1276794792948,3.24633646005599,0.0344074391415631,"E6_95"
"539","HECO",1941,"B5",200,3.05773564480784,3.55494790079698,0.065629477949487,"B5_200"
"540","HECO",1941,"C6",517,2.05032521952572,2.44909827407949,0.504717967768688,"C6_517"
"541","HECO",1941,"B1",159,3.11269814543292,3.94004468225894,4.8444298952597e-08,"B1_159"
"542","HECO",1941,"C6",510,3.90641840787179,2.88172485093867,0.084723879766557,"C6_510"
"543","HECO",1941,"D1",506,1.82722579461587,1.71513281267661,1.14201941871188e-11,"D1_506"
"544","HECO",1941,"E2",438,2.80900050410465,2.44191148519553,1.84266768026668e-09,"E2_438"
"545","HECO",1941,"A1",156,1.53894726502658,3.01811822113852,0.00101271797067102,"A1_156"
"546","HECO",1941,"C6",532,1.30199969918429,2.27255383064988,0.0238610699067349,"C6_532"
"547","HECO",1941,"C6",507,4.02727961498346,3.74456735765004,0.0379259943674601,"C6_507"
"548","HECO",1941,"F2",32,3.33998792251061,3.29634529271309,0.00549267222970699,"F2_32"
"549","HECO",1941,"E6",147,3.08555189185876,3.90670817289527,0.883552268169003,"E6_147"
"550","HECO",1941,"D3",209,2.97950120863377,3.19987197472765,3.09112360344858e-07,"D3_209"
"551","HECO",1941,"F2",115,2.50165461543667,3.53033028059068,0.0112995313609793,"F2_115"
"552","HECO",1941,"C1",233,2.46457339682761,3.22809424187844,0.0119909803714702,"C1_233"
"553","HECO",1941,"C1",14,2.85700570242945,3.0099086859105,0.000176477471987251,"C1_14"
"554","HECO",1941,"C6",518,3.39271355415826,3.48211703709069,0.0518688950850293,"C6_518"
"555","HECO",1941,"E6",120,1.8783873139737,3.51748727633512,0.620710563161648,"E6_120"
"556","HECO",1941,"E6",118,3.05546219977522,3.72554780755846,0.252426663489196,"E6_118"
"557","HECO",1941,"E6",263,4.01554159678503,3.58535173801006,0.00192454667499001,"E6_263"
"558","HECO",1941,"E6",88,0.978900134144844,2.42682078218649,0.299575119734898,"E6_88"
"559","HECO",1941,"C1",228,4.0423881191723,3.87145242252596,0.000882223679144356,"C1_228"
"560","HECO",1941,"E2",240,2.54381156960341,2.1694713683783,3.0979742046806e-08,"E2_240"
"561","HECO",1941,"C1",248,3.05629962163155,3.61216872649655,0.00292681499543373,"C1_248"
"562","HECO",1941,"C1",249,3.14122329027919,3.17082018487978,0.0439002005896081,"C1_249"
"563","HECO",1941,"D3",208,3.43626695265156,3.10945642692645,4.32678130500769e-07,"D3_208"
"564","HECO",1941,"E6",259,3.4517722431277,2.79907634156959,0.00123849364136182,"E6_259"
"565","HECO",1941,"E6",260,3.72252366028094,3.99047423075149,0.0875841597838283,"E6_260"
"566","HECO",1941,"E6",262,2.98883007387076,3.05154531269615,0.279616662956985,"E6_262"
"567","HECO",1941,"C1",230,1.591592970276,2.29751772873184,0.00949050220128532,"C1_230"
"568","HECO",1942,"D5",101,3.82231941943991,2.61979901628915,0.00313764237227311,"D5_101"
"569","HECO",1942,"A12",315,1.77879957228348,3.19465742614828,1.19313339270651e-10,"A12_315"
"570","HECO",1942,"A12",314,1.06671950398828,0.799328429564684,7.87840694410706e-06,"A12_314"
"571","HECO",1942,"C1",250,3.60014676402032,2.78688516671271,0.00985380859657172,"C1_250"
"572","HECO",1942,"D5",86,2.8193213855648,3.13154838999901,0.0109556947074218,"D5_86"
"573","HECO",1942,"A12",309,4.36635520672115,4.71708006806562,0.15220118371996,"A12_309"
"574","HECO",1942,"D5",109,0.532206120738624,0.982034128602791,1.85026990525013e-05,"D5_109"
"575","HECO",1942,"C1",249,3.17082018487978,1.71049487920173,0.138250896523456,"C1_249"
"576","HECO",1942,"A12",203,3.4132411721422,3.31531369952937,0.609192464238594,"A12_203"
"577","HECO",1942,"C6",555,0.909564986143352,1.87986367105833,0.279982434027154,"C6_555"
"578","HECO",1942,"B5",279,4.07551392361423,3.73717815443847,0.0108602408618724,"B5_279"
"579","HECO",1942,"C6",493,2.62183977392494,-0.697311235631269,0.00633339580173333,"C6_493"
"580","HECO",1942,"C1",253,2.53284994838269,2.14547202867637,0.273495379081082,"C1_253"
"581","HECO",1942,"C6",550,2.57369763347761,2.75913549580047,0.0115370410109886,"C6_550"
"582","HECO",1942,"C1",254,1.98789041860905,1.73680811470642,0.00554201323952081,"C1_254"
"583","HECO",1942,"C1",14,3.0099086859105,2.91953419470803,0.00266124974239615,"C1_14"
"584","HECO",1942,"B5",280,3.83056164542458,2.84454435016678,0.143431320306564,"B5_280"
"585","HECO",1942,"C6",499,2.55406723639891,1.18377004021112,0.275484513132885,"C6_499"
"586","HECO",1942,"A12",199,3.90556390908735,3.80580409483051,0.000597963500695982,"A12_199"
"587","HECO",1942,"B5",283,3.08223393677229,2.8900987224756,2.63009361568719e-06,"B5_283"
"588","HECO",1942,"C1",256,3.18909163872243,2.54805792658313,0.0148140338441445,"C1_256"
"589","HECO",1942,"A12",306,2.4420754692303,0.874955825789458,0.0174472893456962,"A12_306"
"590","HECO",1942,"C1",233,3.22809424187844,3.01870243864123,0.0152516802503566,"C1_233"
"591","HECO",1942,"C6",532,2.27255383064988,2.84513528262575,0.0204150576003939,"C6_532"
"592","HECO",1942,"B5",265,3.05984699256455,2.51492213207479,0.128305788321629,"B5_265"
"593","HECO",1942,"C1",228,3.87145242252596,3.54905607340629,0.00232357296738899,"C1_228"
"594","HECO",1942,"E6",217,3.98668618635369,3.82302830144813,0.0307364582929967,"E6_217"
"595","HECO",1942,"C6",554,0.56251270631337,1.73727736650271,0.169365663052961,"C6_554"
"596","HECO",1942,"C6",507,3.74456735765004,3.96857354031676,0.0185079463504914,"C6_507"
"597","HECO",1942,"D5",93,4.33549918907696,3.34816571377045,1.93795796575882e-13,"D5_93"
"598","HECO",1942,"B5",282,3.71817121258207,2.94866339536188,0.173490068850218,"B5_282"
"599","HECO",1942,"D5",98,2.55889023510985,3.08176111194268,0.0128300094679326,"D5_98"
"600","HECO",1942,"C1",267,0.538306461894533,0.916669423327091,0.718449801911513,"C1_267"
"601","HECO",1942,"F2",61,2.91030415494927,1.91102362257215,1.15049928434487e-05,"F2_61"
"602","HECO",1942,"A12",197,3.81700614290296,3.45103197676578,0.00339043035791192,"A12_197"
"603","HECO",1942,"F2",83,4.05598289227745,4.09963231851062,0.152307604642847,"F2_83"
"604","HECO",1942,"A1",156,3.01811822113852,2.85150600434672,0.0084679571600029,"A1_156"
"605","HECO",1942,"E6",103,3.98168528255398,3.17494590972504,0.00207725226468425,"E6_103"
"606","HECO",1942,"B5",262,4.50562681369886,3.64538997452911,5.021470785137e-07,"B5_262"
"607","HECO",1942,"C1",230,2.29751772873184,2.26585072713886,0.0162471980440732,"C1_230"
"608","HECO",1942,"B1",159,3.94004468225894,3.24506700684251,1.85997631052519e-07,"B1_159"
"609","HECO",1942,"F2",113,4.38570776305805,3.74680828276308,0.00279502703498681,"F2_113"
"610","HECO",1942,"F2",114,3.68717585274207,3.24109506296815,1.74106309137369,"F2_114"
"611","HECO",1942,"D5",97,3.52140624737435,3.47278655918134,0.0163002216019879,"D5_97"
"612","HECO",1942,"E6",147,3.90670817289527,2.51571452191834,0.603261968726651,"E6_147"
"613","HECO",1942,"E6",159,3.16071110602508,2.54070445750782,0.115580002700968,"E6_159"
"614","HECO",1942,"E6",173,3.59244793124396,2.08171843843153,3.18387360073852e-05,"E6_173"
"615","HECO",1942,"F2",67,4.23122348226102,2.74554791332345,0.000496535109486922,"F2_67"
"616","HECO",1942,"E6",188,3.36296595025789,3.52343036770604,0.0419276571558315,"E6_188"
"617","HECO",1942,"C1",304,0.576673499089625,0.356331546200355,0.0109241673542294,"C1_304"
"618","HECO",1942,"E6",221,2.97974805014807,1.04717923057834,1.55746200438685,"E6_221"
"619","HECO",1942,"A12",200,2.23193843948061,1.42271974618154,0.00751477587215565,"A12_200"
"620","HECO",1942,"C6",553,0.665848764778094,-1.38434218917378,0.649227826101865,"C6_553"
"621","HECO",1942,"E6",259,2.79907634156959,1.66232550587606,0.00032081519366342,"E6_259"
"622","HECO",1942,"E6",260,3.99047423075149,3.65093573977046,0.192891346537224,"E6_260"
"623","HECO",1942,"C1",248,3.61216872649655,3.13796051176533,0.0402086788164475,"C1_248"
"624","HECO",1942,"C6",510,2.88172485093867,3.79719851002018,0.282052504509504,"C6_510"
"625","HECO",1942,"C6",511,3.29581947903982,3.23241547747687,0.211609582335108,"C6_511"
"626","HECO",1942,"C6",515,3.31340171953634,1.14036740526538,0.0295210003607614,"C6_515"
"627","HECO",1942,"C1",258,3.16509364990627,2.22634835194406,0.0384403266814881,"C1_258"
"628","HECO",1942,"E6",183,2.83561825810266,2.38838172050733,0.412233454010374,"E6_183"
"629","HECO",1942,"C1",300,0.910806951106798,-0.285729900505666,0.269093665717687,"C1_300"
"630","HECO",1942,"A1",155,2.99318786613718,1.9177653264513,0.00535658511300169,"A1_155"
"631","HECO",1942,"C6",525,0.782547047509381,-1.3484101799477,0.0801767917334473,"C6_525"
"632","HECO",1942,"B5",249,3.46833943415256,3.26603646054008,0.160460591205216,"B5_249"
"633","HECO",1942,"E6",258,3.37671166217184,3.62296111334473,0.0296709544177636,"E6_258"
"634","HECO",1942,"A7",240,2.54614233698969,2.3817791286403,0.151557428416153,"A7_240"
"635","HECO",1942,"F2",111,4.16677620677904,3.31370483061824,0.088364412765055,"F2_111"
"636","HECO",1942,"C3",191,2.57084161566063,2.52676057866453,9.61499546654092e-16,"C3_191"
"637","HECO",1942,"A7",247,1.85975449045214,0.92801694247558,0.447965145392765,"A7_247"
"638","HECO",1942,"B5",289,2.03082057532709,2.08166620350066,0.464072677699404,"B5_289"
"639","HECO",1942,"B5",56,3.9471661924594,3.34486560173345,0.0534381950799535,"B5_56"
"640","HECO",1942,"B5",96,4.46859401976536,3.79687035492415,0.0262603415913146,"B5_96"
"641","HECO",1942,"C6",578,0.82813256227185,1.18747441532573,0.138474415868521,"C6_578"
"642","HECO",1942,"C6",584,0.222653719604772,1.26039223656278,0.0386443609072519,"C6_584"
"643","HECO",1942,"C1",299,0.313492387587705,1.1618575414398,0.221621435039661,"C1_299"
"644","HECO",1942,"A7",96,2.58318349660071,0.00195217194611446,0.970512511431748,"A7_96"
"645","HECO",1942,"C5",124,2.82730712606327,2.5559732738091,0.0163232723163365,"C5_124"
"646","HECO",1942,"A7",238,2.42875230381072,1.88650235754599,3.23019315990899e-05,"A7_238"
"647","HECO",1942,"B1",137,1.19684629063851,0.440378268610917,0.1488189769165,"B1_137"
"648","HECO",1942,"A1",161,0.609622196081162,1.32698086172741,0.101425664472869,"A1_161"
"649","HECO",1942,"B1",168,2.7715442255387,2.85452004156236,0.0291185010192653,"B1_168"
"650","HECO",1942,"E6",118,3.72554780755846,3.81353748910207,0.256804841781433,"E6_118"
"651","HECO",1942,"E6",120,3.51748727633512,2.49221930504213,1.26442858563244,"E6_120"
"652","HECO",1942,"E6",299,1.76594595934383,2.770787802504,0.137567529475645,"E6_299"
"653","HECO",1942,"E6",88,2.42682078218649,0.405030915087623,0.229712835913905,"E6_88"
"654","HECO",1942,"E6",89,3.32079033962787,2.27514668598823,0.154850330627091,"E6_89"
"655","HECO",1942,"C1",288,0.511143309835627,-0.691195008613831,0.0201935706623046,"C1_288"
"656","HECO",1942,"A1",152,2.73227385341013,0.66952408157461,0.00279367463058138,"A1_152"
"657","HECO",1942,"C6",529,0.00195217194611446,-0.285729900505666,0.143131618622334,"C6_529"
"658","HECO",1942,"E2",438,2.44191148519553,-0.28572990050567,3.2411575189582e-07,"E2_438"
"659","HECO",1942,"E6",250,3.5985650592836,3.46546424503422,0.0433359184706633,"E6_250"
"660","HECO",1942,"E6",257,3.3512726583051,2.55109548320855,1.51134128560366,"E6_257"
"661","HECO",1942,"D3",208,3.10945642692645,3.47206623080715,6.63494185153139e-06,"D3_208"
"662","HECO",1942,"D3",209,3.19987197472765,3.456084307697,1.31152725799015e-06,"D3_209"
"663","HECO",1942,"E6",262,3.05154531269615,2.06978185633067,0.469838928380071,"E6_262"
"664","HECO",1942,"E6",271,1.7396718865889,1.91882188389421,0.00281573445852825,"E6_271"
"665","HECO",1942,"C6",558,3.06095140123901,2.71271525043337,0.0743692445100517,"C6_558"
"666","HECO",1942,"C6",566,1.74214789279902,0.914285580581423,0.0235374293210985,"C6_566"
"667","HECO",1942,"C6",573,2.06084549774141,1.10719139425273,0.460499008939239,"C6_573"
"668","HECO",1942,"A1",151,2.58314136247388,1.94974746541729,0.168632056601795,"A1_151"
"669","HECO",1942,"C6",517,2.44909827407949,2.09079713414943,0.183584668279235,"C6_517"
"670","HECO",1942,"F2",5,4.21811598502511,2.50258435171899,0.000118333865845627,"F2_5"
"671","HECO",1942,"C6",524,2.50820153795643,1.928023568559,0.0124651578494621,"C6_524"
"672","HECO",1942,"B5",232,3.77264793451425,3.76152507877834,0.000431561196066687,"B5_232"
"673","HECO",1942,"A1",157,3.23687986941599,2.57626092775619,0.00129609979697217,"A1_157"
"674","HECO",1942,"A1",159,3.01013137593588,2.9164779195168,0.404583106124137,"A1_159"
"675","HECO",1942,"A7",242,1.18979672162484,0.997703741699515,0.773296697815636,"A7_242"
"676","HECO",1942,"A7",246,1.67582870708353,0.665238006773957,0.695816167137384,"A7_246"
"677","HECO",1942,"D3",210,3.6007926558978,3.33520065898293,1.17817258008046e-07,"D3_210"
"678","HECO",1942,"E6",263,3.58535173801006,3.59836375425776,0.00145795273554993,"E6_263"
"679","HECO",1942,"D3",215,0.38473487524267,-1.38434218917378,0.137415734196969,"D3_215"
"680","HECO",1942,"A7",14,3.84415749192413,2.59884908422748,8.34932613062298e-06,"A7_14"
"681","HECO",1942,"A7",156,3.08331406953174,2.00285990942863,1.47449299946809e-05,"A7_156"
"682","HECO",1942,"F2",127,2.13134441533794,1.40431118920613,1.00145858366321,"F2_127"
"683","HECO",1942,"C6",518,3.48211703709069,3.6947753512694,0.0285816649895615,"C6_518"
"684","HECO",1942,"A7",72,1.73883919175182,2.51164259998897,0.0707554291363884,"A7_72"
"685","HECO",1942,"B5",222,4.06517464967137,3.79754261799087,0.00201898558501698,"B5_222"
"686","HECO",1942,"A7",234,2.86914421661739,-0.285729900505666,0.00221883522721973,"A7_234"
"687","HECO",1942,"B5",229,4.4240896607081,3.97748167296711,2.33831988118904e-05,"B5_229"
"688","HECO",1942,"E6",117,3.41710213330874,1.20056483427291,0.0338873069897918,"E6_117"
"689","HECO",1942,"A7",215,3.10830795391787,-0.277632690273044,0.31309488201998,"A7_215"
"691","HECO",1942,"D3",217,0.571626115209284,-1.38434218917378,0.00171874831449556,"D3_217"
"692","HECO",1942,"D3",211,2.36265939634123,2.59021713209126,0.000175459143593853,"D3_211"
"693","HECO",1942,"F2",115,3.53033028059068,3.35819976375886,0.000288910535411785,"F2_115"
"694","HECO",1942,"F2",118,4.13182634630687,3.36808523855487,0.894937423338778,"F2_118"
"695","HECO",1942,"E2",240,2.1694713683783,2.08403415225654,1.14896648283562e-08,"E2_240"
"696","HECO",1942,"F2",32,3.29634529271309,2.06551526859421,7.58112404908629e-06,"F2_32"
"697","HECO",1942,"B5",200,3.55494790079698,2.28845590866237,0.0438704485035069,"B5_200"
"698","HECO",1942,"B5",219,1.51795203045074,2.56692695835175,0.00833278694520743,"B5_219"
"699","HECO",1942,"D3",216,0.935069376810814,-1.38434218917378,0.0249021119401651,"D3_216"
"700","HECO",1942,"E6",95,3.24633646005599,3.62449165290764,0.0344397805321,"E6_95"
"701","HECO",1942,"E6",107,3.45006418588439,1.54599166795548,0.00311706744369853,"E6_107"
"702","HECO",1942,"D3",213,1.14302126116139,1.67532709678474,0.0681705733676066,"D3_213"
"703","HECO",1942,"D3",221,0.513946296244719,-1.38434218917378,0.0183874695705537,"D3_221"
"704","HECO",1942,"A7",251,2.47365919379212,0.88057556909774,4.67739435791244e-05,"A7_251"
"705","HECO",1942,"E6",92,2.79874670675392,2.2029055204515,0.092504668189939,"E6_92"
"706","HECO",1942,"A1",149,2.63194377005511,2.49027014638851,0.179899813707832,"A1_149"
"707","HECO",1942,"D3",220,0.700286098406623,0.673863980946746,0.0228176340920068,"D3_220"
"708","HECO",1942,"D3",222,1.13550953996439,-1.38434218917378,0.00693366994210367,"D3_222"
"709","HECO",1942,"A7",198,3.68371878173513,2.39024304246308,0.136314332101897,"A7_198"
"710","HECO",1942,"A7",230,2.34682279196822,1.55343476530152,0.0016204910749568,"A7_230"
"711","HECO",1942,"A7",213,3.37308701932959,2.34629277615516,0.38412399069515,"A7_213"
"712","HECO",1942,"A7",250,0.409055488852099,0.980404951434292,0.0316670498416616,"A7_250"
"713","HECO",1942,"A1",147,3.778771440391,2.23458121204921,0.12714803497137,"A1_147"
"714","HECO",1942,"A7",62,2.94324289855241,1.72227141565631,0.122298009709521,"A7_62"
"715","HECO",1942,"A7",61,2.80553064461777,-1.38434218917378,0.116529867852579,"A7_61"
"716","HECO",1943,"B1",168,2.85452004156236,2.42756098982366,0.011204313673247,"B1_168"
"717","HECO",1943,"B1",159,3.24506700684251,2.04666224484035,0.00323437382034345,"B1_159"
"718","HECO",1943,"C1",233,3.01870243864123,2.83261957488563,0.0406402153854566,"C1_233"
"719","HECO",1943,"C1",317,0.385525214680539,2.10456841497148,0.00700147643558786,"C1_317"
"720","HECO",1943,"C3",191,2.52676057866453,2.15515110484853,8.18120178477656e-15,"C3_191"
"721","HECO",1943,"C6",584,1.26039223656278,1.39587331899696,0.0884084454884674,"C6_584"
"722","HECO",1943,"B1",137,0.440378268610917,2.13879761916737,0.116317017666521,"B1_137"
"723","HECO",1943,"C6",592,0.232386156523006,-0.289803225893304,0.108118187880606,"C6_592"
"724","HECO",1943,"C1",324,0.722010275747954,2.87740398295408,0.0188523837708855,"C1_324"
"725","HECO",1943,"C1",14,2.91953419470803,3.42449024182886,0.00805879928445051,"C1_14"
"726","HECO",1943,"C1",228,3.54905607340629,3.03608308514684,0.00500593105021964,"C1_228"
"727","HECO",1943,"C6",566,0.914285580581423,1.49879605853365,0.0375988299240393,"C6_566"
"728","HECO",1943,"C1",323,0.477293856299135,0.0967521643200032,0.000939993944303406,"C1_323"
"729","HECO",1943,"C1",230,2.26585072713886,3.34803820262222,0.0157136373904352,"C1_230"
"730","HECO",1943,"C1",321,0.78692940472441,-1.3484101799477,0.319410216004957,"C1_321"
"731","HECO",1943,"C1",248,3.13796051176533,3.73700954435884,0.054828259072832,"C1_248"
"732","HECO",1943,"E6",173,2.08171843843153,2.03496322082645,0.000198671510409073,"E6_173"
"733","HECO",1943,"C6",573,1.10719139425273,1.39680946603977,0.0889942610983479,"C6_573"
"734","HECO",1943,"C6",577,0.681175974791084,-0.297999993097486,0.0782996382484425,"C6_577"
"735","HECO",1943,"B5",56,3.34486560173345,3.71236356079174,0.0481615035698819,"B5_56"
"736","HECO",1943,"C6",554,1.73727736650271,1.58743583459253,0.397672829705423,"C6_554"
"737","HECO",1943,"B5",232,3.76152507877834,3.70816510989676,0.000909859280517525,"B5_232"
"738","HECO",1943,"C1",264,2.01149811499463,3.02309642907805,0.000426697957062644,"C1_264"
"739","HECO",1943,"E6",147,2.51571452191834,3.37307899427488,0.144755350363139,"E6_147"
"740","HECO",1943,"E6",159,2.54070445750782,3.26305597914142,0.0865304471678769,"E6_159"
"741","HECO",1943,"C1",304,0.356331546200355,1.36580573175854,0.0102789149235208,"C1_304"
"742","HECO",1943,"C1",297,0.680283391389416,1.45727483869087,0.398704951571253,"C1_297"
"743","HECO",1943,"C6",609,1.29471657021858,0.410765951700712,0.313541016735052,"C6_609"
"744","HECO",1943,"B1",127,0.108531504708642,0.933205405175266,3.0266168508231e-06,"B1_127"
"746","HECO",1943,"C6",555,1.87986367105833,0.695334663788161,0.342709329408678,"C6_555"
"747","HECO",1943,"C6",558,2.71271525043337,0.821688228345154,0.0247058728606043,"C6_558"
"748","HECO",1943,"B5",295,0.697757513372807,3.05958800980921,0.152522494062621,"B5_295"
"749","HECO",1943,"C6",588,0.22020573796613,-0.289803225893304,0.0507044087414126,"C6_588"
"750","HECO",1943,"B5",96,3.79687035492415,3.17507108850034,0.0139696955201832,"B5_96"
"751","HECO",1943,"A7",96,0.00195217194611446,1.65864373274618,0.424222263104612,"A7_96"
"752","HECO",1943,"C1",267,0.916669423327091,1.49554756612868,0.314851772292006,"C1_267"
"753","HECO",1943,"D5",93,3.34816571377045,2.28564050709167,3.17911308997851e-13,"D5_93"
"754","HECO",1943,"D5",97,3.47278655918134,3.35835839869918,0.0236358481964112,"D5_97"
"755","HECO",1943,"D5",98,3.08176111194268,2.95581497291861,0.0137821332668893,"D5_98"
"756","HECO",1943,"D3",220,0.673863980946746,1.11236137521771,0.000999237738083983,"D3_220"
"757","HECO",1943,"C6",524,1.928023568559,0.959228586275715,0.00407144623078811,"C6_524"
"758","HECO",1943,"E6",183,2.38838172050733,3.2008418500936,0.139401587090316,"E6_183"
"759","HECO",1943,"C6",550,2.75913549580047,1.55144647029218,0.0401768151319852,"C6_550"
"760","HECO",1943,"B5",283,2.8900987224756,2.95813599908715,1.096670939574e-05,"B5_283"
"761","HECO",1943,"B5",288,1.55879723171499,2.74290432938967,0.0936941710628387,"B5_288"
"762","HECO",1943,"B5",229,3.97748167296711,3.73910764811337,0.000220594008244726,"B5_229"
"763","HECO",1943,"C1",258,2.22634835194406,-0.293893211144831,0.0520341789685425,"C1_258"
"764","HECO",1943,"C6",499,1.18377004021112,1.44015772841734,0.237461472167514,"C6_499"
"765","HECO",1943,"C6",507,3.96857354031676,4.0161728431662,0.00668103296053237,"C6_507"
"766","HECO",1943,"C6",510,3.79719851002018,1.98381221844138,0.111295116591988,"C6_510"
"767","HECO",1943,"C1",292,0.639022463772603,-1.38434218917378,0.0950691216712928,"C1_292"
"768","HECO",1943,"C1",294,0.669582404311024,-1.38434218917378,0.00280826084423142,"C1_294"
"769","HECO",1943,"C6",517,2.09079713414943,1.15418347925941,0.208157718678356,"C6_517"
"770","HECO",1943,"A1",147,2.23458121204921,3.13465539035853,0.131661857312054,"A1_147"
"771","HECO",1943,"C6",532,2.84513528262575,1.04790508255444,0.033241368370222,"C6_532"
"772","HECO",1943,"A1",157,2.57626092775619,2.90280067571735,0.00379477845935942,"A1_157"
"773","HECO",1943,"A1",159,2.9164779195168,3.24296366092905,0.14451801556562,"A1_159"
"774","HECO",1943,"A1",161,1.32698086172741,2.70127086824335,0.0784594275719658,"A1_161"
"775","HECO",1943,"F2",83,4.09963231851062,4.3791345519118,6.17650593729621e-05,"F2_83"
"776","HECO",1943,"F2",67,2.74554791332345,3.53005895761738,0.000224493167349591,"F2_67"
"777","HECO",1943,"A7",72,2.51164259998897,3.16114531238726,0.0283144688577981,"A7_72"
"778","HECO",1943,"C1",254,1.73680811470642,3.06702239187902,0.00452040428053422,"C1_254"
"779","HECO",1943,"A7",14,2.59884908422748,2.49411218909844,0.00522292738168966,"A7_14"
"780","HECO",1943,"E2",240,2.08403415225654,2.90985786265117,3.19409724381822e-09,"E2_240"
"781","HECO",1943,"E2",461,0.625332641858236,-0.691195008613831,0.00223864991211903,"E2_461"
"782","HECO",1943,"D3",213,1.67532709678474,1.36846672514567,0.00740718668428937,"D3_213"
"783","HECO",1943,"D3",210,3.33520065898293,2.52287064746893,4.93448233619911e-06,"D3_210"
"784","HECO",1943,"C6",623,0.222653719604772,-1.3484101799477,0.106501511809438,"C6_623"
"785","HECO",1943,"B5",265,2.51492213207479,3.13781316279696,0.0457730490562142,"B5_265"
"786","HECO",1943,"A12",197,3.45103197676578,3.81388666860707,0.00131703436711183,"A12_197"
"787","HECO",1943,"A12",199,3.80580409483051,3.7579820328739,4.53286103909998e-05,"A12_199"
"788","HECO",1943,"B5",289,2.08166620350066,2.53785560281602,0.197580680523774,"B5_289"
"789","HECO",1943,"C1",256,2.54805792658313,-0.289803225893304,0.0159512550211015,"C1_256"
"790","HECO",1943,"C1",253,2.14547202867637,2.94884402467047,0.0897456541112368,"C1_253"
"791","HECO",1943,"E6",250,3.46546424503422,3.54161976375993,0.0113710632394977,"E6_250"
"792","HECO",1943,"E6",257,2.55109548320855,2.53619317187158,0.460353929341907,"E6_257"
"793","HECO",1943,"A7",156,2.00285990942863,2.24218031482255,0.0024305663043085,"A7_156"
"794","HECO",1943,"C6",511,3.23241547747687,3.70449580744544,0.186822587017405,"C6_511"
"795","HECO",1943,"C6",515,1.14036740526538,1.8598332523008,0.0852863034988596,"C6_515"
"796","HECO",1943,"F2",111,3.31370483061824,3.60999352864434,0.00861196357408343,"F2_111"
"797","HECO",1943,"C6",518,3.6947753512694,3.23959286585798,0.014192126815191,"C6_518"
"798","HECO",1943,"A1",149,2.49027014638851,0.532821654010456,0.0946988253251503,"A1_149"
"799","HECO",1943,"E6",188,3.52343036770604,3.44793882799201,0.0327158616440928,"E6_188"
"800","HECO",1943,"E6",217,3.82302830144813,3.87723069801701,0.0574463283512646,"E6_217"
"801","HECO",1943,"A1",164,0.139773295732813,-0.393638196252171,0.662551404801841,"A1_164"
"802","HECO",1943,"A1",165,1.28114560648897,2.14302654129394,0.0747458707130439,"A1_165"
"803","HECO",1943,"F2",5,2.50258435171899,3.56931812990891,0.0031501661387736,"F2_5"
"804","HECO",1943,"F2",142,0.316602871796899,2.04520173206045,0.0057058003976959,"F2_142"
"805","HECO",1943,"D5",101,2.61979901628915,3.22135881262778,0.0223009542561727,"D5_101"
"806","HECO",1943,"B5",200,2.28845590866237,3.02466431736024,0.00894211223875653,"B5_200"
"807","HECO",1943,"E6",118,3.81353748910207,3.40603116377931,0.109640163809066,"E6_118"
"808","HECO",1943,"E6",120,2.49221930504213,3.0963859736391,0.46398579265758,"E6_120"
"809","HECO",1943,"D3",209,3.456084307697,2.76718726172575,3.23326056999832e-07,"D3_209"
"810","HECO",1943,"F2",113,3.74680828276308,3.94935927730084,0.0082184416011207,"F2_113"
"811","HECO",1943,"A7",213,2.34629277615516,3.09123929909406,0.0597225227851725,"A7_213"
"812","HECO",1943,"B5",279,3.73717815443847,2.8594603787506,0.00854594834166829,"B5_279"
"813","HECO",1943,"B5",280,2.84454435016678,3.47428933339327,0.0600398626252461,"B5_280"
"814","HECO",1943,"B5",282,2.94866339536188,3.03481024877094,0.0857049163849058,"B5_282"
"815","HECO",1943,"F2",32,2.06551526859421,2.04663548833807,1.10748074021881e-05,"F2_32"
"816","HECO",1943,"A12",203,3.31531369952937,3.43101902800027,0.874184754707633,"A12_203"
"817","HECO",1943,"E6",221,1.04717923057834,2.67297522013113,0.161215324994298,"E6_221"
"818","HECO",1943,"A7",62,1.72227141565631,1.73108264109648,0.111257511366113,"A7_62"
"819","HECO",1943,"D5",109,0.982034128602791,1.17663167619685,0.00224049108175725,"D5_109"
"820","HECO",1943,"B5",219,2.56692695835175,3.17088222042324,0.00485138232928496,"B5_219"
"821","HECO",1943,"B5",222,3.79754261799087,3.21577116304446,0.00132935176501958,"B5_222"
"822","HECO",1943,"C5",124,2.5559732738091,3.15992989428716,0.0362979219115254,"C5_124"
"823","HECO",1943,"C5",126,1.51499787942308,3.12773352426612,0.0700300540930153,"C5_126"
"824","HECO",1943,"A7",198,2.39024304246308,3.16319427463658,0.0466592731923138,"A7_198"
"825","HECO",1943,"A1",151,1.94974746541729,2.6966859091225,0.138902794314731,"A1_151"
"826","HECO",1943,"A1",155,1.9177653264513,-0.023823064692331,0.0429202492192612,"A1_155"
"827","HECO",1943,"A1",156,2.85150600434672,2.55697078395661,0.0128891419318883,"A1_156"
"828","HECO",1943,"A12",200,1.42271974618154,2.45565095512321,0.00117401692806008,"A12_200"
"829","HECO",1943,"C1",250,2.78688516671271,2.85996487470724,0.035112511913678,"C1_250"
"830","HECO",1943,"F2",127,1.40431118920613,2.00443428537706,0.0774559472325376,"F2_127"
"831","HECO",1943,"A7",251,0.88057556909774,2.79074704602958,0.000285952399500793,"A7_251"
"832","HECO",1943,"A12",306,0.874955825789458,2.47000736007744,0.0345875126491823,"A12_306"
"833","HECO",1943,"E6",258,3.62296111334473,3.20408418646257,0.0458228872514356,"E6_258"
"834","HECO",1943,"D5",86,3.13154838999901,2.46859084137045,0.00134282519222907,"D5_86"
"835","HECO",1943,"D3",208,3.47206623080715,2.56902617419356,3.66597776770694e-06,"D3_208"
"836","HECO",1943,"E6",260,3.65093573977046,3.12127716047071,0.0251674290255932,"E6_260"
"837","HECO",1943,"C1",249,1.71049487920173,3.22334015235496,0.123877146165758,"C1_249"
"838","HECO",1943,"B5",249,3.26603646054008,3.22527144406526,0.0401174303775363,"B5_249"
"839","HECO",1943,"B5",262,3.64538997452911,3.05809369694477,0.00114963290619057,"B5_262"
"840","HECO",1943,"E6",302,0.199462809702666,0.729411398678938,0.163159970617939,"E6_302"
"841","HECO",1943,"A12",314,0.799328429564684,2.13519937413809,3.23097724304413e-07,"A12_314"
"842","HECO",1943,"E6",95,3.62449165290764,3.83216568062435,0.0600129001522304,"E6_95"
"843","HECO",1943,"A7",247,0.92801694247558,2.97059285369324,0.0855224583864325,"A7_247"
"844","HECO",1943,"F2",114,3.24109506296815,3.38358655608981,0.44155471097988,"F2_114"
"845","HECO",1943,"E6",281,0.601460309447318,1.73444334722965,0.0495968101792161,"E6_281"
"846","HECO",1943,"A12",309,4.71708006806562,4.84049637242234,0.0613456847831511,"A12_309"
"847","HECO",1943,"E6",259,1.66232550587606,1.95947049638237,0.00045308722561407,"E6_259"
"848","HECO",1943,"E6",271,1.91882188389421,2.54788380647014,0.00213188835130303,"E6_271"
"849","HECO",1943,"A7",238,1.88650235754599,2.6843554831991,1.08584536159119e-05,"A7_238"
"850","HECO",1943,"E6",89,2.27514668598823,1.19086639943939,0.100041141378813,"E6_89"
"851","HECO",1943,"E6",263,3.59836375425776,3.5264501031341,0.00149116722138285,"E6_263"
"852","HECO",1943,"A7",240,2.3817791286403,3.43990935839295,0.121808982641354,"A7_240"
"853","HECO",1943,"A7",230,1.55343476530152,1.59533988924667,0.00228484857759749,"A7_230"
"854","HECO",1943,"F2",118,3.36808523855487,3.66943688607266,0.295916977664101,"F2_118"
"855","HECO",1943,"E6",103,3.17494590972504,3.31999550533946,0.00646226556186023,"E6_103"
"856","HECO",1943,"E6",88,0.405030915087623,1.94631443268809,0.261457733610984,"E6_88"
"857","HECO",1943,"E6",262,2.06978185633067,2.64608111233627,0.461525452106724,"E6_262"
"858","HECO",1943,"F2",115,3.35819976375886,3.18765719104981,1.37872012522491e-05,"F2_115"
"859","HECO",1943,"E6",299,2.770787802504,3.19989253919916,0.101322554922697,"E6_299"
"860","HECO",1944,"C6",566,1.49879605853365,2.1550382449786,0.0238523343694743,"C6_566"
"861","HECO",1944,"C1",297,1.45727483869087,3.00219719987576,0.720493594700596,"C1_297"
"862","HECO",1944,"A1",151,2.6966859091225,0.560707030865843,0.0567601941475781,"A1_151"
"863","HECO",1944,"B1",185,0.809217273153948,0.920220314862336,0.00148742396634222,"B1_185"
"864","HECO",1944,"D1",529,1.57354490499988,0.82061691312764,0.000753831736207652,"D1_529"
"865","HECO",1944,"A1",159,3.24296366092905,1.91447103153798,0.20590508760022,"A1_159"
"866","HECO",1944,"A1",157,2.90280067571735,2.6390508464849,0.00773072309724288,"A1_157"
"867","HECO",1944,"C1",304,1.36580573175854,2.4804538168101,0.0144153676398295,"C1_304"
"868","HECO",1944,"C1",254,3.06702239187902,3.03291657282778,4.11555623724107e-05,"C1_254"
"869","HECO",1944,"C1",253,2.94884402467047,-1.38434218917378,0.249873269511002,"C1_253"
"870","HECO",1944,"B1",168,2.42756098982366,2.56896938863351,0.0902869586526844,"B1_168"
"871","HECO",1944,"B1",127,0.933205405175266,0.671886481862002,2.6538004424934e-06,"B1_127"
"872","HECO",1944,"C6",558,0.821688228345154,2.381981230557,0.0266145527630992,"C6_558"
"873","HECO",1944,"C1",299,1.4930045086604,1.58320382124829,0.489399712426728,"C1_299"
"874","HECO",1944,"C6",555,0.695334663788161,1.17485356235347,0.366162591735122,"C6_555"
"875","HECO",1944,"E6",188,3.44793882799201,3.6616209486593,0.059457382956029,"E6_188"
"876","HECO",1944,"B5",200,3.02466431736024,2.93784512237353,0.0330870121361318,"B5_200"
"877","HECO",1944,"A1",156,2.55697078395661,1.00587257012911,0.0861856526598325,"A1_156"
"878","HECO",1944,"E6",95,3.83216568062435,3.99060988837387,0.0814708284774736,"E6_95"
"879","HECO",1944,"C6",573,1.39680946603977,1.79643935493065,0.0386012385782597,"C6_573"
"880","HECO",1944,"A12",309,4.84049637242234,4.46897260514856,0.206909114605792,"A12_309"
"881","HECO",1944,"B5",219,3.17088222042324,1.88470185804831,0.00835894541405063,"B5_219"
"882","HECO",1944,"C1",249,3.22334015235496,1.46821021885546,0.250592651074877,"C1_249"
"883","HECO",1944,"B1",137,2.13879761916737,2.20889675547278,0.0923447231631463,"B1_137"
"884","HECO",1944,"C1",230,3.34803820262222,3.61859109246975,0.0126634819804098,"C1_230"
"885","HECO",1944,"C1",288,0.230675389378374,-0.213283362325801,0.0586505069446686,"C1_288"
"886","HECO",1944,"E6",173,2.03496322082645,3.17581732590867,0.00321682424186761,"E6_173"
"887","HECO",1944,"E6",183,3.2008418500936,3.66503852304765,0.200581051772998,"E6_183"
"888","HECO",1944,"D1",527,1.53814383471916,1.86634044119083,0.0266865392302197,"D1_527"
"889","HECO",1944,"B1",159,2.04666224484035,2.44747860901265,0.0111044342461639,"B1_159"
"890","HECO",1944,"D1",530,0.912133537773444,1.53956398427299,0.00548562358399591,"D1_530"
"891","HECO",1944,"B5",229,3.73910764811337,2.69626995901999,3.72006716181797e-05,"B5_229"
"892","HECO",1944,"C6",499,1.44015772841734,2.00053532048206,0.139652037753512,"C6_499"
"893","HECO",1944,"F2",114,3.38358655608981,2.83662137929955,0.293107732204669,"F2_114"
"894","HECO",1944,"C1",250,2.85996487470724,1.02051988551034,0.142283401844358,"C1_250"
"895","HECO",1944,"C1",248,3.73700954435884,3.3927218065376,0.0456400139590066,"C1_248"
"896","HECO",1944,"C1",233,2.83261957488563,2.86176595036649,0.0230125703281127,"C1_233"
"897","HECO",1944,"C6",609,0.410765951700712,1.90822188227622,0.128431611541,"C6_609"
"898","HECO",1944,"E6",120,3.0963859736391,3.22640111403673,0.288934148668438,"E6_120"
"899","HECO",1944,"E6",159,3.26305597914142,3.39411957386203,0.0166797623275661,"E6_159"
"900","HECO",1944,"F2",111,3.60999352864434,3.4357668880685,0.00403835015789242,"F2_111"
"901","HECO",1944,"F2",113,3.94935927730084,3.31818548935596,0.00500283351067263,"F2_113"
"902","HECO",1944,"C6",554,1.58743583459253,1.94383041945385,0.265418453199264,"C6_554"
"903","HECO",1944,"B5",222,3.21577116304446,2.31757910746355,9.50240707341967e-05,"B5_222"
"904","HECO",1944,"E6",88,1.94631443268809,2.63184582994683,0.288598976111915,"E6_88"
"905","HECO",1944,"E6",89,1.19086639943939,-0.691195008613831,0.151094573718314,"E6_89"
"906","HECO",1944,"C6",507,4.0161728431662,4.00110339635357,0.0164652140976076,"C6_507"
"907","HECO",1944,"C6",510,1.98381221844138,2.61336458890591,0.129929889012519,"C6_510"
"908","HECO",1944,"A1",149,0.532821654010456,2.43113689445596,0.40150092574088,"A1_149"
"909","HECO",1944,"A1",147,3.13465539035853,1.82927332708917,0.0322761756686631,"A1_147"
"910","HECO",1944,"C1",228,3.03608308514684,2.95500665790989,0.000775657057979789,"C1_228"
"911","HECO",1944,"E6",118,3.40603116377931,3.70034662751903,0.235684310921106,"E6_118"
"912","HECO",1944,"A7",14,2.49411218909844,1.74085141474603,0.047047487320404,"A7_14"
"913","HECO",1944,"E6",147,3.37307899427488,3.61172794319471,0.127402384061213,"E6_147"
"914","HECO",1944,"E2",240,2.90985786265117,1.36931268743602,5.27372280050036e-10,"E2_240"
"915","HECO",1944,"A7",213,3.09123929909406,2.6254530191375,0.19047007797989,"A7_213"
"916","HECO",1944,"E6",302,0.729411398678938,1.27778333600083,0.23048175259568,"E6_302"
"917","HECO",1944,"F2",115,3.18765719104981,2.99180677442156,0.000121230953476417,"F2_115"
"918","HECO",1944,"E6",217,3.87723069801701,3.85612078873334,0.0225616337537142,"E6_217"
"919","HECO",1944,"D5",93,2.28564050709167,3.44496824717802,2.75694258725316e-13,"D5_93"
"920","HECO",1944,"D5",98,2.95581497291861,3.62111070965026,0.030590181021385,"D5_98"
"921","HECO",1944,"C6",511,3.70449580744544,3.10866356658226,0.0412707176416131,"C6_511"
"922","HECO",1944,"C6",604,0.250418763467732,1.24098286102961,0.108458071003182,"C6_604"
"923","HECO",1944,"C6",584,1.39587331899696,1.20609383303436,0.0330508543385775,"C6_584"
"924","HECO",1944,"D3",222,1.43793125680363,0.788889231299423,0.000333597000564714,"D3_222"
"925","HECO",1944,"C6",515,1.8598332523008,2.55248016260926,0.00407832832990653,"C6_515"
"926","HECO",1944,"C6",611,0.00195217194611446,1.71374121978072,0.264978828071517,"C6_611"
"927","HECO",1944,"A7",198,3.16319427463658,1.84563205246853,0.0425947435972354,"A7_198"
"928","HECO",1944,"C6",550,1.55144647029218,1.72332830929069,0.0148069092804926,"C6_550"
"929","HECO",1944,"A7",215,1.93678974662366,1.69917742606591,0.160110919805601,"A7_215"
"930","HECO",1944,"A12",306,2.47000736007744,0.100736162907818,0.0311891113198105,"A12_306"
"931","HECO",1944,"D3",208,2.56902617419356,1.28602973860063,1.27536330259345e-05,"D3_208"
"932","HECO",1944,"B5",232,3.70816510989676,2.90040630686842,0.000365697870327735,"B5_232"
"933","HECO",1944,"B5",249,3.22527144406526,1.94991502378335,0.0819059581308104,"B5_249"
"934","HECO",1944,"B5",262,3.05809369694477,3.13085799962674,4.05990189656793e-05,"B5_262"
"935","HECO",1944,"B5",265,3.13781316279696,2.66009159928272,0.234380338818153,"B5_265"
"936","HECO",1944,"C1",14,3.42449024182886,3.43704920218494,0.00581819890991185,"C1_14"
"937","HECO",1944,"E6",103,3.31999550533946,3.39520099750758,0.0158100005048693,"E6_103"
"938","HECO",1944,"E6",259,1.95947049638237,2.58170120540117,0.00502117290783679,"E6_259"
"939","HECO",1944,"C6",517,1.15418347925941,2.51923198131823,0.226969417802815,"C6_517"
"940","HECO",1944,"C6",532,1.04790508255444,2.31857755926934,0.0201484820222323,"C6_532"
"941","HECO",1944,"D1",521,1.45466930117426,2.30330810032244,0.114614349165933,"D1_521"
"942","HECO",1944,"D1",526,1.52713391358934,1.97571594577395,0.136485284835915,"D1_526"
"943","HECO",1944,"A12",203,3.43101902800027,2.83193704017768,2.0316857385682,"A12_203"
"944","HECO",1944,"A7",230,1.59533988924667,1.15650973261093,0.0293763465163982,"A7_230"
"945","HECO",1944,"A12",314,2.13519937413809,2.14166444496995,3.26810169186377e-05,"A12_314"
"946","HECO",1944,"A12",316,1.98491557787104,0.595222139045332,0.0153763249527497,"A12_316"
"947","HECO",1944,"A12",317,0.318278531152426,0.80579142125639,0.0983660989160829,"A12_317"
"948","HECO",1944,"C6",579,0.225095723260324,1.95529952127661,0.0320540560594108,"C6_579"
"949","HECO",1944,"E6",258,3.20408418646257,3.03471431922168,0.0907975351608172,"E6_258"
"950","HECO",1944,"B5",279,2.8594603787506,-0.0693963840755998,0.0610135702144353,"B5_279"
"951","HECO",1944,"F2",142,2.04520173206045,2.55062869038559,0.0057598222546995,"F2_142"
"952","HECO",1944,"E6",260,3.12127716047071,4.01868531628749,0.0453412201191947,"E6_260"
"953","HECO",1944,"A7",156,2.24218031482255,2.51442834163239,0.000728238806717855,"A7_156"
"954","HECO",1944,"D1",509,1.55908881113111,2.21480695992408,0.0253566658255477,"D1_509"
"955","HECO",1944,"D1",522,1.65688605169559,1.85790137327867,0.136103666396462,"D1_522"
"956","HECO",1944,"C5",123,3.27007329714374,3.35068694425872,0.0325335955410703,"C5_123"
"957","HECO",1944,"E6",299,3.19989253919916,3.26539541594489,0.0844415899519368,"E6_299"
"958","HECO",1944,"A7",238,2.6843554831991,-0.00416405507132406,0.00022545991892187,"A7_238"
"959","HECO",1944,"E6",221,2.67297522013113,2.97491681790837,0.299904186389605,"E6_221"
"960","HECO",1944,"A1",161,2.70127086824335,2.00905740554114,0.0747411964710096,"A1_161"
"961","HECO",1944,"A1",165,2.14302654129394,2.5784600739435,0.0213983097422568,"A1_165"
"962","HECO",1944,"D3",217,0.132915581119168,1.07471040383642,0.00682979359815345,"D3_217"
"963","HECO",1944,"D3",220,1.11236137521771,1.15466776874807,0.00529059834138009,"D3_220"
"964","HECO",1944,"F2",127,2.00443428537706,2.29522130368735,0.0358426946999534,"F2_127"
"965","HECO",1944,"A7",62,1.73108264109648,2.24365145422443,0.0319404495248874,"A7_62"
"966","HECO",1944,"C1",317,2.10456841497148,0.975200437562016,0.00183640730985818,"C1_317"
"967","HECO",1944,"A7",96,1.65864373274618,0.798074660572678,1.29678293499737,"A7_96"
"968","HECO",1944,"C6",518,3.23959286585798,4.17797624625843,0.0215967506656213,"C6_518"
"969","HECO",1944,"C6",524,0.959228586275715,1.57832517544457,0.00173953814626691,"C6_524"
"970","HECO",1944,"C5",124,3.15992989428716,3.22265817464091,0.0426117275458436,"C5_124"
"971","HECO",1944,"B5",96,3.17507108850034,2.22283599776636,0.145450168206543,"B5_96"
"972","HECO",1944,"D5",109,1.17663167619685,2.60308557339516,0.00548552528719657,"D5_109"
"973","HECO",1944,"D5",86,2.46859084137045,3.66495251282072,0.0133958065462733,"D5_86"
"974","HECO",1944,"C3",191,2.15515110484853,0.946312490908951,4.80749773327046e-16,"C3_191"
"975","HECO",1944,"E6",257,2.53619317187158,2.74252572890927,0.459787121914038,"E6_257"
"976","HECO",1944,"A7",261,0.843061054494847,0.815429671605211,0.353482548732463,"A7_261"
"977","HECO",1944,"C1",324,2.87740398295408,0.750925958167553,0.104330064443001,"C1_324"
"978","HECO",1944,"A12",197,3.81388666860707,3.59922508279133,0.00541924869412237,"A12_197"
"979","HECO",1944,"A7",72,3.16114531238726,2.64612429195952,0.0565478294374502,"A7_72"
"980","HECO",1944,"F2",5,3.56931812990891,3.44557679955063,2.53290202204579e-05,"F2_5"
"981","HECO",1944,"B5",295,3.05958800980921,2.25229394053844,0.280930621428417,"B5_295"
"982","HECO",1944,"A7",240,3.43990935839295,2.42778306956547,0.00125882527123953,"A7_240"
"983","HECO",1944,"E6",281,1.73444334722965,2.55985518974595,0.102307090460766,"E6_281"
"984","HECO",1944,"E6",276,0.931033986002732,1.84029722905143,0.232657706340241,"E6_276"
"985","HECO",1944,"A7",251,2.79074704602958,2.37597558639802,0.0541539071800538,"A7_251"
"986","HECO",1944,"F2",67,3.53005895761738,3.70821166797669,0.0113565261352871,"F2_67"
"987","HECO",1944,"C5",132,1.09678614673364,1.89858523075958,1.03179706542329e-12,"C5_132"
"988","HECO",1944,"D3",210,2.52287064746893,2.90077818334279,1.44975226426116e-07,"D3_210"
"989","HECO",1944,"A12",200,2.45565095512321,2.5922197632595,0.00166470554453432,"A12_200"
"990","HECO",1944,"C5",126,3.12773352426612,2.70781203820915,0.0187686963105444,"C5_126"
"991","HECO",1944,"E6",262,2.64608111233627,3.26647522511216,0.67121171279636,"E6_262"
"992","HECO",1944,"F2",32,2.04663548833807,1.9002661341071,3.70595322451105e-08,"F2_32"
"993","HECO",1944,"A7",247,2.97059285369324,1.61477759013981,0.00549917683341206,"A7_247"
"994","HECO",1944,"F2",120,3.06298339349794,3.13736647126852,1.07478500223865e-07,"F2_120"
"995","HECO",1944,"B5",56,3.71236356079174,3.49515028205479,0.156160374500446,"B5_56"
"996","HECO",1944,"A12",199,3.7579820328739,3.27460677499775,0.000204299948247425,"A12_199"
"997","HECO",1944,"E6",263,3.5264501031341,4.40487952071844,0.00716388168006269,"E6_263"
"998","HECO",1944,"E6",266,1.42727009071038,2.75622859471144,0.0559075619544219,"E6_266"
"999","HECO",1944,"B5",283,2.95813599908715,2.39478783750274,2.23222680713471e-07,"B5_283"
"1000","HECO",1944,"E6",250,3.54161976375993,3.8214346620492,0.0500658038363759,"E6_250"
"1001","HECO",1944,"D3",209,2.76718726172575,2.61793979946156,4.69319246424289e-06,"D3_209"
"1002","HECO",1944,"D5",101,3.22135881262778,3.63397981790865,0.0826347163910007,"D5_101"
"1003","HECO",1944,"F2",83,4.3791345519118,3.85633577584905,0.00107368491232312,"F2_83"
"1004","HECO",1944,"C5",128,0.633725587501983,1.3612169967741,0.214839349425152,"C5_128"
"1005","HECO",1944,"B5",289,2.53785560281602,2.017262897914,0.654387069625128,"B5_289"
"1006","HECO",1944,"F2",118,3.66943688607266,3.88326960571348,0.139559353459958,"F2_118"
"1007","HECO",1944,"C5",131,1.43720848663275,1.65519269901386,7.18359860209212e-10,"C5_131"
"1008","HECO",1944,"E6",271,2.54788380647014,3.39258787269397,0.0115254841227182,"E6_271"
"1009","HECO",1944,"B5",280,3.47428933339327,3.39774448520804,0.14951106003993,"B5_280"
"1010","HECO",1944,"B5",282,3.03481024877094,2.47767825296503,0.306105480764926,"B5_282"
